# cnpg bridge tuning verification v1, rate=48000, gate=+/-2.000 cents over MIDI 21-96 inside the provisional Normal range (ADR 0007 D7: coupling <= 0.35, resonance <= 330 Hz, damping 0.15-1.00)
coupling,resonanceHz,damping,midiNote,targetHz,centsError,compensationSamples,converged,normalRange
0.000,20.0,0.050,21,27.5000,-0.000536,0.000000,1,0
0.000,20.0,0.050,33,55.0000,0.000017,0.000000,1,0
0.000,20.0,0.050,40,82.4069,0.000200,0.000000,1,0
0.000,20.0,0.050,45,110.0000,-0.000010,0.000000,1,0
0.000,20.0,0.050,52,164.8138,0.000098,0.000000,1,0
0.000,20.0,0.050,57,220.0000,-0.000010,0.000000,1,0
0.000,20.0,0.050,64,329.6276,-0.000002,0.000000,1,0
0.000,20.0,0.050,69,440.0000,-0.000009,0.000000,1,0
0.000,20.0,0.050,76,659.2551,0.000013,0.000000,1,0
0.000,20.0,0.050,81,880.0000,-0.000009,0.000000,1,0
0.000,20.0,0.050,88,1318.5102,0.000047,0.000000,1,0
0.000,20.0,0.050,93,1760.0000,-0.000009,0.000000,1,0
0.000,20.0,0.050,96,2093.0045,0.000102,0.000000,1,0
0.000,20.0,0.150,21,27.5000,-0.000536,0.000000,1,1
0.000,20.0,0.150,33,55.0000,0.000017,0.000000,1,1
0.000,20.0,0.150,40,82.4069,0.000200,0.000000,1,1
0.000,20.0,0.150,45,110.0000,-0.000010,0.000000,1,1
0.000,20.0,0.150,52,164.8138,0.000098,0.000000,1,1
0.000,20.0,0.150,57,220.0000,-0.000010,0.000000,1,1
0.000,20.0,0.150,64,329.6276,-0.000002,0.000000,1,1
0.000,20.0,0.150,69,440.0000,-0.000009,0.000000,1,1
0.000,20.0,0.150,76,659.2551,0.000013,0.000000,1,1
0.000,20.0,0.150,81,880.0000,-0.000009,0.000000,1,1
0.000,20.0,0.150,88,1318.5102,0.000047,0.000000,1,1
0.000,20.0,0.150,93,1760.0000,-0.000009,0.000000,1,1
0.000,20.0,0.150,96,2093.0045,0.000102,0.000000,1,1
0.000,20.0,0.500,21,27.5000,-0.000536,0.000000,1,1
0.000,20.0,0.500,33,55.0000,0.000017,0.000000,1,1
0.000,20.0,0.500,40,82.4069,0.000200,0.000000,1,1
0.000,20.0,0.500,45,110.0000,-0.000010,0.000000,1,1
0.000,20.0,0.500,52,164.8138,0.000098,0.000000,1,1
0.000,20.0,0.500,57,220.0000,-0.000010,0.000000,1,1
0.000,20.0,0.500,64,329.6276,-0.000002,0.000000,1,1
0.000,20.0,0.500,69,440.0000,-0.000009,0.000000,1,1
0.000,20.0,0.500,76,659.2551,0.000013,0.000000,1,1
0.000,20.0,0.500,81,880.0000,-0.000009,0.000000,1,1
0.000,20.0,0.500,88,1318.5102,0.000047,0.000000,1,1
0.000,20.0,0.500,93,1760.0000,-0.000009,0.000000,1,1
0.000,20.0,0.500,96,2093.0045,0.000102,0.000000,1,1
0.000,20.0,1.000,21,27.5000,-0.000536,0.000000,1,1
0.000,20.0,1.000,33,55.0000,0.000017,0.000000,1,1
0.000,20.0,1.000,40,82.4069,0.000200,0.000000,1,1
0.000,20.0,1.000,45,110.0000,-0.000010,0.000000,1,1
0.000,20.0,1.000,52,164.8138,0.000098,0.000000,1,1
0.000,20.0,1.000,57,220.0000,-0.000010,0.000000,1,1
0.000,20.0,1.000,64,329.6276,-0.000002,0.000000,1,1
0.000,20.0,1.000,69,440.0000,-0.000009,0.000000,1,1
0.000,20.0,1.000,76,659.2551,0.000013,0.000000,1,1
0.000,20.0,1.000,81,880.0000,-0.000009,0.000000,1,1
0.000,20.0,1.000,88,1318.5102,0.000047,0.000000,1,1
0.000,20.0,1.000,93,1760.0000,-0.000009,0.000000,1,1
0.000,20.0,1.000,96,2093.0045,0.000102,0.000000,1,1
0.000,20.0,4.000,21,27.5000,-0.000536,0.000000,1,0
0.000,20.0,4.000,33,55.0000,0.000017,0.000000,1,0
0.000,20.0,4.000,40,82.4069,0.000200,0.000000,1,0
0.000,20.0,4.000,45,110.0000,-0.000010,0.000000,1,0
0.000,20.0,4.000,52,164.8138,0.000098,0.000000,1,0
0.000,20.0,4.000,57,220.0000,-0.000010,0.000000,1,0
0.000,20.0,4.000,64,329.6276,-0.000002,0.000000,1,0
0.000,20.0,4.000,69,440.0000,-0.000009,0.000000,1,0
0.000,20.0,4.000,76,659.2551,0.000013,0.000000,1,0
0.000,20.0,4.000,81,880.0000,-0.000009,0.000000,1,0
0.000,20.0,4.000,88,1318.5102,0.000047,0.000000,1,0
0.000,20.0,4.000,93,1760.0000,-0.000009,0.000000,1,0
0.000,20.0,4.000,96,2093.0045,0.000102,0.000000,1,0
0.000,110.0,0.050,21,27.5000,-0.000536,0.000000,1,0
0.000,110.0,0.050,33,55.0000,0.000017,0.000000,1,0
0.000,110.0,0.050,40,82.4069,0.000200,0.000000,1,0
0.000,110.0,0.050,45,110.0000,-0.000010,0.000000,1,0
0.000,110.0,0.050,52,164.8138,0.000098,0.000000,1,0
0.000,110.0,0.050,57,220.0000,-0.000010,0.000000,1,0
0.000,110.0,0.050,64,329.6276,-0.000002,0.000000,1,0
0.000,110.0,0.050,69,440.0000,-0.000009,0.000000,1,0
0.000,110.0,0.050,76,659.2551,0.000013,0.000000,1,0
0.000,110.0,0.050,81,880.0000,-0.000009,0.000000,1,0
0.000,110.0,0.050,88,1318.5102,0.000047,0.000000,1,0
0.000,110.0,0.050,93,1760.0000,-0.000009,0.000000,1,0
0.000,110.0,0.050,96,2093.0045,0.000102,0.000000,1,0
0.000,110.0,0.150,21,27.5000,-0.000536,0.000000,1,1
0.000,110.0,0.150,33,55.0000,0.000017,0.000000,1,1
0.000,110.0,0.150,40,82.4069,0.000200,0.000000,1,1
0.000,110.0,0.150,45,110.0000,-0.000010,0.000000,1,1
0.000,110.0,0.150,52,164.8138,0.000098,0.000000,1,1
0.000,110.0,0.150,57,220.0000,-0.000010,0.000000,1,1
0.000,110.0,0.150,64,329.6276,-0.000002,0.000000,1,1
0.000,110.0,0.150,69,440.0000,-0.000009,0.000000,1,1
0.000,110.0,0.150,76,659.2551,0.000013,0.000000,1,1
0.000,110.0,0.150,81,880.0000,-0.000009,0.000000,1,1
0.000,110.0,0.150,88,1318.5102,0.000047,0.000000,1,1
0.000,110.0,0.150,93,1760.0000,-0.000009,0.000000,1,1
0.000,110.0,0.150,96,2093.0045,0.000102,0.000000,1,1
0.000,110.0,0.500,21,27.5000,-0.000536,0.000000,1,1
0.000,110.0,0.500,33,55.0000,0.000017,0.000000,1,1
0.000,110.0,0.500,40,82.4069,0.000200,0.000000,1,1
0.000,110.0,0.500,45,110.0000,-0.000010,0.000000,1,1
0.000,110.0,0.500,52,164.8138,0.000098,0.000000,1,1
0.000,110.0,0.500,57,220.0000,-0.000010,0.000000,1,1
0.000,110.0,0.500,64,329.6276,-0.000002,0.000000,1,1
0.000,110.0,0.500,69,440.0000,-0.000009,0.000000,1,1
0.000,110.0,0.500,76,659.2551,0.000013,0.000000,1,1
0.000,110.0,0.500,81,880.0000,-0.000009,0.000000,1,1
0.000,110.0,0.500,88,1318.5102,0.000047,0.000000,1,1
0.000,110.0,0.500,93,1760.0000,-0.000009,0.000000,1,1
0.000,110.0,0.500,96,2093.0045,0.000102,0.000000,1,1
0.000,110.0,1.000,21,27.5000,-0.000536,0.000000,1,1
0.000,110.0,1.000,33,55.0000,0.000017,0.000000,1,1
0.000,110.0,1.000,40,82.4069,0.000200,0.000000,1,1
0.000,110.0,1.000,45,110.0000,-0.000010,0.000000,1,1
0.000,110.0,1.000,52,164.8138,0.000098,0.000000,1,1
0.000,110.0,1.000,57,220.0000,-0.000010,0.000000,1,1
0.000,110.0,1.000,64,329.6276,-0.000002,0.000000,1,1
0.000,110.0,1.000,69,440.0000,-0.000009,0.000000,1,1
0.000,110.0,1.000,76,659.2551,0.000013,0.000000,1,1
0.000,110.0,1.000,81,880.0000,-0.000009,0.000000,1,1
0.000,110.0,1.000,88,1318.5102,0.000047,0.000000,1,1
0.000,110.0,1.000,93,1760.0000,-0.000009,0.000000,1,1
0.000,110.0,1.000,96,2093.0045,0.000102,0.000000,1,1
0.000,110.0,4.000,21,27.5000,-0.000536,0.000000,1,0
0.000,110.0,4.000,33,55.0000,0.000017,0.000000,1,0
0.000,110.0,4.000,40,82.4069,0.000200,0.000000,1,0
0.000,110.0,4.000,45,110.0000,-0.000010,0.000000,1,0
0.000,110.0,4.000,52,164.8138,0.000098,0.000000,1,0
0.000,110.0,4.000,57,220.0000,-0.000010,0.000000,1,0
0.000,110.0,4.000,64,329.6276,-0.000002,0.000000,1,0
0.000,110.0,4.000,69,440.0000,-0.000009,0.000000,1,0
0.000,110.0,4.000,76,659.2551,0.000013,0.000000,1,0
0.000,110.0,4.000,81,880.0000,-0.000009,0.000000,1,0
0.000,110.0,4.000,88,1318.5102,0.000047,0.000000,1,0
0.000,110.0,4.000,93,1760.0000,-0.000009,0.000000,1,0
0.000,110.0,4.000,96,2093.0045,0.000102,0.000000,1,0
0.000,180.0,0.050,21,27.5000,-0.000536,0.000000,1,0
0.000,180.0,0.050,33,55.0000,0.000017,0.000000,1,0
0.000,180.0,0.050,40,82.4069,0.000200,0.000000,1,0
0.000,180.0,0.050,45,110.0000,-0.000010,0.000000,1,0
0.000,180.0,0.050,52,164.8138,0.000098,0.000000,1,0
0.000,180.0,0.050,57,220.0000,-0.000010,0.000000,1,0
0.000,180.0,0.050,64,329.6276,-0.000002,0.000000,1,0
0.000,180.0,0.050,69,440.0000,-0.000009,0.000000,1,0
0.000,180.0,0.050,76,659.2551,0.000013,0.000000,1,0
0.000,180.0,0.050,81,880.0000,-0.000009,0.000000,1,0
0.000,180.0,0.050,88,1318.5102,0.000047,0.000000,1,0
0.000,180.0,0.050,93,1760.0000,-0.000009,0.000000,1,0
0.000,180.0,0.050,96,2093.0045,0.000102,0.000000,1,0
0.000,180.0,0.150,21,27.5000,-0.000536,0.000000,1,1
0.000,180.0,0.150,33,55.0000,0.000017,0.000000,1,1
0.000,180.0,0.150,40,82.4069,0.000200,0.000000,1,1
0.000,180.0,0.150,45,110.0000,-0.000010,0.000000,1,1
0.000,180.0,0.150,52,164.8138,0.000098,0.000000,1,1
0.000,180.0,0.150,57,220.0000,-0.000010,0.000000,1,1
0.000,180.0,0.150,64,329.6276,-0.000002,0.000000,1,1
0.000,180.0,0.150,69,440.0000,-0.000009,0.000000,1,1
0.000,180.0,0.150,76,659.2551,0.000013,0.000000,1,1
0.000,180.0,0.150,81,880.0000,-0.000009,0.000000,1,1
0.000,180.0,0.150,88,1318.5102,0.000047,0.000000,1,1
0.000,180.0,0.150,93,1760.0000,-0.000009,0.000000,1,1
0.000,180.0,0.150,96,2093.0045,0.000102,0.000000,1,1
0.000,180.0,0.500,21,27.5000,-0.000536,0.000000,1,1
0.000,180.0,0.500,33,55.0000,0.000017,0.000000,1,1
0.000,180.0,0.500,40,82.4069,0.000200,0.000000,1,1
0.000,180.0,0.500,45,110.0000,-0.000010,0.000000,1,1
0.000,180.0,0.500,52,164.8138,0.000098,0.000000,1,1
0.000,180.0,0.500,57,220.0000,-0.000010,0.000000,1,1
0.000,180.0,0.500,64,329.6276,-0.000002,0.000000,1,1
0.000,180.0,0.500,69,440.0000,-0.000009,0.000000,1,1
0.000,180.0,0.500,76,659.2551,0.000013,0.000000,1,1
0.000,180.0,0.500,81,880.0000,-0.000009,0.000000,1,1
0.000,180.0,0.500,88,1318.5102,0.000047,0.000000,1,1
0.000,180.0,0.500,93,1760.0000,-0.000009,0.000000,1,1
0.000,180.0,0.500,96,2093.0045,0.000102,0.000000,1,1
0.000,180.0,1.000,21,27.5000,-0.000536,0.000000,1,1
0.000,180.0,1.000,33,55.0000,0.000017,0.000000,1,1
0.000,180.0,1.000,40,82.4069,0.000200,0.000000,1,1
0.000,180.0,1.000,45,110.0000,-0.000010,0.000000,1,1
0.000,180.0,1.000,52,164.8138,0.000098,0.000000,1,1
0.000,180.0,1.000,57,220.0000,-0.000010,0.000000,1,1
0.000,180.0,1.000,64,329.6276,-0.000002,0.000000,1,1
0.000,180.0,1.000,69,440.0000,-0.000009,0.000000,1,1
0.000,180.0,1.000,76,659.2551,0.000013,0.000000,1,1
0.000,180.0,1.000,81,880.0000,-0.000009,0.000000,1,1
0.000,180.0,1.000,88,1318.5102,0.000047,0.000000,1,1
0.000,180.0,1.000,93,1760.0000,-0.000009,0.000000,1,1
0.000,180.0,1.000,96,2093.0045,0.000102,0.000000,1,1
0.000,180.0,4.000,21,27.5000,-0.000536,0.000000,1,0
0.000,180.0,4.000,33,55.0000,0.000017,0.000000,1,0
0.000,180.0,4.000,40,82.4069,0.000200,0.000000,1,0
0.000,180.0,4.000,45,110.0000,-0.000010,0.000000,1,0
0.000,180.0,4.000,52,164.8138,0.000098,0.000000,1,0
0.000,180.0,4.000,57,220.0000,-0.000010,0.000000,1,0
0.000,180.0,4.000,64,329.6276,-0.000002,0.000000,1,0
0.000,180.0,4.000,69,440.0000,-0.000009,0.000000,1,0
0.000,180.0,4.000,76,659.2551,0.000013,0.000000,1,0
0.000,180.0,4.000,81,880.0000,-0.000009,0.000000,1,0
0.000,180.0,4.000,88,1318.5102,0.000047,0.000000,1,0
0.000,180.0,4.000,93,1760.0000,-0.000009,0.000000,1,0
0.000,180.0,4.000,96,2093.0045,0.000102,0.000000,1,0
0.000,330.0,0.050,21,27.5000,-0.000536,0.000000,1,0
0.000,330.0,0.050,33,55.0000,0.000017,0.000000,1,0
0.000,330.0,0.050,40,82.4069,0.000200,0.000000,1,0
0.000,330.0,0.050,45,110.0000,-0.000010,0.000000,1,0
0.000,330.0,0.050,52,164.8138,0.000098,0.000000,1,0
0.000,330.0,0.050,57,220.0000,-0.000010,0.000000,1,0
0.000,330.0,0.050,64,329.6276,-0.000002,0.000000,1,0
0.000,330.0,0.050,69,440.0000,-0.000009,0.000000,1,0
0.000,330.0,0.050,76,659.2551,0.000013,0.000000,1,0
0.000,330.0,0.050,81,880.0000,-0.000009,0.000000,1,0
0.000,330.0,0.050,88,1318.5102,0.000047,0.000000,1,0
0.000,330.0,0.050,93,1760.0000,-0.000009,0.000000,1,0
0.000,330.0,0.050,96,2093.0045,0.000102,0.000000,1,0
0.000,330.0,0.150,21,27.5000,-0.000536,0.000000,1,1
0.000,330.0,0.150,33,55.0000,0.000017,0.000000,1,1
0.000,330.0,0.150,40,82.4069,0.000200,0.000000,1,1
0.000,330.0,0.150,45,110.0000,-0.000010,0.000000,1,1
0.000,330.0,0.150,52,164.8138,0.000098,0.000000,1,1
0.000,330.0,0.150,57,220.0000,-0.000010,0.000000,1,1
0.000,330.0,0.150,64,329.6276,-0.000002,0.000000,1,1
0.000,330.0,0.150,69,440.0000,-0.000009,0.000000,1,1
0.000,330.0,0.150,76,659.2551,0.000013,0.000000,1,1
0.000,330.0,0.150,81,880.0000,-0.000009,0.000000,1,1
0.000,330.0,0.150,88,1318.5102,0.000047,0.000000,1,1
0.000,330.0,0.150,93,1760.0000,-0.000009,0.000000,1,1
0.000,330.0,0.150,96,2093.0045,0.000102,0.000000,1,1
0.000,330.0,0.500,21,27.5000,-0.000536,0.000000,1,1
0.000,330.0,0.500,33,55.0000,0.000017,0.000000,1,1
0.000,330.0,0.500,40,82.4069,0.000200,0.000000,1,1
0.000,330.0,0.500,45,110.0000,-0.000010,0.000000,1,1
0.000,330.0,0.500,52,164.8138,0.000098,0.000000,1,1
0.000,330.0,0.500,57,220.0000,-0.000010,0.000000,1,1
0.000,330.0,0.500,64,329.6276,-0.000002,0.000000,1,1
0.000,330.0,0.500,69,440.0000,-0.000009,0.000000,1,1
0.000,330.0,0.500,76,659.2551,0.000013,0.000000,1,1
0.000,330.0,0.500,81,880.0000,-0.000009,0.000000,1,1
0.000,330.0,0.500,88,1318.5102,0.000047,0.000000,1,1
0.000,330.0,0.500,93,1760.0000,-0.000009,0.000000,1,1
0.000,330.0,0.500,96,2093.0045,0.000102,0.000000,1,1
0.000,330.0,1.000,21,27.5000,-0.000536,0.000000,1,1
0.000,330.0,1.000,33,55.0000,0.000017,0.000000,1,1
0.000,330.0,1.000,40,82.4069,0.000200,0.000000,1,1
0.000,330.0,1.000,45,110.0000,-0.000010,0.000000,1,1
0.000,330.0,1.000,52,164.8138,0.000098,0.000000,1,1
0.000,330.0,1.000,57,220.0000,-0.000010,0.000000,1,1
0.000,330.0,1.000,64,329.6276,-0.000002,0.000000,1,1
0.000,330.0,1.000,69,440.0000,-0.000009,0.000000,1,1
0.000,330.0,1.000,76,659.2551,0.000013,0.000000,1,1
0.000,330.0,1.000,81,880.0000,-0.000009,0.000000,1,1
0.000,330.0,1.000,88,1318.5102,0.000047,0.000000,1,1
0.000,330.0,1.000,93,1760.0000,-0.000009,0.000000,1,1
0.000,330.0,1.000,96,2093.0045,0.000102,0.000000,1,1
0.000,330.0,4.000,21,27.5000,-0.000536,0.000000,1,0
0.000,330.0,4.000,33,55.0000,0.000017,0.000000,1,0
0.000,330.0,4.000,40,82.4069,0.000200,0.000000,1,0
0.000,330.0,4.000,45,110.0000,-0.000010,0.000000,1,0
0.000,330.0,4.000,52,164.8138,0.000098,0.000000,1,0
0.000,330.0,4.000,57,220.0000,-0.000010,0.000000,1,0
0.000,330.0,4.000,64,329.6276,-0.000002,0.000000,1,0
0.000,330.0,4.000,69,440.0000,-0.000009,0.000000,1,0
0.000,330.0,4.000,76,659.2551,0.000013,0.000000,1,0
0.000,330.0,4.000,81,880.0000,-0.000009,0.000000,1,0
0.000,330.0,4.000,88,1318.5102,0.000047,0.000000,1,0
0.000,330.0,4.000,93,1760.0000,-0.000009,0.000000,1,0
0.000,330.0,4.000,96,2093.0045,0.000102,0.000000,1,0
0.000,660.0,0.050,21,27.5000,-0.000536,0.000000,1,0
0.000,660.0,0.050,33,55.0000,0.000017,0.000000,1,0
0.000,660.0,0.050,40,82.4069,0.000200,0.000000,1,0
0.000,660.0,0.050,45,110.0000,-0.000010,0.000000,1,0
0.000,660.0,0.050,52,164.8138,0.000098,0.000000,1,0
0.000,660.0,0.050,57,220.0000,-0.000010,0.000000,1,0
0.000,660.0,0.050,64,329.6276,-0.000002,0.000000,1,0
0.000,660.0,0.050,69,440.0000,-0.000009,0.000000,1,0
0.000,660.0,0.050,76,659.2551,0.000013,0.000000,1,0
0.000,660.0,0.050,81,880.0000,-0.000009,0.000000,1,0
0.000,660.0,0.050,88,1318.5102,0.000047,0.000000,1,0
0.000,660.0,0.050,93,1760.0000,-0.000009,0.000000,1,0
0.000,660.0,0.050,96,2093.0045,0.000102,0.000000,1,0
0.000,660.0,0.150,21,27.5000,-0.000536,0.000000,1,0
0.000,660.0,0.150,33,55.0000,0.000017,0.000000,1,0
0.000,660.0,0.150,40,82.4069,0.000200,0.000000,1,0
0.000,660.0,0.150,45,110.0000,-0.000010,0.000000,1,0
0.000,660.0,0.150,52,164.8138,0.000098,0.000000,1,0
0.000,660.0,0.150,57,220.0000,-0.000010,0.000000,1,0
0.000,660.0,0.150,64,329.6276,-0.000002,0.000000,1,0
0.000,660.0,0.150,69,440.0000,-0.000009,0.000000,1,0
0.000,660.0,0.150,76,659.2551,0.000013,0.000000,1,0
0.000,660.0,0.150,81,880.0000,-0.000009,0.000000,1,0
0.000,660.0,0.150,88,1318.5102,0.000047,0.000000,1,0
0.000,660.0,0.150,93,1760.0000,-0.000009,0.000000,1,0
0.000,660.0,0.150,96,2093.0045,0.000102,0.000000,1,0
0.000,660.0,0.500,21,27.5000,-0.000536,0.000000,1,0
0.000,660.0,0.500,33,55.0000,0.000017,0.000000,1,0
0.000,660.0,0.500,40,82.4069,0.000200,0.000000,1,0
0.000,660.0,0.500,45,110.0000,-0.000010,0.000000,1,0
0.000,660.0,0.500,52,164.8138,0.000098,0.000000,1,0
0.000,660.0,0.500,57,220.0000,-0.000010,0.000000,1,0
0.000,660.0,0.500,64,329.6276,-0.000002,0.000000,1,0
0.000,660.0,0.500,69,440.0000,-0.000009,0.000000,1,0
0.000,660.0,0.500,76,659.2551,0.000013,0.000000,1,0
0.000,660.0,0.500,81,880.0000,-0.000009,0.000000,1,0
0.000,660.0,0.500,88,1318.5102,0.000047,0.000000,1,0
0.000,660.0,0.500,93,1760.0000,-0.000009,0.000000,1,0
0.000,660.0,0.500,96,2093.0045,0.000102,0.000000,1,0
0.000,660.0,1.000,21,27.5000,-0.000536,0.000000,1,0
0.000,660.0,1.000,33,55.0000,0.000017,0.000000,1,0
0.000,660.0,1.000,40,82.4069,0.000200,0.000000,1,0
0.000,660.0,1.000,45,110.0000,-0.000010,0.000000,1,0
0.000,660.0,1.000,52,164.8138,0.000098,0.000000,1,0
0.000,660.0,1.000,57,220.0000,-0.000010,0.000000,1,0
0.000,660.0,1.000,64,329.6276,-0.000002,0.000000,1,0
0.000,660.0,1.000,69,440.0000,-0.000009,0.000000,1,0
0.000,660.0,1.000,76,659.2551,0.000013,0.000000,1,0
0.000,660.0,1.000,81,880.0000,-0.000009,0.000000,1,0
0.000,660.0,1.000,88,1318.5102,0.000047,0.000000,1,0
0.000,660.0,1.000,93,1760.0000,-0.000009,0.000000,1,0
0.000,660.0,1.000,96,2093.0045,0.000102,0.000000,1,0
0.000,660.0,4.000,21,27.5000,-0.000536,0.000000,1,0
0.000,660.0,4.000,33,55.0000,0.000017,0.000000,1,0
0.000,660.0,4.000,40,82.4069,0.000200,0.000000,1,0
0.000,660.0,4.000,45,110.0000,-0.000010,0.000000,1,0
0.000,660.0,4.000,52,164.8138,0.000098,0.000000,1,0
0.000,660.0,4.000,57,220.0000,-0.000010,0.000000,1,0
0.000,660.0,4.000,64,329.6276,-0.000002,0.000000,1,0
0.000,660.0,4.000,69,440.0000,-0.000009,0.000000,1,0
0.000,660.0,4.000,76,659.2551,0.000013,0.000000,1,0
0.000,660.0,4.000,81,880.0000,-0.000009,0.000000,1,0
0.000,660.0,4.000,88,1318.5102,0.000047,0.000000,1,0
0.000,660.0,4.000,93,1760.0000,-0.000009,0.000000,1,0
0.000,660.0,4.000,96,2093.0045,0.000102,0.000000,1,0
0.000,2000.0,0.050,21,27.5000,-0.000536,0.000000,1,0
0.000,2000.0,0.050,33,55.0000,0.000017,0.000000,1,0
0.000,2000.0,0.050,40,82.4069,0.000200,0.000000,1,0
0.000,2000.0,0.050,45,110.0000,-0.000010,0.000000,1,0
0.000,2000.0,0.050,52,164.8138,0.000098,0.000000,1,0
0.000,2000.0,0.050,57,220.0000,-0.000010,0.000000,1,0
0.000,2000.0,0.050,64,329.6276,-0.000002,0.000000,1,0
0.000,2000.0,0.050,69,440.0000,-0.000009,0.000000,1,0
0.000,2000.0,0.050,76,659.2551,0.000013,0.000000,1,0
0.000,2000.0,0.050,81,880.0000,-0.000009,0.000000,1,0
0.000,2000.0,0.050,88,1318.5102,0.000047,0.000000,1,0
0.000,2000.0,0.050,93,1760.0000,-0.000009,0.000000,1,0
0.000,2000.0,0.050,96,2093.0045,0.000102,0.000000,1,0
0.000,2000.0,0.150,21,27.5000,-0.000536,0.000000,1,0
0.000,2000.0,0.150,33,55.0000,0.000017,0.000000,1,0
0.000,2000.0,0.150,40,82.4069,0.000200,0.000000,1,0
0.000,2000.0,0.150,45,110.0000,-0.000010,0.000000,1,0
0.000,2000.0,0.150,52,164.8138,0.000098,0.000000,1,0
0.000,2000.0,0.150,57,220.0000,-0.000010,0.000000,1,0
0.000,2000.0,0.150,64,329.6276,-0.000002,0.000000,1,0
0.000,2000.0,0.150,69,440.0000,-0.000009,0.000000,1,0
0.000,2000.0,0.150,76,659.2551,0.000013,0.000000,1,0
0.000,2000.0,0.150,81,880.0000,-0.000009,0.000000,1,0
0.000,2000.0,0.150,88,1318.5102,0.000047,0.000000,1,0
0.000,2000.0,0.150,93,1760.0000,-0.000009,0.000000,1,0
0.000,2000.0,0.150,96,2093.0045,0.000102,0.000000,1,0
0.000,2000.0,0.500,21,27.5000,-0.000536,0.000000,1,0
0.000,2000.0,0.500,33,55.0000,0.000017,0.000000,1,0
0.000,2000.0,0.500,40,82.4069,0.000200,0.000000,1,0
0.000,2000.0,0.500,45,110.0000,-0.000010,0.000000,1,0
0.000,2000.0,0.500,52,164.8138,0.000098,0.000000,1,0
0.000,2000.0,0.500,57,220.0000,-0.000010,0.000000,1,0
0.000,2000.0,0.500,64,329.6276,-0.000002,0.000000,1,0
0.000,2000.0,0.500,69,440.0000,-0.000009,0.000000,1,0
0.000,2000.0,0.500,76,659.2551,0.000013,0.000000,1,0
0.000,2000.0,0.500,81,880.0000,-0.000009,0.000000,1,0
0.000,2000.0,0.500,88,1318.5102,0.000047,0.000000,1,0
0.000,2000.0,0.500,93,1760.0000,-0.000009,0.000000,1,0
0.000,2000.0,0.500,96,2093.0045,0.000102,0.000000,1,0
0.000,2000.0,1.000,21,27.5000,-0.000536,0.000000,1,0
0.000,2000.0,1.000,33,55.0000,0.000017,0.000000,1,0
0.000,2000.0,1.000,40,82.4069,0.000200,0.000000,1,0
0.000,2000.0,1.000,45,110.0000,-0.000010,0.000000,1,0
0.000,2000.0,1.000,52,164.8138,0.000098,0.000000,1,0
0.000,2000.0,1.000,57,220.0000,-0.000010,0.000000,1,0
0.000,2000.0,1.000,64,329.6276,-0.000002,0.000000,1,0
0.000,2000.0,1.000,69,440.0000,-0.000009,0.000000,1,0
0.000,2000.0,1.000,76,659.2551,0.000013,0.000000,1,0
0.000,2000.0,1.000,81,880.0000,-0.000009,0.000000,1,0
0.000,2000.0,1.000,88,1318.5102,0.000047,0.000000,1,0
0.000,2000.0,1.000,93,1760.0000,-0.000009,0.000000,1,0
0.000,2000.0,1.000,96,2093.0045,0.000102,0.000000,1,0
0.000,2000.0,4.000,21,27.5000,-0.000536,0.000000,1,0
0.000,2000.0,4.000,33,55.0000,0.000017,0.000000,1,0
0.000,2000.0,4.000,40,82.4069,0.000200,0.000000,1,0
0.000,2000.0,4.000,45,110.0000,-0.000010,0.000000,1,0
0.000,2000.0,4.000,52,164.8138,0.000098,0.000000,1,0
0.000,2000.0,4.000,57,220.0000,-0.000010,0.000000,1,0
0.000,2000.0,4.000,64,329.6276,-0.000002,0.000000,1,0
0.000,2000.0,4.000,69,440.0000,-0.000009,0.000000,1,0
0.000,2000.0,4.000,76,659.2551,0.000013,0.000000,1,0
0.000,2000.0,4.000,81,880.0000,-0.000009,0.000000,1,0
0.000,2000.0,4.000,88,1318.5102,0.000047,0.000000,1,0
0.000,2000.0,4.000,93,1760.0000,-0.000009,0.000000,1,0
0.000,2000.0,4.000,96,2093.0045,0.000102,0.000000,1,0
0.200,20.0,0.050,21,27.5000,-0.000482,-0.837791,1,0
0.200,20.0,0.050,33,55.0000,0.000014,-0.116206,1,0
0.200,20.0,0.050,40,82.4069,0.000200,-0.047782,1,0
0.200,20.0,0.050,45,110.0000,-0.000010,-0.026108,1,0
0.200,20.0,0.050,52,164.8138,0.000098,-0.011415,1,0
0.200,20.0,0.050,57,220.0000,-0.000009,-0.006365,1,0
0.200,20.0,0.050,64,329.6276,-0.000002,-0.002822,1,0
0.200,20.0,0.050,69,440.0000,-0.000009,-0.001581,1,0
0.200,20.0,0.050,76,659.2551,0.000014,-0.000703,1,0
0.200,20.0,0.050,81,880.0000,-0.000008,-0.000394,1,0
0.200,20.0,0.050,88,1318.5102,0.000047,-0.000175,1,0
0.200,20.0,0.050,93,1760.0000,-0.000008,-0.000098,1,0
0.200,20.0,0.050,96,2093.0045,0.000102,-0.000069,1,0
0.200,20.0,0.150,21,27.5000,0.002317,-2.118769,1,1
0.200,20.0,0.150,33,55.0000,0.000016,-0.343796,1,1
0.200,20.0,0.150,40,82.4069,0.000201,-0.142589,1,1
0.200,20.0,0.150,45,110.0000,-0.000009,-0.078103,1,1
0.200,20.0,0.150,52,164.8138,0.000098,-0.034205,1,1
0.200,20.0,0.150,57,220.0000,-0.000009,-0.019083,1,1
0.200,20.0,0.150,64,329.6276,-0.000002,-0.008464,1,1
0.200,20.0,0.150,69,440.0000,-0.000009,-0.004743,1,1
0.200,20.0,0.150,76,659.2551,0.000013,-0.002110,1,1
0.200,20.0,0.150,81,880.0000,-0.000009,-0.001183,1,1
0.200,20.0,0.150,88,1318.5102,0.000047,-0.000526,1,1
0.200,20.0,0.150,93,1760.0000,-0.000007,-0.000295,1,1
0.200,20.0,0.150,96,2093.0045,0.000102,-0.000208,1,1
0.200,20.0,0.500,21,27.5000,0.016186,-2.535239,1,1
0.200,20.0,0.500,33,55.0000,0.000878,-0.990216,1,1
0.200,20.0,0.500,40,82.4069,0.000341,-0.448324,1,1
0.200,20.0,0.500,45,110.0000,0.000034,-0.252254,1,1
0.200,20.0,0.500,52,164.8138,0.000106,-0.112466,1,1
0.200,20.0,0.500,57,220.0000,-0.000007,-0.063127,1,1
0.200,20.0,0.500,64,329.6276,-0.000002,-0.028119,1,1
0.200,20.0,0.500,69,440.0000,-0.000009,-0.015780,1,1
0.200,20.0,0.500,76,659.2551,0.000014,-0.007027,1,1
0.200,20.0,0.500,81,880.0000,-0.000009,-0.003942,1,1
0.200,20.0,0.500,88,1318.5102,0.000046,-0.001753,1,1
0.200,20.0,0.500,93,1760.0000,-0.000007,-0.000982,1,1
0.200,20.0,0.500,96,2093.0045,0.000103,-0.000693,1,1
0.200,20.0,1.000,21,27.5000,0.008438,-1.628687,1,1
0.200,20.0,1.000,33,55.0000,0.004571,-1.367612,1,1
0.200,20.0,1.000,40,82.4069,0.001572,-0.755343,1,1
0.200,20.0,1.000,45,110.0000,0.000494,-0.457626,1,1
0.200,20.0,1.000,52,164.8138,0.000210,-0.215282,1,1
0.200,20.0,1.000,57,220.0000,0.000028,-0.123175,1,1
0.200,20.0,1.000,64,329.6276,0.000005,-0.055622,1,1
0.200,20.0,1.000,69,440.0000,-0.000007,-0.031364,1,1
0.200,20.0,1.000,76,659.2551,0.000014,-0.014014,1,1
0.200,20.0,1.000,81,880.0000,-0.000008,-0.007871,1,1
0.200,20.0,1.000,88,1318.5102,0.000046,-0.003504,1,1
0.200,20.0,1.000,93,1760.0000,-0.000008,-0.001964,1,1
0.200,20.0,1.000,96,2093.0045,0.000102,-0.001386,1,1
0.200,20.0,4.000,21,27.5000,0.000210,-0.446958,1,0
0.200,20.0,4.000,33,55.0000,0.003115,-0.761014,1,0
0.200,20.0,4.000,40,82.4069,0.005089,-0.727762,1,0
0.200,20.0,4.000,45,110.0000,0.005525,-0.640399,1,0
0.200,20.0,4.000,52,164.8138,0.004510,-0.463476,1,0
0.200,20.0,4.000,57,220.0000,0.002827,-0.331184,1,0
0.200,20.0,4.000,64,329.6276,0.001062,-0.182486,1,0
0.200,20.0,4.000,69,440.0000,0.000421,-0.111678,1,0
0.200,20.0,4.000,76,659.2551,0.000120,-0.053133,1,0
0.200,20.0,4.000,81,880.0000,0.000027,-0.030541,1,0
0.200,20.0,4.000,88,1318.5102,0.000052,-0.013827,1,0
0.200,20.0,4.000,93,1760.0000,-0.000006,-0.007794,1,0
0.200,20.0,4.000,96,2093.0045,0.000103,-0.005514,1,0
0.200,110.0,0.050,21,27.5000,-0.000530,0.148051,1,0
0.200,110.0,0.050,33,55.0000,0.000011,0.184375,1,0
0.200,110.0,0.050,40,82.4069,0.000100,0.307590,1,0
0.200,110.0,0.050,45,110.0000,0.000795,0.000000,1,0
0.200,110.0,0.050,52,164.8138,0.000116,-0.109973,1,0
0.200,110.0,0.050,57,220.0000,-0.000008,-0.046091,1,0
0.200,110.0,0.050,64,329.6276,-0.000002,-0.017379,1,0
0.200,110.0,0.050,69,440.0000,-0.000009,-0.009251,1,0
0.200,110.0,0.050,76,659.2551,0.000014,-0.003974,1,0
0.200,110.0,0.050,81,880.0000,-0.000009,-0.002202,1,0
0.200,110.0,0.050,88,1318.5102,0.000046,-0.000971,1,0
0.200,110.0,0.050,93,1760.0000,-0.000008,-0.000542,1,0
0.200,110.0,0.050,96,2093.0045,0.000102,-0.000382,1,0
0.200,110.0,0.150,21,27.5000,-0.000534,0.441642,1,1
0.200,110.0,0.150,33,55.0000,-0.000068,0.534215,1,1
0.200,110.0,0.150,40,82.4069,-0.004076,0.752299,1,1
0.200,110.0,0.150,45,110.0000,0.000609,0.000000,1,1
0.200,110.0,0.150,52,164.8138,0.001167,-0.296100,1,1
0.200,110.0,0.150,57,220.0000,0.000074,-0.133546,1,1
0.200,110.0,0.150,64,329.6276,0.000005,-0.051556,1,1
0.200,110.0,0.150,69,440.0000,-0.000008,-0.027595,1,1
0.200,110.0,0.150,76,659.2551,0.000014,-0.011894,1,1
0.200,110.0,0.150,81,880.0000,-0.000009,-0.006597,1,1
0.200,110.0,0.150,88,1318.5102,0.000046,-0.002911,1,1
0.200,110.0,0.150,93,1760.0000,-0.000007,-0.001626,1,1
0.200,110.0,0.150,96,2093.0045,0.000102,-0.001147,1,1
0.200,110.0,0.500,21,27.5000,-0.000700,1.383201,1,1
0.200,110.0,0.500,33,55.0000,-0.003824,1.282136,1,1
0.200,110.0,0.500,40,82.4069,-0.017753,0.808602,1,1
0.200,110.0,0.500,45,110.0000,0.000239,0.000000,1,1
0.200,110.0,0.500,52,164.8138,0.013174,-0.455694,1,1
0.200,110.0,0.500,57,220.0000,0.003817,-0.320526,1,1
0.200,110.0,0.500,64,329.6276,0.000592,-0.152532,1,1
0.200,110.0,0.500,69,440.0000,0.000156,-0.086429,1,1
0.200,110.0,0.500,76,659.2551,0.000044,-0.038616,1,1
0.200,110.0,0.500,81,880.0000,0.000000,-0.021674,1,1
0.200,110.0,0.500,88,1318.5102,0.000048,-0.009643,1,1
0.200,110.0,0.500,93,1760.0000,-0.000008,-0.005402,1,1
0.200,110.0,0.500,96,2093.0045,0.000103,-0.003813,1,1
0.200,110.0,1.000,21,27.5000,-0.002055,2.306945,1,1
0.200,110.0,1.000,33,55.0000,-0.008664,1.333482,1,1
0.200,110.0,1.000,40,82.4069,-0.008299,0.500122,1,1
0.200,110.0,1.000,45,110.0000,0.000148,0.000000,1,1
0.200,110.0,1.000,52,164.8138,0.009995,-0.328480,1,1
0.200,110.0,1.000,57,220.0000,0.008622,-0.333376,1,1
0.200,110.0,1.000,64,329.6276,0.003672,-0.222568,1,1
0.200,110.0,1.000,69,440.0000,0.001512,-0.144162,1,1
0.200,110.0,1.000,76,659.2551,0.000392,-0.071133,1,1
0.200,110.0,1.000,81,880.0000,0.000118,-0.041382,1,1
0.200,110.0,1.000,88,1318.5102,0.000068,-0.018891,1,1
0.200,110.0,1.000,93,1760.0000,-0.000001,-0.010679,1,1
0.200,110.0,1.000,96,2093.0045,0.000106,-0.007563,1,1
0.200,110.0,4.000,21,27.5000,-0.005337,2.135353,1,0
0.200,110.0,4.000,33,55.0000,-0.001886,0.503237,1,0
0.200,110.0,4.000,40,82.4069,-0.000509,0.135032,1,0
0.200,110.0,4.000,45,110.0000,0.000062,-0.000000,1,0
0.200,110.0,4.000,52,164.8138,0.001074,-0.095270,1,0
0.200,110.0,4.000,57,220.0000,0.001823,-0.125817,1,0
0.200,110.0,4.000,64,329.6276,0.003360,-0.138929,1,0
0.200,110.0,4.000,69,440.0000,0.004982,-0.133483,1,0
0.200,110.0,4.000,76,659.2551,0.006170,-0.110316,1,0
0.200,110.0,4.000,81,880.0000,0.005818,-0.086804,1,0
0.200,110.0,4.000,88,1318.5102,0.002881,-0.053598,1,0
0.200,110.0,4.000,93,1760.0000,0.001171,-0.034713,1,0
0.200,110.0,4.000,96,2093.0045,0.001081,-0.026017,1,0
0.200,180.0,0.050,21,27.5000,-0.000538,0.086886,1,0
0.200,180.0,0.050,33,55.0000,0.000012,0.093513,1,0
0.200,180.0,0.050,40,82.4069,0.000198,0.107026,1,0
0.200,180.0,0.050,45,110.0000,-0.000016,0.134193,1,0
0.200,180.0,0.050,52,164.8138,-0.017523,0.397574,1,0
0.200,180.0,0.050,57,220.0000,0.000546,-0.161949,1,0
0.200,180.0,0.050,64,329.6276,0.000000,-0.035842,1,0
0.200,180.0,0.050,69,440.0000,-0.000009,-0.017014,1,0
0.200,180.0,0.050,76,659.2551,0.000014,-0.006827,1,0
0.200,180.0,0.050,81,880.0000,-0.000009,-0.003701,1,0
0.200,180.0,0.050,88,1318.5102,0.000047,-0.001608,1,0
0.200,180.0,0.050,93,1760.0000,-0.000008,-0.000893,1,0
0.200,180.0,0.050,96,2093.0045,0.000102,-0.000628,1,0
0.200,180.0,0.150,21,27.5000,-0.000537,0.260148,1,1
0.200,180.0,0.150,33,55.0000,0.000009,0.278015,1,1
0.200,180.0,0.150,40,82.4069,0.000153,0.312715,1,1
0.200,180.0,0.150,45,110.0000,-0.000451,0.374358,1,1
0.200,180.0,0.150,52,164.8138,-0.058696,0.405213,1,1
0.200,180.0,0.150,57,220.0000,0.014352,-0.332396,1,1
0.200,180.0,0.150,64,329.6276,0.000164,-0.102589,1,1
0.200,180.0,0.150,69,440.0000,0.000013,-0.050079,1,1
0.200,180.0,0.150,76,659.2551,0.000016,-0.020340,1,1
0.200,180.0,0.150,81,880.0000,-0.000009,-0.011061,1,1
0.200,180.0,0.150,88,1318.5102,0.000045,-0.004815,1,1
0.200,180.0,0.150,93,1760.0000,-0.000008,-0.002677,1,1
0.200,180.0,0.150,96,2093.0045,0.000102,-0.001884,1,1
0.200,180.0,0.500,21,27.5000,-0.000556,0.848314,1,1
0.200,180.0,0.500,33,55.0000,-0.000382,0.840707,1,1
0.200,180.0,0.500,40,82.4069,-0.002353,0.804111,1,1
0.200,180.0,0.500,45,110.0000,-0.009431,0.694288,1,1
0.200,180.0,0.500,52,164.8138,-0.011559,0.158715,1,1
0.200,180.0,0.500,57,220.0000,0.018501,-0.241261,1,1
0.200,180.0,0.500,64,329.6276,0.005765,-0.224641,1,1
0.200,180.0,0.500,69,440.0000,0.001491,-0.137405,1,1
0.200,180.0,0.500,76,659.2551,0.000260,-0.062866,1,1
0.200,180.0,0.500,81,880.0000,0.000062,-0.035412,1,1
0.200,180.0,0.500,88,1318.5102,0.000057,-0.015776,1,1
0.200,180.0,0.500,93,1760.0000,-0.000004,-0.008839,1,1
0.200,180.0,0.500,96,2093.0045,0.000104,-0.006239,1,1
0.200,180.0,1.000,21,27.5000,-0.000803,1.583191,1,1
0.200,180.0,1.000,33,55.0000,-0.002833,1.287493,1,1
0.200,180.0,1.000,40,82.4069,-0.007408,0.917133,1,1
0.200,180.0,1.000,45,110.0000,-0.010108,0.563911,1,1
0.200,180.0,1.000,52,164.8138,-0.002992,0.081198,1,1
0.200,180.0,1.000,57,220.0000,0.006396,-0.134827,1,1
0.200,180.0,1.000,64,329.6276,0.009425,-0.210834,1,1
0.200,180.0,1.000,69,440.0000,0.006017,-0.173599,1,1
0.200,180.0,1.000,76,659.2551,0.002056,-0.101402,1,1
0.200,180.0,1.000,81,880.0000,0.000767,-0.062650,1,1
0.200,180.0,1.000,88,1318.5102,0.000206,-0.029859,1,1
0.200,180.0,1.000,93,1760.0000,0.000049,-0.017139,1,1
0.200,180.0,1.000,96,2093.0045,0.000130,-0.012208,1,1
0.200,180.0,4.000,21,27.5000,-0.005878,2.709647,1,0
0.200,180.0,4.000,33,55.0000,-0.003985,0.905846,1,0
0.200,180.0,4.000,40,82.4069,-0.002039,0.382373,1,0
0.200,180.0,4.000,45,110.0000,-0.001146,0.175159,1,0
0.200,180.0,4.000,52,164.8138,-0.000090,0.020448,1,0
0.200,180.0,4.000,57,220.0000,0.000430,-0.034994,1,0
0.200,180.0,4.000,64,329.6276,0.001409,-0.072611,1,0
0.200,180.0,4.000,69,440.0000,0.002586,-0.083006,1,0
0.200,180.0,4.000,76,659.2551,0.004808,-0.083294,1,0
0.200,180.0,4.000,81,880.0000,-0.009580,-0.075753,1,0
0.200,180.0,4.000,88,1318.5102,0.033040,-0.057627,1,0
0.200,180.0,4.000,93,1760.0000,0.107945,-0.042597,1,0
0.200,180.0,4.000,96,2093.0045,-3.786746,-0.034102,1,0
0.200,330.0,0.050,21,27.5000,-0.000536,0.046613,1,0
0.200,330.0,0.050,33,55.0000,0.000016,0.047601,1,0
0.200,330.0,0.050,40,82.4069,0.000200,0.049336,1,0
0.200,330.0,0.050,45,110.0000,-0.000010,0.052005,1,0
0.200,330.0,0.050,52,164.8138,0.000096,0.061403,1,0
0.200,330.0,0.050,57,220.0000,-0.000028,0.082138,1,0
0.200,330.0,0.050,64,329.6276,-0.020555,0.010467,1,0
0.200,330.0,0.050,69,440.0000,0.000091,-0.057805,1,0
0.200,330.0,0.050,76,659.2551,0.000015,-0.015399,1,0
0.200,330.0,0.050,81,880.0000,-0.000008,-0.007552,1,0
0.200,330.0,0.050,88,1318.5102,0.000045,-0.003084,1,0
0.200,330.0,0.050,93,1760.0000,-0.000007,-0.001679,1,0
0.200,330.0,0.050,96,2093.0045,0.000102,-0.001172,1,0
0.200,330.0,0.150,21,27.5000,-0.000535,0.139760,1,1
0.200,330.0,0.150,33,55.0000,0.000015,0.142468,1,1
0.200,330.0,0.150,40,82.4069,0.000198,0.147173,1,1
0.200,330.0,0.150,45,110.0000,-0.000016,0.154282,1,1
0.200,330.0,0.150,52,164.8138,0.000014,0.177935,1,1
0.200,330.0,0.150,57,220.0000,-0.001074,0.221294,1,1
0.200,330.0,0.150,64,329.6276,-0.002483,0.003491,1,1
0.200,330.0,0.150,69,440.0000,0.004301,-0.141195,1,1
0.200,330.0,0.150,76,659.2551,0.000100,-0.044615,1,1
0.200,330.0,0.150,81,880.0000,0.000004,-0.022319,1,1
0.200,330.0,0.150,88,1318.5102,0.000046,-0.009199,1,1
0.200,330.0,0.150,93,1760.0000,-0.000007,-0.005021,1,1
0.200,330.0,0.150,96,2093.0045,0.000103,-0.003510,1,1
0.200,330.0,0.500,21,27.5000,-0.000538,0.462902,1,1
0.200,330.0,0.500,33,55.0000,-0.000016,0.462559,1,1
0.200,330.0,0.500,40,82.4069,0.000035,0.461017,1,1
0.200,330.0,0.500,45,110.0000,-0.000596,0.456593,1,1
0.200,330.0,0.500,52,164.8138,-0.003740,0.427523,1,1
0.200,330.0,0.500,57,220.0000,-0.013108,0.341578,1,1
0.200,330.0,0.500,64,329.6276,0.001090,0.001047,1,1
0.200,330.0,0.500,69,440.0000,0.017920,-0.151173,1,1
0.200,330.0,0.500,76,659.2551,0.003889,-0.107012,1,1
0.200,330.0,0.500,81,880.0000,0.000996,-0.063590,1,1
0.200,330.0,0.500,88,1318.5102,0.000197,-0.028816,1,1
0.200,330.0,0.500,93,1760.0000,0.000040,-0.016187,1,1
0.200,330.0,0.500,96,2093.0045,0.000121,-0.011432,1,1
0.200,330.0,1.000,21,27.5000,-0.000563,0.906787,1,1
0.200,330.0,1.000,33,55.0000,-0.000355,0.852155,1,1
0.200,330.0,1.000,40,82.4069,-0.001324,0.769238,1,1
0.200,330.0,1.000,45,110.0000,-0.003660,0.666686,1,1
0.200,330.0,1.000,52,164.8138,-0.008626,0.445251,1,1
0.200,330.0,1.000,57,220.0000,-0.009834,0.246622,1,1
0.200,330.0,1.000,64,329.6276,0.000248,0.000524,1,1
0.200,330.0,1.000,69,440.0000,0.009375,-0.093382,1,1
0.200,330.0,1.000,76,659.2551,0.009129,-0.111214,1,1
0.200,330.0,1.000,81,880.0000,0.005531,-0.086000,1,1
0.200,330.0,1.000,88,1318.5102,0.001575,-0.048080,1,1
0.200,330.0,1.000,93,1760.0000,0.000542,-0.029213,1,1
0.200,330.0,1.000,96,2093.0045,-0.001435,-0.021260,1,1
0.200,330.0,4.000,21,27.5000,-0.002905,2.570970,1,0
0.200,330.0,4.000,33,55.0000,-0.005512,1.322582,1,0
0.200,330.0,4.000,40,82.4069,-0.004694,0.713239,1,0
0.200,330.0,4.000,45,110.0000,-0.003527,0.416787,1,0
0.200,330.0,4.000,52,164.8138,-0.001788,0.168257,1,0
0.200,330.0,4.000,57,220.0000,-0.000957,0.071589,1,0
0.200,330.0,4.000,64,329.6276,-0.000108,0.000131,1,0
0.200,330.0,4.000,69,440.0000,0.000286,-0.025199,1,0
0.200,330.0,4.000,76,659.2551,0.004693,-0.041940,1,0
0.200,330.0,4.000,81,880.0000,-0.029494,-0.046017,1,0
0.200,330.0,4.000,88,1318.5102,-2.295808,-0.044575,1,0
0.200,330.0,4.000,93,1760.0000,-2.305025,-0.039575,1,0
0.200,330.0,4.000,96,2093.0045,-2.828955,-0.035381,1,0
0.200,660.0,0.050,21,27.5000,-0.000536,0.023175,1,0
0.200,660.0,0.050,33,55.0000,0.000017,0.023295,1,0
0.200,660.0,0.050,40,82.4069,0.000200,0.023498,1,0
0.200,660.0,0.050,45,110.0000,-0.000010,0.023789,1,0
0.200,660.0,0.050,52,164.8138,0.000098,0.024656,1,0
0.200,660.0,0.050,57,220.0000,-0.000009,0.025989,1,0
0.200,660.0,0.050,64,329.6276,-0.000003,0.030684,1,0
0.200,660.0,0.050,69,440.0000,-0.000028,0.041042,1,0
0.200,660.0,0.050,76,659.2551,-0.680075,0.005239,1,0
0.200,660.0,0.050,81,880.0000,0.000093,-0.028867,1,0
0.200,660.0,0.050,88,1318.5102,0.000047,-0.007682,1,0
0.200,660.0,0.050,93,1760.0000,-0.000008,-0.003762,1,0
0.200,660.0,0.050,96,2093.0045,0.000103,-0.002535,1,0
0.200,660.0,0.150,21,27.5000,-0.000536,0.069516,1,0
0.200,660.0,0.150,33,55.0000,0.000017,0.069847,1,0
0.200,660.0,0.150,40,82.4069,0.000200,0.070403,1,0
0.200,660.0,0.150,45,110.0000,-0.000010,0.071200,1,0
0.200,660.0,0.150,52,164.8138,0.000096,0.073550,1,0
0.200,660.0,0.150,57,220.0000,-0.000017,0.077102,1,0
0.200,660.0,0.150,64,329.6276,-0.000085,0.088920,1,0
0.200,660.0,0.150,69,440.0000,-0.001069,0.110590,1,0
0.200,660.0,0.150,76,659.2551,-0.625743,0.001747,1,0
0.200,660.0,0.150,81,880.0000,0.004254,-0.070544,1,0
0.200,660.0,0.150,88,1318.5102,0.000124,-0.022259,1,0
0.200,660.0,0.150,93,1760.0000,0.000005,-0.011118,1,0
0.200,660.0,0.150,96,2093.0045,0.000105,-0.007534,1,0
0.200,660.0,0.500,21,27.5000,-0.000536,0.231354,1,0
0.200,660.0,0.500,33,55.0000,0.000013,0.231344,1,0
0.200,660.0,0.500,40,82.4069,0.000191,0.231299,1,0
0.200,660.0,0.500,45,110.0000,-0.000039,0.231175,1,0
0.200,660.0,0.500,52,164.8138,-0.000067,0.230409,1,0
0.200,660.0,0.500,57,220.0000,-0.000595,0.228207,1,0
0.200,660.0,0.500,64,329.6276,-0.003790,0.213713,1,0
0.200,660.0,0.500,69,440.0000,-0.013132,0.170809,1,0
0.200,660.0,0.500,76,659.2551,0.021013,0.000524,1,0
0.200,660.0,0.500,81,880.0000,0.053362,-0.075635,1,0
0.200,660.0,0.500,88,1318.5102,0.004580,-0.053458,1,0
0.200,660.0,0.500,93,1760.0000,0.000985,-0.031713,1,0
0.200,660.0,0.500,96,2093.0045,0.000824,-0.022647,1,0
0.200,660.0,1.000,21,27.5000,-0.000538,0.460309,1,0
0.200,660.0,1.000,33,55.0000,-0.000012,0.453192,1,0
0.200,660.0,1.000,40,82.4069,0.000074,0.441647,1,0
0.200,660.0,1.000,45,110.0000,-0.000377,0.425916,1,0
0.200,660.0,1.000,52,164.8138,-0.001425,0.384513,1,0
0.200,660.0,1.000,57,220.0000,-0.003652,0.333294,1,0
0.200,660.0,1.000,64,329.6276,-0.008630,0.222662,1,0
0.200,660.0,1.000,69,440.0000,-0.010064,0.123369,1,0
0.200,660.0,1.000,76,659.2551,0.002626,0.000262,1,0
0.200,660.0,1.000,81,880.0000,-0.063420,-0.046742,1,0
0.200,660.0,1.000,88,1318.5102,-0.208850,-0.055643,1,0
0.200,660.0,1.000,93,1760.0000,0.025403,-0.042977,1,0
0.200,660.0,1.000,96,2093.0045,-2.615931,-0.034219,1,0
0.200,660.0,4.000,21,27.5000,-0.000856,1.668269,1,0
0.200,660.0,4.000,33,55.0000,-0.002359,1.285256,1,0
0.200,660.0,4.000,40,82.4069,-0.004437,0.926965,1,0
0.200,660.0,4.000,45,110.0000,-0.005513,0.661388,1,0
0.200,660.0,4.000,52,164.8138,-0.004807,0.356732,1,0
0.200,660.0,4.000,57,220.0000,-0.003544,0.208480,1,0
0.200,660.0,4.000,64,329.6276,-0.001915,0.084174,1,0
0.200,660.0,4.000,69,440.0000,-0.001378,0.035818,1,0
0.200,660.0,4.000,76,659.2551,0.008802,0.000066,1,0
0.200,660.0,4.000,81,880.0000,-0.306672,-0.012616,1,0
0.200,660.0,4.000,88,1318.5102,-1.543933,-0.021015,1,0
0.200,660.0,4.000,93,1760.0000,-0.300131,-0.023083,1,0
0.200,660.0,4.000,96,2093.0045,-2.401041,-0.023240,1,0
0.200,2000.0,0.050,21,27.5000,-0.000536,0.007597,1,0
0.200,2000.0,0.050,33,55.0000,0.000017,0.007601,1,0
0.200,2000.0,0.050,40,82.4069,0.000200,0.007608,1,0
0.200,2000.0,0.050,45,110.0000,-0.000009,0.007618,1,0
0.200,2000.0,0.050,52,164.8138,0.000098,0.007647,1,0
0.200,2000.0,0.050,57,220.0000,-0.000009,0.007687,1,0
0.200,2000.0,0.050,64,329.6276,-0.000002,0.007804,1,0
0.200,2000.0,0.050,69,440.0000,-0.000009,0.007976,1,0
0.200,2000.0,0.050,76,659.2551,0.000013,0.008505,1,0
0.200,2000.0,0.050,81,880.0000,-0.000009,0.009381,1,0
0.200,2000.0,0.050,88,1318.5102,0.000026,0.013225,1,0
0.200,2000.0,0.050,93,1760.0000,-0.004113,0.029171,1,0
0.200,2000.0,0.050,96,2093.0045,1.440408,-0.036375,1,0
0.200,2000.0,0.150,21,27.5000,-0.000536,0.022791,1,0
0.200,2000.0,0.150,33,55.0000,0.000017,0.022803,1,0
0.200,2000.0,0.150,40,82.4069,0.000200,0.022822,1,0
0.200,2000.0,0.150,45,110.0000,-0.000010,0.022850,1,0
0.200,2000.0,0.150,52,164.8138,0.000098,0.022928,1,0
0.200,2000.0,0.150,57,220.0000,-0.000009,0.023039,1,0
0.200,2000.0,0.150,64,329.6276,-0.000002,0.023360,1,0
0.200,2000.0,0.150,69,440.0000,-0.000010,0.023826,1,0
0.200,2000.0,0.150,76,659.2551,0.000007,0.025242,1,0
0.200,2000.0,0.150,81,880.0000,-0.000043,0.027500,1,0
0.200,2000.0,0.150,88,1318.5102,-0.000916,0.035885,1,0
0.200,2000.0,0.150,93,1760.0000,0.069369,0.042942,1,0
0.200,2000.0,0.150,96,2093.0045,-0.584157,-0.020470,1,0
0.200,2000.0,0.500,21,27.5000,-0.000536,0.075958,1,0
0.200,2000.0,0.500,33,55.0000,0.000017,0.075958,1,0
0.200,2000.0,0.500,40,82.4069,0.000200,0.075958,1,0
0.200,2000.0,0.500,45,110.0000,-0.000010,0.075958,1,0
0.200,2000.0,0.500,52,164.8138,0.000096,0.075957,1,0
0.200,2000.0,0.500,57,220.0000,-0.000015,0.075952,1,0
0.200,2000.0,0.500,64,329.6276,-0.000030,0.075913,1,0
0.200,2000.0,0.500,69,440.0000,-0.000102,0.075796,1,0
0.200,2000.0,0.500,76,659.2551,-0.000521,0.075032,1,0
0.200,2000.0,0.500,81,880.0000,-0.002073,0.072730,1,0
0.200,2000.0,0.500,88,1318.5102,0.030049,0.057334,1,0
0.200,2000.0,0.500,93,1760.0000,2.068867,0.021071,1,0
0.200,2000.0,0.500,96,2093.0045,-3.423589,-0.006663,1,0
0.200,2000.0,1.000,21,27.5000,-0.000536,0.151830,1,0
0.200,2000.0,1.000,33,55.0000,0.000016,0.151575,1,0
0.200,2000.0,1.000,40,82.4069,0.000198,0.151154,1,0
0.200,2000.0,1.000,45,110.0000,-0.000014,0.150561,1,0
0.200,2000.0,1.000,52,164.8138,0.000073,0.148895,1,0
0.200,2000.0,1.000,57,220.0000,-0.000085,0.146580,1,0
0.200,2000.0,1.000,64,329.6276,-0.000345,0.140222,1,0
0.200,2000.0,1.000,69,440.0000,-0.000979,0.131764,1,0
0.200,2000.0,1.000,76,659.2551,-0.003443,0.110594,1,0
0.200,2000.0,1.000,81,880.0000,-0.006648,0.086533,1,0
0.200,2000.0,1.000,88,1318.5102,0.672023,0.042213,1,0
0.200,2000.0,1.000,93,1760.0000,2.503115,0.011057,1,0
0.200,2000.0,1.000,96,2093.0045,-1.287810,-0.003353,1,0
0.200,2000.0,4.000,21,27.5000,-0.000541,0.600587,1,0
0.200,2000.0,4.000,33,55.0000,-0.000057,0.580308,1,0
0.200,2000.0,4.000,40,82.4069,-0.000105,0.549466,1,0
0.200,2000.0,4.000,45,110.0000,-0.000784,0.511084,1,0
0.200,2000.0,4.000,52,164.8138,-0.002206,0.426181,1,0
0.200,2000.0,4.000,57,220.0000,-0.003911,0.344705,1,0
0.200,2000.0,4.000,64,329.6276,-0.005461,0.221834,1,0
0.200,2000.0,4.000,69,440.0000,-0.005398,0.145765,1,0
0.200,2000.0,4.000,76,659.2551,-0.002990,0.070666,1,0
0.200,2000.0,4.000,81,880.0000,-0.018481,0.038029,1,0
0.200,2000.0,4.000,88,1318.5102,0.457608,0.012381,1,0
0.200,2000.0,4.000,93,1760.0000,-1.594475,0.002808,1,0
0.200,2000.0,4.000,96,2093.0045,0.253495,-0.000840,1,0
0.350,20.0,0.050,21,27.5000,-0.000366,-1.466132,1,0
0.350,20.0,0.050,33,55.0000,0.000010,-0.203360,1,0
0.350,20.0,0.050,40,82.4069,0.000200,-0.083619,1,0
0.350,20.0,0.050,45,110.0000,-0.000010,-0.045689,1,0
0.350,20.0,0.050,52,164.8138,0.000098,-0.019977,1,0
0.350,20.0,0.050,57,220.0000,-0.000010,-0.011139,1,0
0.350,20.0,0.050,64,329.6276,-0.000002,-0.004939,1,0
0.350,20.0,0.050,69,440.0000,-0.000009,-0.002767,1,0
0.350,20.0,0.050,76,659.2551,0.000013,-0.001231,1,0
0.350,20.0,0.050,81,880.0000,-0.000010,-0.000690,1,0
0.350,20.0,0.050,88,1318.5102,0.000045,-0.000307,1,0
0.350,20.0,0.050,93,1760.0000,-0.000008,-0.000172,1,0
0.350,20.0,0.050,96,2093.0045,0.000102,-0.000121,1,0
0.350,20.0,0.150,21,27.5000,0.008258,-3.707832,1,1
0.350,20.0,0.150,33,55.0000,0.000041,-0.601643,1,1
0.350,20.0,0.150,40,82.4069,0.000203,-0.249530,1,1
0.350,20.0,0.150,45,110.0000,-0.000007,-0.136681,1,1
0.350,20.0,0.150,52,164.8138,0.000098,-0.059859,1,1
0.350,20.0,0.150,57,220.0000,-0.000009,-0.033395,1,1
0.350,20.0,0.150,64,329.6276,-0.000002,-0.014812,1,1
0.350,20.0,0.150,69,440.0000,-0.000009,-0.008300,1,1
0.350,20.0,0.150,76,659.2551,0.000013,-0.003692,1,1
0.350,20.0,0.150,81,880.0000,-0.000009,-0.002070,1,1
0.350,20.0,0.150,88,1318.5102,0.000045,-0.000921,1,1
0.350,20.0,0.150,93,1760.0000,-0.000008,-0.000516,1,1
0.350,20.0,0.150,96,2093.0045,0.000103,-0.000364,1,1
0.350,20.0,0.500,21,27.5000,0.050927,-4.437058,1,1
0.350,20.0,0.500,33,55.0000,0.002650,-1.732870,1,1
0.350,20.0,0.500,40,82.4069,0.000641,-0.784564,1,1
0.350,20.0,0.500,45,110.0000,0.000120,-0.441443,1,1
0.350,20.0,0.500,52,164.8138,0.000122,-0.196816,1,1
0.350,20.0,0.500,57,220.0000,-0.000002,-0.110472,1,1
0.350,20.0,0.500,64,329.6276,-0.000001,-0.049208,1,1
0.350,20.0,0.500,69,440.0000,-0.000009,-0.027614,1,1
0.350,20.0,0.500,76,659.2551,0.000014,-0.012297,1,1
0.350,20.0,0.500,81,880.0000,-0.000008,-0.006898,1,1
0.350,20.0,0.500,88,1318.5102,0.000045,-0.003068,1,1
0.350,20.0,0.500,93,1760.0000,-0.000008,-0.001719,1,1
0.350,20.0,0.500,96,2093.0045,0.000102,-0.001213,1,1
0.350,20.0,1.000,21,27.5000,0.026911,-2.850667,1,1
0.350,20.0,1.000,33,55.0000,0.013906,-2.393366,1,1
0.350,20.0,1.000,40,82.4069,0.004372,-1.321847,1,1
0.350,20.0,1.000,45,110.0000,0.001527,-0.800842,1,1
0.350,20.0,1.000,52,164.8138,0.000437,-0.376743,1,1
0.350,20.0,1.000,57,220.0000,0.000103,-0.215557,1,1
0.350,20.0,1.000,64,329.6276,0.000021,-0.097338,1,1
0.350,20.0,1.000,69,440.0000,-0.000002,-0.054888,1,1
0.350,20.0,1.000,76,659.2551,0.000015,-0.024525,1,1
0.350,20.0,1.000,81,880.0000,-0.000009,-0.013774,1,1
0.350,20.0,1.000,88,1318.5102,0.000045,-0.006133,1,1
0.350,20.0,1.000,93,1760.0000,-0.000009,-0.003436,1,1
0.350,20.0,1.000,96,2093.0045,0.000102,-0.002426,1,1
0.350,20.0,4.000,21,27.5000,0.001780,-0.782335,1,0
0.350,20.0,4.000,33,55.0000,0.009365,-1.331999,1,0
0.350,20.0,4.000,40,82.4069,0.015357,-1.273742,1,0
0.350,20.0,4.000,45,110.0000,0.016759,-1.120793,1,0
0.350,20.0,4.000,52,164.8138,0.013628,-0.811109,1,0
0.350,20.0,4.000,57,220.0000,0.008652,-0.579578,1,0
0.350,20.0,4.000,64,329.6276,0.003232,-0.319350,1,0
0.350,20.0,4.000,69,440.0000,0.001300,-0.195435,1,0
0.350,20.0,4.000,76,659.2551,0.000338,-0.092982,1,0
0.350,20.0,4.000,81,880.0000,0.000100,-0.053446,1,0
0.350,20.0,4.000,88,1318.5102,0.000066,-0.024198,1,0
0.350,20.0,4.000,93,1760.0000,-0.000002,-0.013640,1,0
0.350,20.0,4.000,96,2093.0045,0.000105,-0.009650,1,0
0.350,110.0,0.050,21,27.5000,-0.000527,0.259089,1,0
0.350,110.0,0.050,33,55.0000,0.000011,0.322656,1,0
0.350,110.0,0.050,40,82.4069,-0.000101,0.538281,1,0
0.350,110.0,0.050,45,110.0000,0.013563,0.000000,1,0
0.350,110.0,0.050,52,164.8138,0.000155,-0.192453,1,0
0.350,110.0,0.050,57,220.0000,-0.000006,-0.080659,1,0
0.350,110.0,0.050,64,329.6276,-0.000002,-0.030413,1,0
0.350,110.0,0.050,69,440.0000,-0.000009,-0.016189,1,0
0.350,110.0,0.050,76,659.2551,0.000013,-0.006955,1,0
0.350,110.0,0.050,81,880.0000,-0.000008,-0.003853,1,0
0.350,110.0,0.050,88,1318.5102,0.000047,-0.001699,1,0
0.350,110.0,0.050,93,1760.0000,-0.000008,-0.000949,1,0
0.350,110.0,0.050,96,2093.0045,0.000102,-0.000669,1,0
0.350,110.0,0.150,21,27.5000,-0.000536,0.772873,1,1
0.350,110.0,0.150,33,55.0000,-0.000240,0.934874,1,1
0.350,110.0,0.150,40,82.4069,-0.012854,1.316520,1,1
0.350,110.0,0.150,45,110.0000,0.010817,0.000000,1,1
0.350,110.0,0.150,52,164.8138,0.003349,-0.518174,1,1
0.350,110.0,0.150,57,220.0000,0.000246,-0.233705,1,1
0.350,110.0,0.150,64,329.6276,0.000019,-0.090224,1,1
0.350,110.0,0.150,69,440.0000,-0.000004,-0.048291,1,1
0.350,110.0,0.150,76,659.2551,0.000014,-0.020815,1,1
0.350,110.0,0.150,81,880.0000,-0.000009,-0.011545,1,1
0.350,110.0,0.150,88,1318.5102,0.000045,-0.005095,1,1
0.350,110.0,0.150,93,1760.0000,-0.000009,-0.002846,1,1
0.350,110.0,0.150,96,2093.0045,0.000102,-0.002007,1,1
0.350,110.0,0.500,21,27.5000,-0.001038,2.420594,1,1
0.350,110.0,0.500,33,55.0000,-0.011745,2.243748,1,1
0.350,110.0,0.500,40,82.4069,-0.055230,1.415197,1,1
0.350,110.0,0.500,45,110.0000,0.004031,-0.000000,1,1
0.350,110.0,0.500,52,164.8138,0.040231,-0.797509,1,1
0.350,110.0,0.500,57,220.0000,0.011667,-0.560923,1,1
0.350,110.0,0.500,64,329.6276,0.001805,-0.266930,1,1
0.350,110.0,0.500,69,440.0000,0.000493,-0.151251,1,1
0.350,110.0,0.500,76,659.2551,0.000107,-0.067578,1,1
0.350,110.0,0.500,81,880.0000,0.000020,-0.037929,1,1
0.350,110.0,0.500,88,1318.5102,0.000050,-0.016876,1,1
0.350,110.0,0.500,93,1760.0000,-0.000008,-0.009453,1,1
0.350,110.0,0.500,96,2093.0045,0.000102,-0.006672,1,1
0.350,110.0,1.000,21,27.5000,-0.005190,4.037147,1,1
0.350,110.0,1.000,33,55.0000,-0.026683,2.333753,1,1
0.350,110.0,1.000,40,82.4069,-0.025836,0.875362,1,1
0.350,110.0,1.000,45,110.0000,0.001843,-0.000000,1,1
0.350,110.0,1.000,52,164.8138,0.032500,-0.574922,1,1
0.350,110.0,1.000,57,220.0000,0.026533,-0.583449,1,1
0.350,110.0,1.000,64,329.6276,0.011179,-0.389497,1,1
0.350,110.0,1.000,69,440.0000,0.004602,-0.252283,1,1
0.350,110.0,1.000,76,659.2551,0.001160,-0.124483,1,1
0.350,110.0,1.000,81,880.0000,0.000380,-0.072418,1,1
0.350,110.0,1.000,88,1318.5102,0.000118,-0.033060,1,1
0.350,110.0,1.000,93,1760.0000,0.000016,-0.018688,1,1
0.350,110.0,1.000,96,2093.0045,0.000108,-0.013235,1,1
0.350,110.0,4.000,21,27.5000,-0.015248,3.737347,1,0
0.350,110.0,4.000,33,55.0000,-0.005859,0.880833,1,0
0.350,110.0,4.000,40,82.4069,-0.001665,0.236354,1,0
0.350,110.0,4.000,45,110.0000,0.000636,-0.000000,1,0
0.350,110.0,4.000,52,164.8138,0.004205,-0.166756,1,0
0.350,110.0,4.000,57,220.0000,0.005023,-0.220222,1,0
0.350,110.0,4.000,64,329.6276,0.005835,-0.243165,1,0
0.350,110.0,4.000,69,440.0000,0.014416,-0.233625,1,0
0.350,110.0,4.000,76,659.2551,-0.082938,-0.193066,1,0
0.350,110.0,4.000,81,880.0000,-0.131293,-0.151912,1,0
0.350,110.0,4.000,88,1318.5102,0.045679,-0.093797,1,0
0.350,110.0,4.000,93,1760.0000,0.001474,-0.060748,1,0
0.350,110.0,4.000,96,2093.0045,-0.265739,-0.045530,1,0
0.350,180.0,0.050,21,27.5000,-0.000539,0.152050,1,0
0.350,180.0,0.050,33,55.0000,0.000012,0.163647,1,0
0.350,180.0,0.050,40,82.4069,0.000196,0.187296,1,0
0.350,180.0,0.050,45,110.0000,-0.000030,0.234837,1,0
0.350,180.0,0.050,52,164.8138,-0.053270,0.695754,1,0
0.350,180.0,0.050,57,220.0000,0.001675,-0.283410,1,0
0.350,180.0,0.050,64,329.6276,0.000005,-0.062723,1,0
0.350,180.0,0.050,69,440.0000,-0.000008,-0.029775,1,0
0.350,180.0,0.050,76,659.2551,0.000014,-0.011947,1,0
0.350,180.0,0.050,81,880.0000,-0.000009,-0.006476,1,0
0.350,180.0,0.050,88,1318.5102,0.000047,-0.002813,1,0
0.350,180.0,0.050,93,1760.0000,-0.000008,-0.001563,1,0
0.350,180.0,0.050,96,2093.0045,0.000102,-0.001100,1,0
0.350,180.0,0.150,21,27.5000,-0.000536,0.455260,1,1
0.350,180.0,0.150,33,55.0000,-0.000001,0.486526,1,1
0.350,180.0,0.150,40,82.4069,0.000060,0.547250,1,1
0.350,180.0,0.150,45,110.0000,-0.001360,0.655124,1,1
0.350,180.0,0.150,52,164.8138,-0.186603,0.709193,1,1
0.350,180.0,0.150,57,220.0000,0.043771,-0.581698,1,1
0.350,180.0,0.150,64,329.6276,0.000503,-0.179530,1,1
0.350,180.0,0.150,69,440.0000,0.000058,-0.087637,1,1
0.350,180.0,0.150,76,659.2551,0.000021,-0.035595,1,1
0.350,180.0,0.150,81,880.0000,-0.000008,-0.019357,1,1
0.350,180.0,0.150,88,1318.5102,0.000047,-0.008427,1,1
0.350,180.0,0.150,93,1760.0000,-0.000008,-0.004685,1,1
0.350,180.0,0.150,96,2093.0045,0.000102,-0.003297,1,1
0.350,180.0,0.500,21,27.5000,-0.000599,1.484548,1,1
0.350,180.0,0.500,33,55.0000,-0.001197,1.471232,1,1
0.350,180.0,0.500,40,82.4069,-0.007616,1.407194,1,1
0.350,180.0,0.500,45,110.0000,-0.028956,1.215043,1,1
0.350,180.0,0.500,52,164.8138,-0.040564,0.277804,1,1
0.350,180.0,0.500,57,220.0000,0.053337,-0.422268,1,1
0.350,180.0,0.500,64,329.6276,0.017587,-0.393127,1,1
0.350,180.0,0.500,69,440.0000,0.004547,-0.240459,1,1
0.350,180.0,0.500,76,659.2551,0.000762,-0.110014,1,1
0.350,180.0,0.500,81,880.0000,0.000206,-0.061971,1,1
0.350,180.0,0.500,88,1318.5102,0.000082,-0.027607,1,1
0.350,180.0,0.500,93,1760.0000,0.000003,-0.015468,1,1
0.350,180.0,0.500,96,2093.0045,0.000107,-0.010918,1,1
0.350,180.0,1.000,21,27.5000,-0.001353,2.770573,1,1
0.350,180.0,1.000,33,55.0000,-0.008712,2.253125,1,1
0.350,180.0,1.000,40,82.4069,-0.023158,1.605064,1,1
0.350,180.0,1.000,45,110.0000,-0.031120,0.986961,1,1
0.350,180.0,1.000,52,164.8138,-0.010361,0.142125,1,1
0.350,180.0,1.000,57,220.0000,0.017693,-0.235992,1,1
0.350,180.0,1.000,64,329.6276,0.029226,-0.368992,1,1
0.350,180.0,1.000,69,440.0000,0.017533,-0.303808,1,1
0.350,180.0,1.000,76,659.2551,0.006165,-0.177454,1,1
0.350,180.0,1.000,81,880.0000,0.002340,-0.109636,1,1
0.350,180.0,1.000,88,1318.5102,0.000556,-0.052253,1,1
0.350,180.0,1.000,93,1760.0000,0.000167,-0.029992,1,1
0.350,180.0,1.000,96,2093.0045,0.000115,-0.021364,1,1
0.350,180.0,4.000,21,27.5000,-0.016936,4.742168,1,0
0.350,180.0,4.000,33,55.0000,-0.012285,1.585471,1,0
0.350,180.0,4.000,40,82.4069,-0.006418,0.669278,1,0
0.350,180.0,4.000,45,110.0000,-0.003138,0.306590,1,0
0.350,180.0,4.000,52,164.8138,0.000344,0.035791,1,0
0.350,180.0,4.000,57,220.0000,0.001111,-0.061252,1,0
0.350,180.0,4.000,64,329.6276,0.002945,-0.127094,1,0
0.350,180.0,4.000,69,440.0000,0.011693,-0.145287,1,0
0.350,180.0,4.000,76,659.2551,-0.017053,-0.145784,1,0
0.350,180.0,4.000,81,880.0000,1.875585,-0.132582,1,0
0.350,180.0,4.000,88,1318.5102,-4.100592,-0.100851,1,0
0.350,180.0,4.000,93,1760.0000,-3.164225,-0.074546,1,0
0.350,180.0,4.000,96,2093.0045,1.011353,-0.059679,1,0
0.350,330.0,0.050,21,27.5000,-0.000536,0.081572,1,0
0.350,330.0,0.050,33,55.0000,0.000016,0.083302,1,0
0.350,330.0,0.050,40,82.4069,0.000200,0.086337,1,0
0.350,330.0,0.050,45,110.0000,-0.000010,0.091009,1,0
0.350,330.0,0.050,52,164.8138,0.000094,0.107455,1,0
0.350,330.0,0.050,57,220.0000,-0.000066,0.143742,1,0
0.350,330.0,0.050,64,329.6276,1.391209,0.018322,1,0
0.350,330.0,0.050,69,440.0000,0.000295,-0.101159,1,0
0.350,330.0,0.050,76,659.2551,0.000018,-0.026949,1,0
0.350,330.0,0.050,81,880.0000,-0.000008,-0.013217,1,0
0.350,330.0,0.050,88,1318.5102,0.000047,-0.005397,1,0
0.350,330.0,0.050,93,1760.0000,-0.000008,-0.002938,1,0
0.350,330.0,0.050,96,2093.0045,0.000102,-0.002052,1,0
0.350,330.0,0.150,21,27.5000,-0.000535,0.244580,1,1
0.350,330.0,0.150,33,55.0000,0.000014,0.249319,1,1
0.350,330.0,0.150,40,82.4069,0.000195,0.257552,1,1
0.350,330.0,0.150,45,110.0000,-0.000031,0.269994,1,1
0.350,330.0,0.150,52,164.8138,-0.000157,0.311386,1,1
0.350,330.0,0.150,57,220.0000,-0.003256,0.387264,1,1
0.350,330.0,0.150,64,329.6276,-0.099237,0.006110,1,1
0.350,330.0,0.150,69,440.0000,0.013078,-0.247090,1,1
0.350,330.0,0.150,76,659.2551,0.000275,-0.078076,1,1
0.350,330.0,0.150,81,880.0000,0.000032,-0.039058,1,1
0.350,330.0,0.150,88,1318.5102,0.000051,-0.016098,1,1
0.350,330.0,0.150,93,1760.0000,-0.000006,-0.008787,1,1
0.350,330.0,0.150,96,2093.0045,0.000103,-0.006143,1,1
0.350,330.0,0.500,21,27.5000,-0.000541,0.810078,1,1
0.350,330.0,0.500,33,55.0000,-0.000077,0.809477,1,1
0.350,330.0,0.500,40,82.4069,-0.000303,0.806777,1,1
0.350,330.0,0.500,45,110.0000,-0.001803,0.799035,1,1
0.350,330.0,0.500,52,164.8138,-0.011657,0.748169,1,1
0.350,330.0,0.500,57,220.0000,-0.040358,0.597794,1,1
0.350,330.0,0.500,64,329.6276,0.054405,0.001833,1,1
0.350,330.0,0.500,69,440.0000,0.022739,-0.264580,1,1
0.350,330.0,0.500,76,659.2551,0.012030,-0.187271,1,1
0.350,330.0,0.500,81,880.0000,0.003027,-0.111281,1,1
0.350,330.0,0.500,88,1318.5102,0.000525,-0.050427,1,1
0.350,330.0,0.500,93,1760.0000,0.000138,-0.028328,1,1
0.350,330.0,0.500,96,2093.0045,0.000184,-0.020007,1,1
0.350,330.0,1.000,21,27.5000,-0.000617,1.586875,1,1
0.350,330.0,1.000,33,55.0000,-0.001113,1.491266,1,1
0.350,330.0,1.000,40,82.4069,-0.004465,1.346165,1,1
0.350,330.0,1.000,45,110.0000,-0.011204,1.166713,1,1
0.350,330.0,1.000,52,164.8138,-0.026705,0.779243,1,1
0.350,330.0,1.000,57,220.0000,-0.029926,0.431649,1,1
0.350,330.0,1.000,64,329.6276,0.003103,0.000917,1,1
0.350,330.0,1.000,69,440.0000,0.067299,-0.163446,1,1
0.350,330.0,1.000,76,659.2551,0.072914,-0.194638,1,1
0.350,330.0,1.000,81,880.0000,-0.011313,-0.150503,1,1
0.350,330.0,1.000,88,1318.5102,0.004177,-0.084139,1,1
0.350,330.0,1.000,93,1760.0000,0.001723,-0.051123,1,1
0.350,330.0,1.000,96,2093.0045,-0.053377,-0.037205,1,1
0.350,330.0,4.000,21,27.5000,-0.007799,4.499220,1,0
0.350,330.0,4.000,33,55.0000,-0.016968,2.314687,1,0
0.350,330.0,4.000,40,82.4069,-0.014717,1.248328,1,0
0.350,330.0,4.000,45,110.0000,-0.010635,0.729494,1,0
0.350,330.0,4.000,52,164.8138,-0.005343,0.294506,1,0
0.350,330.0,4.000,57,220.0000,-0.002715,0.125307,1,0
0.350,330.0,4.000,64,329.6276,-0.001186,0.000229,1,0
0.350,330.0,4.000,69,440.0000,-0.003346,-0.044108,1,0
0.350,330.0,4.000,76,659.2551,-0.500013,-0.073408,1,0
0.350,330.0,4.000,81,880.0000,-1.988804,-0.080544,1,0
0.350,330.0,4.000,88,1318.5102,-3.916860,-0.078016,1,0
0.350,330.0,4.000,93,1760.0000,-4.868372,-0.069262,1,0
0.350,330.0,4.000,96,2093.0045,-5.069266,-0.061921,1,0
0.350,660.0,0.050,21,27.5000,-0.000536,0.040557,1,0
0.350,660.0,0.050,33,55.0000,0.000017,0.040767,1,0
0.350,660.0,0.050,40,82.4069,0.000200,0.041121,1,0
0.350,660.0,0.050,45,110.0000,-0.000010,0.041631,1,0
0.350,660.0,0.050,52,164.8138,0.000098,0.043147,1,0
0.350,660.0,0.050,57,220.0000,-0.000009,0.045481,1,0
0.350,660.0,0.050,64,329.6276,-0.000006,0.053696,1,0
0.350,660.0,0.050,69,440.0000,-0.000066,0.071824,1,0
0.350,660.0,0.050,76,659.2551,-0.431884,0.009169,1,0
0.350,660.0,0.050,81,880.0000,0.000296,-0.050518,1,0
0.350,660.0,0.050,88,1318.5102,0.000048,-0.013443,1,0
0.350,660.0,0.050,93,1760.0000,-0.000008,-0.006583,1,0
0.350,660.0,0.050,96,2093.0045,0.000103,-0.004437,1,0
0.350,660.0,0.150,21,27.5000,-0.000536,0.121653,1,0
0.350,660.0,0.150,33,55.0000,0.000017,0.122232,1,0
0.350,660.0,0.150,40,82.4069,0.000200,0.123205,1,0
0.350,660.0,0.150,45,110.0000,-0.000010,0.124600,1,0
0.350,660.0,0.150,52,164.8138,0.000093,0.128713,1,0
0.350,660.0,0.150,57,220.0000,-0.000030,0.134929,1,0
0.350,660.0,0.150,64,329.6276,-0.000254,0.155609,1,0
0.350,660.0,0.150,69,440.0000,-0.003243,0.193531,1,0
0.350,660.0,0.150,76,659.2551,8.226382,0.003058,1,0
0.350,660.0,0.150,81,880.0000,0.012234,-0.123452,1,0
0.350,660.0,0.150,88,1318.5102,0.000291,-0.038954,1,0
0.350,660.0,0.150,93,1760.0000,0.000032,-0.019457,1,0
0.350,660.0,0.150,96,2093.0045,0.000120,-0.013184,1,0
0.350,660.0,0.500,21,27.5000,-0.000537,0.404869,1,0
0.350,660.0,0.500,33,55.0000,0.000009,0.404852,1,0
0.350,660.0,0.500,40,82.4069,0.000172,0.404773,1,0
0.350,660.0,0.500,45,110.0000,-0.000100,0.404555,1,0
0.350,660.0,0.500,52,164.8138,-0.000404,0.403215,1,0
0.350,660.0,0.500,57,220.0000,-0.001798,0.399361,1,0
0.350,660.0,0.500,64,329.6276,-0.011653,0.374000,1,0
0.350,660.0,0.500,69,440.0000,-0.040882,0.298933,1,0
0.350,660.0,0.500,76,659.2551,-0.944534,0.000917,1,0
0.350,660.0,0.500,81,880.0000,79.933898,-0.132374,1,0
0.350,660.0,0.500,88,1318.5102,0.006929,-0.093552,1,0
0.350,660.0,0.500,93,1760.0000,0.002050,-0.055497,1,0
0.350,660.0,0.500,96,2093.0045,-0.094953,-0.039632,1,0
0.350,660.0,1.000,21,27.5000,-0.000541,0.805540,1,0
0.350,660.0,1.000,33,55.0000,-0.000066,0.793085,1,0
0.350,660.0,1.000,40,82.4069,-0.000184,0.772879,1,0
0.350,660.0,1.000,45,110.0000,-0.001135,0.745350,1,0
0.350,660.0,1.000,52,164.8138,-0.004565,0.672896,1,0
0.350,660.0,1.000,57,220.0000,-0.011173,0.583272,1,0
0.350,660.0,1.000,64,329.6276,-0.026959,0.389684,1,0
0.350,660.0,1.000,69,440.0000,-0.031851,0.215927,1,0
0.350,660.0,1.000,76,659.2551,0.571202,0.000459,1,0
0.350,660.0,1.000,81,880.0000,-4.282226,-0.081812,1,0
0.350,660.0,1.000,88,1318.5102,-4.233927,-0.097382,1,0
0.350,660.0,1.000,93,1760.0000,-4.978628,-0.075212,1,0
0.350,660.0,1.000,96,2093.0045,-4.936358,-0.059883,1,0
0.350,660.0,4.000,21,27.5000,-0.001513,2.919459,1,0
0.350,660.0,4.000,33,55.0000,-0.007257,2.249209,1,0
0.350,660.0,4.000,40,82.4069,-0.014021,1.622246,1,0
0.350,660.0,4.000,45,110.0000,-0.016899,1.157513,1,0
0.350,660.0,4.000,52,164.8138,-0.014943,0.624361,1,0
0.350,660.0,4.000,57,220.0000,-0.010416,0.364898,1,0
0.350,660.0,4.000,64,329.6276,-0.006831,0.147333,1,0
0.350,660.0,4.000,69,440.0000,-0.007013,0.062695,1,0
0.350,660.0,4.000,76,659.2551,-0.185824,0.000115,1,0
0.350,660.0,4.000,81,880.0000,-1.354097,-0.022082,1,0
0.350,660.0,4.000,88,1318.5102,-1.905042,-0.036784,1,0
0.350,660.0,4.000,93,1760.0000,-1.628297,-0.040402,1,0
0.350,660.0,4.000,96,2093.0045,-2.460646,-0.040675,1,0
0.350,2000.0,0.050,21,27.5000,-0.000536,0.013295,1,0
0.350,2000.0,0.050,33,55.0000,0.000017,0.013302,1,0
0.350,2000.0,0.050,40,82.4069,0.000200,0.013315,1,0
0.350,2000.0,0.050,45,110.0000,-0.000009,0.013332,1,0
0.350,2000.0,0.050,52,164.8138,0.000098,0.013382,1,0
0.350,2000.0,0.050,57,220.0000,-0.000009,0.013453,1,0
0.350,2000.0,0.050,64,329.6276,-0.000002,0.013658,1,0
0.350,2000.0,0.050,69,440.0000,-0.000009,0.013957,1,0
0.350,2000.0,0.050,76,659.2551,0.000013,0.014884,1,0
0.350,2000.0,0.050,81,880.0000,-0.000010,0.016417,1,0
0.350,2000.0,0.050,88,1318.5102,-0.000008,0.023143,1,0
0.350,2000.0,0.050,93,1760.0000,-0.012140,0.051049,1,0
0.350,2000.0,0.050,96,2093.0045,1.048581,-0.063659,1,0
0.350,2000.0,0.150,21,27.5000,-0.000536,0.039885,1,0
0.350,2000.0,0.150,33,55.0000,0.000017,0.039905,1,0
0.350,2000.0,0.150,40,82.4069,0.000200,0.039939,1,0
0.350,2000.0,0.150,45,110.0000,-0.000010,0.039987,1,0
0.350,2000.0,0.150,52,164.8138,0.000098,0.040124,1,0
0.350,2000.0,0.150,57,220.0000,-0.000009,0.040319,1,0
0.350,2000.0,0.150,64,329.6276,-0.000003,0.040880,1,0
0.350,2000.0,0.150,69,440.0000,-0.000012,0.041696,1,0
0.350,2000.0,0.150,76,659.2551,-0.000006,0.044174,1,0
0.350,2000.0,0.150,81,880.0000,-0.000112,0.048125,1,0
0.350,2000.0,0.150,88,1318.5102,-0.002832,0.062798,1,0
0.350,2000.0,0.150,93,1760.0000,4.940978,0.075152,1,0
0.350,2000.0,0.150,96,2093.0045,-2.567914,-0.035829,1,0
0.350,2000.0,0.500,21,27.5000,-0.000536,0.132926,1,0
0.350,2000.0,0.500,33,55.0000,0.000016,0.132926,1,0
0.350,2000.0,0.500,40,82.4069,0.000200,0.132927,1,0
0.350,2000.0,0.500,45,110.0000,-0.000011,0.132927,1,0
0.350,2000.0,0.500,52,164.8138,0.000093,0.132925,1,0
0.350,2000.0,0.500,57,220.0000,-0.000026,0.132915,1,0
0.350,2000.0,0.500,64,329.6276,-0.000086,0.132847,1,0
0.350,2000.0,0.500,69,440.0000,-0.000292,0.132643,1,0
0.350,2000.0,0.500,76,659.2551,-0.001630,0.131306,1,0
0.350,2000.0,0.500,81,880.0000,-0.006308,0.127278,1,0
0.350,2000.0,0.500,88,1318.5102,5.113773,0.100340,1,0
0.350,2000.0,0.500,93,1760.0000,2.270281,0.036881,1,0
0.350,2000.0,0.500,96,2093.0045,-1.769262,-0.011662,1,0
0.350,2000.0,1.000,21,27.5000,-0.000536,0.265703,1,0
0.350,2000.0,1.000,33,55.0000,0.000015,0.265257,1,0
0.350,2000.0,1.000,40,82.4069,0.000195,0.264519,1,0
0.350,2000.0,1.000,45,110.0000,-0.000024,0.263482,1,0
0.350,2000.0,1.000,52,164.8138,0.000022,0.260565,1,0
0.350,2000.0,1.000,57,220.0000,-0.000240,0.256514,1,0
0.350,2000.0,1.000,64,329.6276,-0.001051,0.245388,1,0
0.350,2000.0,1.000,69,440.0000,-0.002980,0.230586,1,0
0.350,2000.0,1.000,76,659.2551,-0.010608,0.193541,1,0
0.350,2000.0,1.000,81,880.0000,-0.121635,0.151439,1,0
0.350,2000.0,1.000,88,1318.5102,4.048456,0.073882,1,0
0.350,2000.0,1.000,93,1760.0000,1.779691,0.019354,1,0
0.350,2000.0,1.000,96,2093.0045,-2.933622,-0.005868,1,0
0.350,2000.0,4.000,21,27.5000,-0.000551,1.051027,1,0
0.350,2000.0,4.000,33,55.0000,-0.000202,1.015537,1,0
0.350,2000.0,4.000,40,82.4069,-0.000729,0.961561,1,0
0.350,2000.0,4.000,45,110.0000,-0.002381,0.894393,1,0
0.350,2000.0,4.000,52,164.8138,-0.006960,0.745820,1,0
0.350,2000.0,4.000,57,220.0000,-0.011972,0.603248,1,0
0.350,2000.0,4.000,64,329.6276,-0.017201,0.388237,1,0
0.350,2000.0,4.000,69,440.0000,-0.017296,0.255116,1,0
0.350,2000.0,4.000,76,659.2551,0.012771,0.123685,1,0
0.350,2000.0,4.000,81,880.0000,1.221943,0.066562,1,0
0.350,2000.0,4.000,88,1318.5102,0.921746,0.021672,1,0
0.350,2000.0,4.000,93,1760.0000,1.501355,0.004914,1,0
0.350,2000.0,4.000,96,2093.0045,-0.078690,-0.001470,1,0
0.600,20.0,0.050,21,27.5000,-0.000055,-2.513358,1,0
0.600,20.0,0.050,33,55.0000,0.000006,-0.348617,1,0
0.600,20.0,0.050,40,82.4069,0.000200,-0.143347,1,0
0.600,20.0,0.050,45,110.0000,-0.000009,-0.078324,1,0
0.600,20.0,0.050,52,164.8138,0.000098,-0.034246,1,0
0.600,20.0,0.050,57,220.0000,-0.000009,-0.019096,1,0
0.600,20.0,0.050,64,329.6276,-0.000002,-0.008467,1,0
0.600,20.0,0.050,69,440.0000,-0.000009,-0.004744,1,0
0.600,20.0,0.050,76,659.2551,0.000014,-0.002110,1,0
0.600,20.0,0.050,81,880.0000,-0.000009,-0.001183,1,0
0.600,20.0,0.050,88,1318.5102,0.000047,-0.000526,1,0
0.600,20.0,0.050,93,1760.0000,-0.000007,-0.000295,1,0
0.600,20.0,0.050,96,2093.0045,0.000102,-0.000208,1,0
0.600,20.0,0.150,21,27.5000,0.025134,-6.356219,1,0
0.600,20.0,0.150,33,55.0000,0.000116,-1.031385,1,0
0.600,20.0,0.150,40,82.4069,0.000210,-0.427765,1,0
0.600,20.0,0.150,45,110.0000,-0.000005,-0.234310,1,0
0.600,20.0,0.150,52,164.8138,0.000098,-0.102615,1,0
0.600,20.0,0.150,57,220.0000,-0.000009,-0.057248,1,0
0.600,20.0,0.150,64,329.6276,-0.000002,-0.025393,1,0
0.600,20.0,0.150,69,440.0000,-0.000009,-0.014228,1,0
0.600,20.0,0.150,76,659.2551,0.000014,-0.006329,1,0
0.600,20.0,0.150,81,880.0000,-0.000008,-0.003549,1,0
0.600,20.0,0.150,88,1318.5102,0.000047,-0.001578,1,0
0.600,20.0,0.150,93,1760.0000,-0.000008,-0.000884,1,0
0.600,20.0,0.150,96,2093.0045,0.000103,-0.000624,1,0
0.600,20.0,0.500,21,27.5000,0.151920,-7.608313,1,0
0.600,20.0,0.500,33,55.0000,0.007732,-2.970599,1,0
0.600,20.0,0.500,40,82.4069,0.001479,-1.344954,1,0
0.600,20.0,0.500,45,110.0000,0.000370,-0.756756,1,0
0.600,20.0,0.500,52,164.8138,0.000169,-0.337397,1,0
0.600,20.0,0.500,57,220.0000,0.000013,-0.189381,1,0
0.600,20.0,0.500,64,329.6276,0.000002,-0.084357,1,0
0.600,20.0,0.500,69,440.0000,-0.000008,-0.047339,1,0
0.600,20.0,0.500,76,659.2551,0.000014,-0.021080,1,0
0.600,20.0,0.500,81,880.0000,-0.000009,-0.011825,1,0
0.600,20.0,0.500,88,1318.5102,0.000045,-0.005260,1,0
0.600,20.0,0.500,93,1760.0000,-0.000008,-0.002946,1,0
0.600,20.0,0.500,96,2093.0045,0.000102,-0.002080,1,0
0.600,20.0,1.000,21,27.5000,0.080530,-4.889153,1,0
0.600,20.0,1.000,33,55.0000,0.040838,-4.103131,1,0
0.600,20.0,1.000,40,82.4069,0.012393,-2.266008,1,0
0.600,20.0,1.000,45,110.0000,0.004469,-1.372854,1,0
0.600,20.0,1.000,52,164.8138,0.001089,-0.645840,1,0
0.600,20.0,1.000,57,220.0000,0.000319,-0.369524,1,0
0.600,20.0,1.000,64,329.6276,0.000066,-0.166865,1,0
0.600,20.0,1.000,69,440.0000,0.000012,-0.094093,1,0
0.600,20.0,1.000,76,659.2551,0.000018,-0.042043,1,0
0.600,20.0,1.000,81,880.0000,-0.000007,-0.023613,1,0
0.600,20.0,1.000,88,1318.5102,0.000047,-0.010513,1,0
0.600,20.0,1.000,93,1760.0000,-0.000009,-0.005891,1,0
0.600,20.0,1.000,96,2093.0045,0.000102,-0.004158,1,0
0.600,20.0,4.000,21,27.5000,0.006274,-1.341931,1,0
0.600,20.0,4.000,33,55.0000,0.025769,-2.284538,1,0
0.600,20.0,4.000,40,82.4069,0.046993,-2.184342,1,0
0.600,20.0,4.000,45,110.0000,0.042973,-1.921828,1,0
0.600,20.0,4.000,52,164.8138,0.037821,-1.390604,1,0
0.600,20.0,4.000,57,220.0000,0.025635,-0.993589,1,0
0.600,20.0,4.000,64,329.6276,0.009391,-0.547452,1,0
0.600,20.0,4.000,69,440.0000,0.003804,-0.335027,1,0
0.600,20.0,4.000,76,659.2551,0.000954,-0.159397,1,0
0.600,20.0,4.000,81,880.0000,0.000308,-0.091622,1,0
0.600,20.0,4.000,88,1318.5102,0.000105,-0.041482,1,0
0.600,20.0,4.000,93,1760.0000,0.000012,-0.023383,1,0
0.600,20.0,4.000,96,2093.0045,0.000111,-0.016543,1,0
0.600,110.0,0.050,21,27.5000,-0.000529,0.444152,1,0
0.600,110.0,0.050,33,55.0000,0.000008,0.553125,1,0
0.600,110.0,0.050,40,82.4069,-0.000674,0.922763,1,0
0.600,110.0,0.050,45,110.0000,0.724979,0.000000,1,0
0.600,110.0,0.050,52,164.8138,0.000263,-0.329918,1,0
0.600,110.0,0.050,57,220.0000,0.000001,-0.138272,1,0
0.600,110.0,0.050,64,329.6276,-0.000001,-0.052137,1,0
0.600,110.0,0.050,69,440.0000,-0.000009,-0.027752,1,0
0.600,110.0,0.050,76,659.2551,0.000014,-0.011922,1,0
0.600,110.0,0.050,81,880.0000,-0.000009,-0.006606,1,0
0.600,110.0,0.050,88,1318.5102,0.000047,-0.002913,1,0
0.600,110.0,0.050,93,1760.0000,-0.000007,-0.001627,1,0
0.600,110.0,0.050,96,2093.0045,0.000103,-0.001147,1,0
0.600,110.0,0.150,21,27.5000,-0.000546,1.324923,1,0
0.600,110.0,0.150,33,55.0000,-0.000731,1.602632,1,0
0.600,110.0,0.150,40,82.4069,-0.037984,2.256876,1,0
0.600,110.0,0.150,45,110.0000,0.175874,0.000000,1,0
0.600,110.0,0.150,52,164.8138,0.009560,-0.888287,1,0
0.600,110.0,0.150,57,220.0000,0.000736,-0.400634,1,0
0.600,110.0,0.150,64,329.6276,0.000060,-0.154669,1,0
0.600,110.0,0.150,69,440.0000,0.000006,-0.082785,1,0
0.600,110.0,0.150,76,659.2551,0.000016,-0.035683,1,0
0.600,110.0,0.150,81,880.0000,-0.000008,-0.019792,1,0
0.600,110.0,0.150,88,1318.5102,0.000047,-0.008734,1,0
0.600,110.0,0.150,93,1760.0000,-0.000008,-0.004879,1,0
0.600,110.0,0.150,96,2093.0045,0.000102,-0.003440,1,0
0.600,110.0,0.500,21,27.5000,-0.002012,4.149549,1,0
0.600,110.0,0.500,33,55.0000,-0.034619,3.846480,1,0
0.600,110.0,0.500,40,82.4069,-0.165755,2.426759,1,0
0.600,110.0,0.500,45,110.0000,0.090571,0.000000,1,0
0.600,110.0,0.500,52,164.8138,0.107025,-1.367377,1,0
0.600,110.0,0.500,57,220.0000,0.034182,-0.961596,1,0
0.600,110.0,0.500,64,329.6276,0.005259,-0.457588,1,0
0.600,110.0,0.500,69,440.0000,0.001456,-0.259285,1,0
0.600,110.0,0.500,76,659.2551,0.000285,-0.115848,1,0
0.600,110.0,0.500,81,880.0000,0.000074,-0.065022,1,0
0.600,110.0,0.500,88,1318.5102,0.000060,-0.028930,1,0
0.600,110.0,0.500,93,1760.0000,-0.000005,-0.016205,1,0
0.600,110.0,0.500,96,2093.0045,0.000104,-0.011438,1,0
0.600,110.0,1.000,21,27.5000,-0.014241,6.920789,1,0
0.600,110.0,1.000,33,55.0000,-0.079176,4.001510,1,0
0.600,110.0,1.000,40,82.4069,-0.077066,1.501355,1,0
0.600,110.0,1.000,45,110.0000,0.019093,-0.000000,1,0
0.600,110.0,1.000,52,164.8138,0.142384,-0.985982,1,0
0.600,110.0,1.000,57,220.0000,0.102112,-1.000396,1,0
0.600,110.0,1.000,64,329.6276,0.031688,-0.667731,1,0
0.600,110.0,1.000,69,440.0000,0.013617,-0.432483,1,0
0.600,110.0,1.000,76,659.2551,0.003349,-0.213397,1,0
0.600,110.0,1.000,81,880.0000,0.001111,-0.124145,1,0
0.600,110.0,1.000,88,1318.5102,0.000264,-0.056673,1,0
0.600,110.0,1.000,93,1760.0000,0.000068,-0.032037,1,0
0.600,110.0,1.000,96,2093.0045,0.000141,-0.022689,1,0
0.600,110.0,4.000,21,27.5000,-0.043965,6.409252,1,0
0.600,110.0,4.000,33,55.0000,-0.017841,1.510827,1,0
0.600,110.0,4.000,40,82.4069,-0.002710,0.405416,1,0
0.600,110.0,4.000,45,110.0000,0.007481,-0.000000,1,0
0.600,110.0,4.000,52,164.8138,0.021843,-0.286033,1,0
0.600,110.0,4.000,57,220.0000,0.008176,-0.377730,1,0
0.600,110.0,4.000,64,329.6276,-0.095245,-0.417047,1,0
0.600,110.0,4.000,69,440.0000,0.155512,-0.400649,1,0
0.600,110.0,4.000,76,659.2551,3.635723,-0.331040,1,0
0.600,110.0,4.000,81,880.0000,-2.225423,-0.260448,1,0
0.600,110.0,4.000,88,1318.5102,-4.664024,-0.160797,1,0
0.600,110.0,4.000,93,1760.0000,0.222365,-0.104139,1,0
0.600,110.0,4.000,96,2093.0045,-0.082012,-0.078051,1,0
0.600,180.0,0.050,21,27.5000,-0.000539,0.260658,1,0
0.600,180.0,0.050,33,55.0000,0.000013,0.280538,1,0
0.600,180.0,0.050,40,82.4069,0.000193,0.321079,1,0
0.600,180.0,0.050,45,110.0000,-0.000070,0.402577,1,0
0.600,180.0,0.050,52,164.8138,-0.153411,1.192719,1,0
0.600,180.0,0.050,57,220.0000,0.004871,-0.485842,1,0
0.600,180.0,0.050,64,329.6276,0.000019,-0.107526,1,0
0.600,180.0,0.050,69,440.0000,-0.000007,-0.051043,1,0
0.600,180.0,0.050,76,659.2551,0.000014,-0.020481,1,0
0.600,180.0,0.050,81,880.0000,-0.000009,-0.011102,1,0
0.600,180.0,0.050,88,1318.5102,0.000046,-0.004823,1,0
0.600,180.0,0.050,93,1760.0000,-0.000008,-0.002679,1,0
0.600,180.0,0.050,96,2093.0045,0.000102,-0.001885,1,0
0.600,180.0,0.150,21,27.5000,-0.000536,0.780445,1,0
0.600,180.0,0.150,33,55.0000,-0.000026,0.834044,1,0
0.600,180.0,0.150,40,82.4069,-0.000207,0.938138,1,0
0.600,180.0,0.150,45,110.0000,-0.003965,1.123057,1,0
0.600,180.0,0.150,52,164.8138,-0.449160,1.216112,1,0
0.600,180.0,0.150,57,220.0000,0.126970,-0.997227,1,0
0.600,180.0,0.150,64,329.6276,0.001472,-0.307763,1,0
0.600,180.0,0.150,69,440.0000,0.000187,-0.150235,1,0
0.600,180.0,0.150,76,659.2551,0.000037,-0.061020,1,0
0.600,180.0,0.150,81,880.0000,-0.000003,-0.033184,1,0
0.600,180.0,0.150,88,1318.5102,0.000047,-0.014446,1,0
0.600,180.0,0.150,93,1760.0000,-0.000007,-0.008031,1,0
0.600,180.0,0.150,96,2093.0045,0.000103,-0.005653,1,0
0.600,180.0,0.500,21,27.5000,-0.000723,2.544928,1,0
0.600,180.0,0.500,33,55.0000,-0.003544,2.522082,1,0
0.600,180.0,0.500,40,82.4069,-0.022775,2.412333,1,0
0.600,180.0,0.500,45,110.0000,-0.085595,2.083121,1,0
0.600,180.0,0.500,52,164.8138,-0.165532,0.476499,1,0
0.600,180.0,0.500,57,220.0000,0.225579,-0.724188,1,0
0.600,180.0,0.500,64,329.6276,0.048600,-0.673958,1,0
0.600,180.0,0.500,69,440.0000,0.013353,-0.412212,1,0
0.600,180.0,0.500,76,659.2551,0.002184,-0.188594,1,0
0.600,180.0,0.500,81,880.0000,0.000618,-0.106234,1,0
0.600,180.0,0.500,88,1318.5102,0.000152,-0.047326,1,0
0.600,180.0,0.500,93,1760.0000,0.000027,-0.026516,1,0
0.600,180.0,0.500,96,2093.0045,0.000115,-0.018716,1,0
0.600,180.0,1.000,21,27.5000,-0.002938,4.749500,1,0
0.600,180.0,1.000,33,55.0000,-0.025696,3.862560,1,0
0.600,180.0,1.000,40,82.4069,-0.068819,2.751941,1,0
0.600,180.0,1.000,45,110.0000,-0.093334,1.692509,1,0
0.600,180.0,1.000,52,164.8138,-0.074365,0.243786,1,0
0.600,180.0,1.000,57,220.0000,0.031688,-0.404776,1,0
0.600,180.0,1.000,64,329.6276,0.286848,-0.632721,1,0
0.600,180.0,1.000,69,440.0000,0.084861,-0.520862,1,0
0.600,180.0,1.000,76,659.2551,0.013548,-0.304208,1,0
0.600,180.0,1.000,81,880.0000,0.007201,-0.187946,1,0
0.600,180.0,1.000,88,1318.5102,0.001633,-0.089576,1,0
0.600,180.0,1.000,93,1760.0000,0.000501,-0.051415,1,0
0.600,180.0,1.000,96,2093.0045,0.000704,-0.036623,1,0
0.600,180.0,4.000,21,27.5000,-0.049028,8.130847,1,0
0.600,180.0,4.000,33,55.0000,-0.036663,2.719141,1,0
0.600,180.0,4.000,40,82.4069,-0.017519,1.147946,1,0
0.600,180.0,4.000,45,110.0000,-0.005521,0.525883,1,0
0.600,180.0,4.000,52,164.8138,0.004031,0.061392,1,0
0.600,180.0,4.000,57,220.0000,0.003528,-0.105065,1,0
0.600,180.0,4.000,64,329.6276,0.022529,-0.217998,1,0
0.600,180.0,4.000,69,440.0000,0.375293,-0.249190,1,0
0.600,180.0,4.000,76,659.2551,-0.096228,-0.250016,1,0
0.600,180.0,4.000,81,880.0000,-3.706296,-0.227350,1,0
0.600,180.0,4.000,88,1318.5102,-8.795086,-0.172911,1,0
0.600,180.0,4.000,93,1760.0000,-3.396020,-0.127799,1,0
0.600,180.0,4.000,96,2093.0045,-6.949606,-0.102308,1,0
0.600,330.0,0.050,21,27.5000,-0.000535,0.139838,1,0
0.600,330.0,0.050,33,55.0000,0.000015,0.142803,1,0
0.600,330.0,0.050,40,82.4069,0.000200,0.148007,1,0
0.600,330.0,0.050,45,110.0000,-0.000010,0.156015,1,0
0.600,330.0,0.050,52,164.8138,0.000087,0.184208,1,0
0.600,330.0,0.050,57,220.0000,-0.000173,0.246414,1,0
0.600,330.0,0.050,64,329.6276,-4.311795,0.031427,1,0
0.600,330.0,0.050,69,440.0000,0.000875,-0.173414,1,0
0.600,330.0,0.050,76,659.2551,0.000024,-0.046197,1,0
0.600,330.0,0.050,81,880.0000,-0.000008,-0.022657,1,0
0.600,330.0,0.050,88,1318.5102,0.000046,-0.009251,1,0
0.600,330.0,0.050,93,1760.0000,-0.000009,-0.005036,1,0
0.600,330.0,0.050,96,2093.0045,0.000103,-0.003517,1,0
0.600,330.0,0.150,21,27.5000,-0.000536,0.419279,1,0
0.600,330.0,0.150,33,55.0000,0.000011,0.427403,1,0
0.600,330.0,0.150,40,82.4069,0.000185,0.441518,1,0
0.600,330.0,0.150,45,110.0000,-0.000071,0.462845,1,0
0.600,330.0,0.150,52,164.8138,-0.000647,0.533801,1,0
0.600,330.0,0.150,57,220.0000,-0.009508,0.663872,1,0
0.600,330.0,0.150,64,329.6276,5.080259,0.010481,1,0
0.600,330.0,0.150,69,440.0000,0.037856,-0.423580,1,0
0.600,330.0,0.150,76,659.2551,0.000773,-0.133843,1,0
0.600,330.0,0.150,81,880.0000,0.000110,-0.066956,1,0
0.600,330.0,0.150,88,1318.5102,0.000057,-0.027597,1,0
0.600,330.0,0.150,93,1760.0000,-0.000005,-0.015063,1,0
0.600,330.0,0.150,96,2093.0045,0.000104,-0.010530,1,0
0.600,330.0,0.500,21,27.5000,-0.000552,1.388704,1,0
0.600,330.0,0.500,33,55.0000,-0.000251,1.387668,1,0
0.600,330.0,0.500,40,82.4069,-0.001274,1.383034,1,0
0.600,330.0,0.500,45,110.0000,-0.005277,1.369757,1,0
0.600,330.0,0.500,52,164.8138,-0.034455,1.282592,1,0
0.600,330.0,0.500,57,220.0000,-0.118711,1.024952,1,0
0.600,330.0,0.500,64,329.6276,-5.909854,0.003144,1,0
0.600,330.0,0.500,69,440.0000,2.183353,-0.453698,1,0
0.600,330.0,0.500,76,659.2551,0.011546,-0.321041,1,0
0.600,330.0,0.500,81,880.0000,0.007626,-0.190766,1,0
0.600,330.0,0.500,88,1318.5102,0.001503,-0.086446,1,0
0.600,330.0,0.500,93,1760.0000,0.000418,-0.048561,1,0
0.600,330.0,0.500,96,2093.0045,0.000172,-0.034297,1,0
0.600,330.0,1.000,21,27.5000,-0.000773,2.720344,1,0
0.600,330.0,1.000,33,55.0000,-0.003294,2.556425,1,0
0.600,330.0,1.000,40,82.4069,-0.013516,2.307700,1,0
0.600,330.0,1.000,45,110.0000,-0.032998,2.000142,1,0
0.600,330.0,1.000,52,164.8138,-0.078546,1.336107,1,0
0.600,330.0,1.000,57,220.0000,-0.090671,0.740271,1,0
0.600,330.0,1.000,64,329.6276,-0.714424,0.001572,1,0
0.600,330.0,1.000,69,440.0000,1.423183,-0.280330,1,0
0.600,330.0,1.000,76,659.2551,-3.307496,-0.333730,1,0
0.600,330.0,1.000,81,880.0000,1.358850,-0.258021,1,0
0.600,330.0,1.000,88,1318.5102,0.353490,-0.144238,1,0
0.600,330.0,1.000,93,1760.0000,-0.062754,-0.087639,1,0
0.600,330.0,1.000,96,2093.0045,-0.212357,-0.063779,1,0
0.600,330.0,4.000,21,27.5000,-0.021939,7.713064,1,0
0.600,330.0,4.000,33,55.0000,-0.050297,3.968860,1,0
0.600,330.0,4.000,40,82.4069,-0.043339,2.140781,1,0
0.600,330.0,4.000,45,110.0000,-0.030201,1.251141,1,0
0.600,330.0,4.000,52,164.8138,-0.018805,0.505144,1,0
0.600,330.0,4.000,57,220.0000,-0.000611,0.214936,1,0
0.600,330.0,4.000,64,329.6276,-0.177301,0.000393,1,0
0.600,330.0,4.000,69,440.0000,-0.143974,-0.075658,1,0
0.600,330.0,4.000,76,659.2551,-6.862054,-0.125912,1,0
0.600,330.0,4.000,81,880.0000,-6.000390,-0.138143,1,0
0.600,330.0,4.000,88,1318.5102,-10.219701,-0.133792,1,0
0.600,330.0,4.000,93,1760.0000,-4.455262,-0.118764,1,0
0.600,330.0,4.000,96,2093.0045,-8.133290,-0.106170,1,0
0.600,660.0,0.050,21,27.5000,-0.000536,0.069526,1,0
0.600,660.0,0.050,33,55.0000,0.000017,0.069886,1,0
0.600,660.0,0.050,40,82.4069,0.000200,0.070493,1,0
0.600,660.0,0.050,45,110.0000,-0.000009,0.071367,1,0
0.600,660.0,0.050,52,164.8138,0.000098,0.073967,1,0
0.600,660.0,0.050,57,220.0000,-0.000010,0.077967,1,0
0.600,660.0,0.050,64,329.6276,-0.000013,0.092051,1,0
0.600,660.0,0.050,69,440.0000,-0.000173,0.123126,1,0
0.600,660.0,0.050,76,659.2551,-10.782039,0.015728,1,0
0.600,660.0,0.050,81,880.0000,0.000876,-0.086601,1,0
0.600,660.0,0.050,88,1318.5102,0.000056,-0.023045,1,0
0.600,660.0,0.050,93,1760.0000,-0.000007,-0.011286,1,0
0.600,660.0,0.050,96,2093.0045,0.000103,-0.007606,1,0
0.600,660.0,0.150,21,27.5000,-0.000536,0.208548,1,0
0.600,660.0,0.150,33,55.0000,0.000016,0.209541,1,0
0.600,660.0,0.150,40,82.4069,0.000199,0.211209,1,0
0.600,660.0,0.150,45,110.0000,-0.000012,0.213600,1,0
0.600,660.0,0.150,52,164.8138,0.000083,0.220651,1,0
0.600,660.0,0.150,57,220.0000,-0.000071,0.231306,1,0
0.600,660.0,0.150,64,329.6276,-0.000738,0.266757,1,0
0.600,660.0,0.150,69,440.0000,-0.009475,0.331764,1,0
0.600,660.0,0.150,76,659.2551,-6.148841,0.005245,1,0
0.600,660.0,0.150,81,880.0000,0.131497,-0.211630,1,0
0.600,660.0,0.150,88,1318.5102,0.000770,-0.066778,1,0
0.600,660.0,0.150,93,1760.0000,0.000111,-0.033355,1,0
0.600,660.0,0.150,96,2093.0045,0.000132,-0.022601,1,0
0.600,660.0,0.500,21,27.5000,-0.000537,0.694061,1,0
0.600,660.0,0.500,33,55.0000,-0.000002,0.694030,1,0
0.600,660.0,0.500,40,82.4069,0.000118,0.693895,1,0
0.600,660.0,0.500,45,110.0000,-0.000274,0.693520,1,0
0.600,660.0,0.500,52,164.8138,-0.001374,0.691219,1,0
0.600,660.0,0.500,57,220.0000,-0.005261,0.684611,1,0
0.600,660.0,0.500,64,329.6276,-0.034496,0.641152,1,0
0.600,660.0,0.500,69,440.0000,-0.134171,0.512538,1,0
0.600,660.0,0.500,76,659.2551,0.773874,0.001574,1,0
0.600,660.0,0.500,81,880.0000,10.859878,-0.226994,1,0
0.600,660.0,0.500,88,1318.5102,-7.059947,-0.160377,1,0
0.600,660.0,0.500,93,1760.0000,0.017362,-0.095136,1,0
0.600,660.0,0.500,96,2093.0045,-0.047171,-0.067939,1,0
0.600,660.0,1.000,21,27.5000,-0.000551,1.380923,1,0
0.600,660.0,1.000,33,55.0000,-0.000221,1.359568,1,0
0.600,660.0,1.000,40,82.4069,-0.000925,1.324924,1,0
0.600,660.0,1.000,45,110.0000,-0.003317,1.277728,1,0
0.600,660.0,1.000,52,164.8138,-0.013607,1.153530,1,0
0.600,660.0,1.000,57,220.0000,-0.032876,0.999925,1,0
0.600,660.0,1.000,64,329.6276,-0.082142,0.668162,1,0
0.600,660.0,1.000,69,440.0000,-0.565273,0.370311,1,0
0.600,660.0,1.000,76,659.2551,-0.772559,0.000787,1,0
0.600,660.0,1.000,81,880.0000,-5.601981,-0.140318,1,0
0.600,660.0,1.000,88,1318.5102,-7.827759,-0.166974,1,0
0.600,660.0,1.000,93,1760.0000,-6.106158,-0.128942,1,0
0.600,660.0,1.000,96,2093.0045,-8.043847,-0.102659,1,0
0.600,660.0,4.000,21,27.5000,-0.003405,5.004727,1,0
0.600,660.0,4.000,33,55.0000,-0.021411,3.855844,1,0
0.600,660.0,4.000,40,82.4069,-0.041708,2.781280,1,0
0.600,660.0,4.000,45,110.0000,-0.049999,1.984720,1,0
0.600,660.0,4.000,52,164.8138,-0.045518,1.070729,1,0
0.600,660.0,4.000,57,220.0000,-0.026248,0.625830,1,0
0.600,660.0,4.000,64,329.6276,-0.019755,0.252709,1,0
0.600,660.0,4.000,69,440.0000,-0.536972,0.107539,1,0
0.600,660.0,4.000,76,659.2551,-0.506843,0.000197,1,0
0.600,660.0,4.000,81,880.0000,-1.162955,-0.037878,1,0
0.600,660.0,4.000,88,1318.5102,-1.750123,-0.063093,1,0
0.600,660.0,4.000,93,1760.0000,-3.504349,-0.069294,1,0
0.600,660.0,4.000,96,2093.0045,-4.805974,-0.069760,1,0
0.600,2000.0,0.050,21,27.5000,-0.000536,0.022792,1,0
0.600,2000.0,0.050,33,55.0000,0.000017,0.022804,1,0
0.600,2000.0,0.050,40,82.4069,0.000200,0.022825,1,0
0.600,2000.0,0.050,45,110.0000,-0.000009,0.022855,1,0
0.600,2000.0,0.050,52,164.8138,0.000098,0.022941,1,0
0.600,2000.0,0.050,57,220.0000,-0.000010,0.023062,1,0
0.600,2000.0,0.050,64,329.6276,-0.000003,0.023413,1,0
0.600,2000.0,0.050,69,440.0000,-0.000009,0.023927,1,0
0.600,2000.0,0.050,76,659.2551,0.000012,0.025515,1,0
0.600,2000.0,0.050,81,880.0000,-0.000014,0.028144,1,0
0.600,2000.0,0.050,88,1318.5102,-0.000109,0.039674,1,0
0.600,2000.0,0.050,93,1760.0000,-0.004114,0.087512,1,0
0.600,2000.0,0.050,96,2093.0045,2.334794,-0.109144,1,0
0.600,2000.0,0.150,21,27.5000,-0.000536,0.068373,1,0
0.600,2000.0,0.150,33,55.0000,0.000017,0.068409,1,0
0.600,2000.0,0.150,40,82.4069,0.000200,0.068467,1,0
0.600,2000.0,0.150,45,110.0000,-0.000010,0.068549,1,0
0.600,2000.0,0.150,52,164.8138,0.000098,0.068784,1,0
0.600,2000.0,0.150,57,220.0000,-0.000010,0.069118,1,0
0.600,2000.0,0.150,64,329.6276,-0.000005,0.070081,1,0
0.600,2000.0,0.150,69,440.0000,-0.000017,0.071479,1,0
0.600,2000.0,0.150,76,659.2551,-0.000042,0.075727,1,0
0.600,2000.0,0.150,81,880.0000,-0.000311,0.082500,1,0
0.600,2000.0,0.150,88,1318.5102,-0.008314,0.107652,1,0
0.600,2000.0,0.150,93,1760.0000,7.891131,0.128851,1,0
0.600,2000.0,0.150,96,2093.0045,5.736766,-0.061451,1,0
0.600,2000.0,0.500,21,27.5000,-0.000536,0.227873,1,0
0.600,2000.0,0.500,33,55.0000,0.000016,0.227873,1,0
0.600,2000.0,0.500,40,82.4069,0.000199,0.227874,1,0
0.600,2000.0,0.500,45,110.0000,-0.000012,0.227874,1,0
0.600,2000.0,0.500,52,164.8138,0.000083,0.227871,1,0
0.600,2000.0,0.500,57,220.0000,-0.000057,0.227855,1,0
0.600,2000.0,0.500,64,329.6276,-0.000247,0.227737,1,0
0.600,2000.0,0.500,69,440.0000,-0.000840,0.227386,1,0
0.600,2000.0,0.500,76,659.2551,-0.004850,0.225093,1,0
0.600,2000.0,0.500,81,880.0000,-0.019492,0.218190,1,0
0.600,2000.0,0.500,88,1318.5102,8.907386,0.172037,1,0
0.600,2000.0,0.500,93,1760.0000,3.082385,0.063257,1,0
0.600,2000.0,0.500,96,2093.0045,-1.278649,-0.020004,1,0
0.600,2000.0,1.000,21,27.5000,-0.000536,0.455490,1,0
0.600,2000.0,1.000,33,55.0000,0.000012,0.454726,1,0
0.600,2000.0,1.000,40,82.4069,0.000185,0.453460,1,0
0.600,2000.0,1.000,45,110.0000,-0.000054,0.451683,1,0
0.600,2000.0,1.000,52,164.8138,-0.000124,0.446682,1,0
0.600,2000.0,1.000,57,220.0000,-0.000685,0.439734,1,0
0.600,2000.0,1.000,64,329.6276,-0.003089,0.420661,1,0
0.600,2000.0,1.000,69,440.0000,-0.008770,0.395286,1,0
0.600,2000.0,1.000,76,659.2551,-0.037921,0.331794,1,0
0.600,2000.0,1.000,81,880.0000,7.529282,0.259643,1,0
0.600,2000.0,1.000,88,1318.5102,6.010214,0.126705,1,0
0.600,2000.0,1.000,93,1760.0000,1.602647,0.033196,1,0
0.600,2000.0,1.000,96,2093.0045,10.907297,-0.010066,1,0
0.600,2000.0,4.000,21,27.5000,-0.000580,1.801757,1,0
0.600,2000.0,4.000,33,55.0000,-0.000619,1.740908,1,0
0.600,2000.0,4.000,40,82.4069,-0.002527,1.648371,1,0
0.600,2000.0,4.000,45,110.0000,-0.006980,1.533228,1,0
0.600,2000.0,4.000,52,164.8138,-0.020663,1.278565,1,0
0.600,2000.0,4.000,57,220.0000,-0.035221,1.034207,1,0
0.600,2000.0,4.000,64,329.6276,-0.053147,0.665684,1,0
0.600,2000.0,4.000,69,440.0000,-0.046329,0.437481,1,0
0.600,2000.0,4.000,76,659.2551,-25.678648,0.212129,1,0
0.600,2000.0,4.000,81,880.0000,-0.064556,0.114167,1,0
0.600,2000.0,4.000,88,1318.5102,4.850869,0.037173,1,0
0.600,2000.0,4.000,93,1760.0000,1.490542,0.008430,1,0
0.600,2000.0,4.000,96,2093.0045,-0.673155,-0.002521,1,0
1.000,20.0,0.050,21,27.5000,0.000902,-4.188883,1,0
1.000,20.0,0.050,33,55.0000,0.000011,-0.581028,1,0
1.000,20.0,0.050,40,82.4069,0.000200,-0.238911,1,0
1.000,20.0,0.050,45,110.0000,-0.000008,-0.130540,1,0
1.000,20.0,0.050,52,164.8138,0.000098,-0.057077,1,0
1.000,20.0,0.050,57,220.0000,-0.000009,-0.031826,1,0
1.000,20.0,0.050,64,329.6276,-0.000002,-0.014111,1,0
1.000,20.0,0.050,69,440.0000,-0.000009,-0.007906,1,0
1.000,20.0,0.050,76,659.2551,0.000013,-0.003516,1,0
1.000,20.0,0.050,81,880.0000,-0.000009,-0.001972,1,0
1.000,20.0,0.050,88,1318.5102,0.000047,-0.000877,1,0
1.000,20.0,0.050,93,1760.0000,-0.000007,-0.000491,1,0
1.000,20.0,0.050,96,2093.0045,0.000103,-0.000347,1,0
1.000,20.0,0.150,21,27.5000,0.069429,-10.593405,1,0
1.000,20.0,0.150,33,55.0000,0.000285,-1.718961,1,0
1.000,20.0,0.150,40,82.4069,0.000236,-0.712939,1,0
1.000,20.0,0.150,45,110.0000,-0.000000,-0.390515,1,0
1.000,20.0,0.150,52,164.8138,0.000099,-0.171025,1,0
1.000,20.0,0.150,57,220.0000,-0.000009,-0.095414,1,0
1.000,20.0,0.150,64,329.6276,-0.000002,-0.042321,1,0
1.000,20.0,0.150,69,440.0000,-0.000009,-0.023714,1,0
1.000,20.0,0.150,76,659.2551,0.000013,-0.010549,1,0
1.000,20.0,0.150,81,880.0000,-0.000008,-0.005915,1,0
1.000,20.0,0.150,88,1318.5102,0.000046,-0.002631,1,0
1.000,20.0,0.150,93,1760.0000,-0.000008,-0.001473,1,0
1.000,20.0,0.150,96,2093.0045,0.000103,-0.001040,1,0
1.000,20.0,0.500,21,27.5000,0.425161,-12.689181,1,0
1.000,20.0,0.500,33,55.0000,0.021262,-4.950840,1,0
1.000,20.0,0.500,40,82.4069,0.003731,-2.241534,1,0
1.000,20.0,0.500,45,110.0000,0.001032,-1.261240,1,0
1.000,20.0,0.500,52,164.8138,0.000295,-0.562325,1,0
1.000,20.0,0.500,57,220.0000,0.000053,-0.315634,1,0
1.000,20.0,0.500,64,329.6276,0.000010,-0.140595,1,0
1.000,20.0,0.500,69,440.0000,-0.000005,-0.078898,1,0
1.000,20.0,0.500,76,659.2551,0.000014,-0.035133,1,0
1.000,20.0,0.500,81,880.0000,-0.000009,-0.019708,1,0
1.000,20.0,0.500,88,1318.5102,0.000047,-0.008767,1,0
1.000,20.0,0.500,93,1760.0000,-0.000008,-0.004911,1,0
1.000,20.0,0.500,96,2093.0045,0.000102,-0.003466,1,0
1.000,20.0,1.000,21,27.5000,0.224636,-8.158912,1,0
1.000,20.0,1.000,33,55.0000,0.113059,-6.839528,1,0
1.000,20.0,1.000,40,82.4069,0.033673,-3.776612,1,0
1.000,20.0,1.000,45,110.0000,0.012304,-2.288014,1,0
1.000,20.0,1.000,52,164.8138,0.002826,-1.076374,1,0
1.000,20.0,1.000,57,220.0000,0.000897,-0.615863,1,0
1.000,20.0,1.000,64,329.6276,0.000186,-0.278106,1,0
1.000,20.0,1.000,69,440.0000,0.000050,-0.156821,1,0
1.000,20.0,1.000,76,659.2551,0.000026,-0.070072,1,0
1.000,20.0,1.000,81,880.0000,-0.000005,-0.039355,1,0
1.000,20.0,1.000,88,1318.5102,0.000046,-0.017522,1,0
1.000,20.0,1.000,93,1760.0000,-0.000008,-0.009818,1,0
1.000,20.0,1.000,96,2093.0045,0.000102,-0.006930,1,0
1.000,20.0,4.000,21,27.5000,0.017260,-2.240085,1,0
1.000,20.0,4.000,33,55.0000,0.054798,-3.812556,1,0
1.000,20.0,4.000,40,82.4069,0.176895,-3.644092,1,0
1.000,20.0,4.000,45,110.0000,0.010153,-3.205148,1,0
1.000,20.0,4.000,52,164.8138,0.109083,-2.318264,1,0
1.000,20.0,4.000,57,220.0000,0.060613,-1.656105,1,0
1.000,20.0,4.000,64,329.6276,0.025668,-0.912398,1,0
1.000,20.0,4.000,69,440.0000,0.010325,-0.558360,1,0
1.000,20.0,4.000,76,659.2551,0.002590,-0.265655,1,0
1.000,20.0,4.000,81,880.0000,0.000866,-0.152701,1,0
1.000,20.0,4.000,88,1318.5102,0.000214,-0.069137,1,0
1.000,20.0,4.000,93,1760.0000,0.000050,-0.038971,1,0
1.000,20.0,4.000,96,2093.0045,0.000128,-0.027571,1,0
1.000,110.0,0.050,21,27.5000,-0.000528,0.740254,1,0
1.000,110.0,0.050,33,55.0000,-0.000012,0.921872,1,0
1.000,110.0,0.050,40,82.4069,-0.002209,1.537918,1,0
1.000,110.0,0.050,45,110.0000,78.319928,0.000000,1,0
1.000,110.0,0.050,52,164.8138,0.000552,-0.549859,1,0
1.000,110.0,0.050,57,220.0000,0.000020,-0.230453,1,0
1.000,110.0,0.050,64,329.6276,0.000000,-0.086895,1,0
1.000,110.0,0.050,69,440.0000,-0.000009,-0.046253,1,0
1.000,110.0,0.050,76,659.2551,0.000014,-0.019870,1,0
1.000,110.0,0.050,81,880.0000,-0.000009,-0.011010,1,0
1.000,110.0,0.050,88,1318.5102,0.000046,-0.004855,1,0
1.000,110.0,0.050,93,1760.0000,-0.000008,-0.002711,1,0
1.000,110.0,0.050,96,2093.0045,0.000102,-0.001911,1,0
1.000,110.0,0.150,21,27.5000,-0.000575,2.208198,1,0
1.000,110.0,0.150,33,55.0000,-0.002050,2.671006,1,0
1.000,110.0,0.150,40,82.4069,-0.105065,3.761389,1,0
1.000,110.0,0.150,45,110.0000,12.014345,0.000000,1,0
1.000,110.0,0.150,52,164.8138,0.026028,-1.480428,1,0
1.000,110.0,0.150,57,220.0000,0.002041,-0.667712,1,0
1.000,110.0,0.150,64,329.6276,0.000170,-0.257780,1,0
1.000,110.0,0.150,69,440.0000,0.000031,-0.137975,1,0
1.000,110.0,0.150,76,659.2551,0.000020,-0.059471,1,0
1.000,110.0,0.150,81,880.0000,-0.000007,-0.032986,1,0
1.000,110.0,0.150,88,1318.5102,0.000047,-0.014557,1,0
1.000,110.0,0.150,93,1760.0000,-0.000008,-0.008131,1,0
1.000,110.0,0.150,96,2093.0045,0.000102,-0.005733,1,0
1.000,110.0,0.500,21,27.5000,-0.004640,6.915735,1,0
1.000,110.0,0.500,33,55.0000,-0.096378,6.411042,1,0
1.000,110.0,0.500,40,82.4069,-0.453101,4.047776,1,0
1.000,110.0,0.500,45,110.0000,-0.564444,-0.000000,1,0
1.000,110.0,0.500,52,164.8138,0.508929,-2.279943,1,0
1.000,110.0,0.500,57,220.0000,0.089571,-1.602720,1,0
1.000,110.0,0.500,64,329.6276,0.014344,-0.762621,1,0
1.000,110.0,0.500,69,440.0000,0.004023,-0.432130,1,0
1.000,110.0,0.500,76,659.2551,0.000760,-0.193077,1,0
1.000,110.0,0.500,81,880.0000,0.000218,-0.108368,1,0
1.000,110.0,0.500,88,1318.5102,0.000083,-0.048216,1,0
1.000,110.0,0.500,93,1760.0000,0.000005,-0.027009,1,0
1.000,110.0,0.500,96,2093.0045,0.000108,-0.019063,1,0
1.000,110.0,1.000,21,27.5000,-0.038673,11.534492,1,0
1.000,110.0,1.000,33,55.0000,-0.220512,6.672732,1,0
1.000,110.0,1.000,40,82.4069,-0.262351,2.505564,1,0
1.000,110.0,1.000,45,110.0000,-0.644075,-0.000000,1,0
1.000,110.0,1.000,52,164.8138,0.573633,-1.645107,1,0
1.000,110.0,1.000,57,220.0000,-0.560019,-1.668213,1,0
1.000,110.0,1.000,64,329.6276,0.167829,-1.112979,1,0
1.000,110.0,1.000,69,440.0000,0.039941,-0.720795,1,0
1.000,110.0,1.000,76,659.2551,0.009407,-0.355650,1,0
1.000,110.0,1.000,81,880.0000,0.003064,-0.206903,1,0
1.000,110.0,1.000,88,1318.5102,0.000669,-0.094454,1,0
1.000,110.0,1.000,93,1760.0000,0.000199,-0.053394,1,0
1.000,110.0,1.000,96,2093.0045,0.000204,-0.037815,1,0
1.000,110.0,4.000,21,27.5000,-0.122138,10.692742,1,0
1.000,110.0,4.000,33,55.0000,-0.056834,2.521768,1,0
1.000,110.0,4.000,40,82.4069,0.009748,0.676763,1,0
1.000,110.0,4.000,45,110.0000,0.062556,0.000000,1,0
1.000,110.0,4.000,52,164.8138,0.132059,-0.477468,1,0
1.000,110.0,4.000,57,220.0000,-0.074649,-0.630480,1,0
1.000,110.0,4.000,64,329.6276,-6.938316,-0.695947,1,0
1.000,110.0,4.000,69,440.0000,-8.293453,-0.668414,1,0
1.000,110.0,4.000,76,659.2551,-1.528556,-0.552043,1,0
1.000,110.0,4.000,81,880.0000,8.472693,-0.434201,1,0
1.000,110.0,4.000,88,1318.5102,-12.782421,-0.268006,1,0
1.000,110.0,4.000,93,1760.0000,-6.408743,-0.173561,1,0
1.000,110.0,4.000,96,2093.0045,-6.550048,-0.130081,1,0
1.000,180.0,0.050,21,27.5000,-0.000536,0.434429,1,0
1.000,180.0,0.050,33,55.0000,0.000010,0.467564,1,0
1.000,180.0,0.050,40,82.4069,0.000183,0.535130,1,0
1.000,180.0,0.050,45,110.0000,-0.000180,0.670958,1,0
1.000,180.0,0.050,52,164.8138,-0.411080,1.987858,1,0
1.000,180.0,0.050,57,220.0000,0.013265,-0.809717,1,0
1.000,180.0,0.050,64,329.6276,0.000057,-0.179209,1,0
1.000,180.0,0.050,69,440.0000,-0.000002,-0.085071,1,0
1.000,180.0,0.050,76,659.2551,0.000014,-0.034135,1,0
1.000,180.0,0.050,81,880.0000,-0.000009,-0.018503,1,0
1.000,180.0,0.050,88,1318.5102,0.000047,-0.008038,1,0
1.000,180.0,0.050,93,1760.0000,-0.000009,-0.004466,1,0
1.000,180.0,0.050,96,2093.0045,0.000102,-0.003142,1,0
1.000,180.0,0.150,21,27.5000,-0.000539,1.300740,1,0
1.000,180.0,0.150,33,55.0000,-0.000093,1.390065,1,0
1.000,180.0,0.150,40,82.4069,-0.000924,1.563541,1,0
1.000,180.0,0.150,45,110.0000,-0.010938,1.871708,1,0
1.000,180.0,0.150,52,164.8138,-14.527658,2.028437,1,0
1.000,180.0,0.150,57,220.0000,0.399509,-1.662177,1,0
1.000,180.0,0.150,64,329.6276,0.004046,-0.512927,1,0
1.000,180.0,0.150,69,440.0000,0.000533,-0.250389,1,0
1.000,180.0,0.150,76,659.2551,0.000076,-0.101699,1,0
1.000,180.0,0.150,81,880.0000,0.000007,-0.055306,1,0
1.000,180.0,0.150,88,1318.5102,0.000049,-0.024077,1,0
1.000,180.0,0.150,93,1760.0000,-0.000008,-0.013386,1,0
1.000,180.0,0.150,96,2093.0045,0.000102,-0.009421,1,0
1.000,180.0,0.500,21,27.5000,-0.001055,4.241498,1,0
1.000,180.0,0.500,33,55.0000,-0.009861,4.203334,1,0
1.000,180.0,0.500,40,82.4069,-0.063622,4.020557,1,0
1.000,180.0,0.500,45,110.0000,-0.238014,3.472725,1,0
1.000,180.0,0.500,52,164.8138,2.175652,0.795350,1,0
1.000,180.0,0.500,57,220.0000,7.627634,-1.208331,1,0
1.000,180.0,0.500,64,329.6276,0.279740,-1.123378,1,0
1.000,180.0,0.500,69,440.0000,0.038415,-0.687004,1,0
1.000,180.0,0.500,76,659.2551,0.005906,-0.314314,1,0
1.000,180.0,0.500,81,880.0000,0.001715,-0.177054,1,0
1.000,180.0,0.500,88,1318.5102,0.000347,-0.078877,1,0
1.000,180.0,0.500,93,1760.0000,0.000090,-0.044193,1,0
1.000,180.0,0.500,96,2093.0045,0.000149,-0.031193,1,0
1.000,180.0,1.000,21,27.5000,-0.007204,7.915591,1,0
1.000,180.0,1.000,33,55.0000,-0.071652,6.437866,1,0
1.000,180.0,1.000,40,82.4069,-0.192530,4.588377,1,0
1.000,180.0,1.000,45,110.0000,-0.279485,2.823431,1,0
1.000,180.0,1.000,52,164.8138,0.562576,0.406949,1,0
1.000,180.0,1.000,57,220.0000,18.395974,-0.675611,1,0
1.000,180.0,1.000,64,329.6276,-4.615824,-1.055263,1,0
1.000,180.0,1.000,69,440.0000,2.876134,-0.868322,1,0
1.000,180.0,1.000,76,659.2551,0.110186,-0.507016,1,0
1.000,180.0,1.000,81,880.0000,-0.008183,-0.313233,1,0
1.000,180.0,1.000,88,1318.5102,0.002991,-0.149289,1,0
1.000,180.0,1.000,93,1760.0000,0.001355,-0.085691,1,0
1.000,180.0,1.000,96,2093.0045,-0.003853,-0.061038,1,0
1.000,180.0,4.000,21,27.5000,-0.136531,13.557763,1,0
1.000,180.0,4.000,33,55.0000,-0.104852,4.537254,1,0
1.000,180.0,4.000,40,82.4069,-0.044903,1.916000,1,0
1.000,180.0,4.000,45,110.0000,0.004347,0.877824,1,0
1.000,180.0,4.000,52,164.8138,-0.027752,0.102484,1,0
1.000,180.0,4.000,57,220.0000,-0.068965,-0.175387,1,0
1.000,180.0,4.000,64,329.6276,-14.014093,-0.363879,1,0
1.000,180.0,4.000,69,440.0000,-10.367196,-0.415892,1,0
1.000,180.0,4.000,76,659.2551,-11.579868,-0.417144,1,0
1.000,180.0,4.000,81,880.0000,-10.497188,-0.379213,1,0
1.000,180.0,4.000,88,1318.5102,-4.981097,-0.288287,1,0
1.000,180.0,4.000,93,1760.0000,-11.307707,-0.213026,1,0
1.000,180.0,4.000,96,2093.0045,-7.810838,-0.170522,1,0
1.000,330.0,0.050,21,27.5000,-0.000535,0.233064,1,0
1.000,330.0,0.050,33,55.0000,0.000015,0.238004,1,0
1.000,330.0,0.050,40,82.4069,0.000200,0.246678,1,0
1.000,330.0,0.050,45,110.0000,-0.000011,0.260025,1,0
1.000,330.0,0.050,52,164.8138,0.000068,0.307012,1,0
1.000,330.0,0.050,57,220.0000,-0.000462,0.410687,1,0
1.000,330.0,0.050,64,329.6276,5.633031,0.052463,1,0
1.000,330.0,0.050,69,440.0000,0.002413,-0.289019,1,0
1.000,330.0,0.050,76,659.2551,0.000043,-0.076996,1,0
1.000,330.0,0.050,81,880.0000,-0.000004,-0.037762,1,0
1.000,330.0,0.050,88,1318.5102,0.000046,-0.015419,1,0
1.000,330.0,0.050,93,1760.0000,-0.000009,-0.008393,1,0
1.000,330.0,0.050,96,2093.0045,0.000103,-0.005862,1,0
1.000,330.0,0.150,21,27.5000,-0.000536,0.698798,1,0
1.000,330.0,0.150,33,55.0000,0.000006,0.712338,1,0
1.000,330.0,0.150,40,82.4069,0.000159,0.735860,1,0
1.000,330.0,0.150,45,110.0000,-0.000180,0.771404,1,0
1.000,330.0,0.150,52,164.8138,-0.001964,0.889653,1,0
1.000,330.0,0.150,57,220.0000,-0.026224,1.106417,1,0
1.000,330.0,0.150,64,329.6276,79.652992,0.017496,1,0
1.000,330.0,0.150,69,440.0000,0.109288,-0.705954,1,0
1.000,330.0,0.150,76,659.2551,0.002099,-0.223068,1,0
1.000,330.0,0.150,81,880.0000,0.000318,-0.111592,1,0
1.000,330.0,0.150,88,1318.5102,0.000083,-0.045995,1,0
1.000,330.0,0.150,93,1760.0000,0.000002,-0.025105,1,0
1.000,330.0,0.150,96,2093.0045,0.000105,-0.017550,1,0
1.000,330.0,0.500,21,27.5000,-0.000581,2.314498,1,0
1.000,330.0,0.500,33,55.0000,-0.000721,2.312748,1,0
1.000,330.0,0.500,40,82.4069,-0.003888,2.304996,1,0
1.000,330.0,0.500,45,110.0000,-0.014631,2.282853,1,0
1.000,330.0,0.500,52,164.8138,-0.095880,2.137733,1,0
1.000,330.0,0.500,57,220.0000,-0.342359,1.708984,1,0
1.000,330.0,0.500,64,329.6276,75.692655,0.005249,1,0
1.000,330.0,0.500,69,440.0000,77.791923,-0.756761,1,0
1.000,330.0,0.500,76,659.2551,3.894218,-0.535089,1,0
1.000,330.0,0.500,81,880.0000,0.028417,-0.317933,1,0
1.000,330.0,0.500,88,1318.5102,0.002579,-0.144073,1,0
1.000,330.0,0.500,93,1760.0000,0.001156,-0.080934,1,0
1.000,330.0,0.500,96,2093.0045,0.001874,-0.057161,1,0
1.000,330.0,1.000,21,27.5000,-0.001191,4.533847,1,0
1.000,330.0,1.000,33,55.0000,-0.009173,4.260570,1,0
1.000,330.0,1.000,40,82.4069,-0.037934,3.846113,1,0
1.000,330.0,1.000,45,110.0000,-0.092257,3.333850,1,0
1.000,330.0,1.000,52,164.8138,-0.218107,2.228026,1,0
1.000,330.0,1.000,57,220.0000,-0.415493,1.235136,1,0
1.000,330.0,1.000,64,329.6276,-29.960159,0.002624,1,0
1.000,330.0,1.000,69,440.0000,25.187311,-0.467835,1,0
1.000,330.0,1.000,76,659.2551,-13.994121,-0.556514,1,0
1.000,330.0,1.000,81,880.0000,11.080729,-0.430106,1,0
1.000,330.0,1.000,88,1318.5102,-13.910849,-0.240393,1,0
1.000,330.0,1.000,93,1760.0000,0.395109,-0.146059,1,0
1.000,330.0,1.000,96,2093.0045,0.816666,-0.106295,1,0
1.000,330.0,4.000,21,27.5000,-0.060236,12.855620,1,0
1.000,330.0,4.000,33,55.0000,-0.140437,6.618476,1,0
1.000,330.0,4.000,40,82.4069,-0.125353,3.571523,1,0
1.000,330.0,4.000,45,110.0000,-0.096952,2.087841,1,0
1.000,330.0,4.000,52,164.8138,-0.085213,0.843151,1,0
1.000,330.0,4.000,57,220.0000,0.057125,0.358786,1,0
1.000,330.0,4.000,64,329.6276,1.658685,0.000656,1,0
1.000,330.0,4.000,69,440.0000,-1.985807,-0.126297,1,0
1.000,330.0,4.000,76,659.2551,-3.253339,-0.210164,1,0
1.000,330.0,4.000,81,880.0000,-12.786043,-0.230545,1,0
1.000,330.0,4.000,88,1318.5102,-12.997259,-0.223208,1,0
1.000,330.0,4.000,93,1760.0000,-12.405191,-0.198076,1,0
1.000,330.0,4.000,96,2093.0045,-14.735410,-0.177038,1,0
1.000,660.0,0.050,21,27.5000,-0.000536,0.115876,1,0
1.000,660.0,0.050,33,55.0000,0.000017,0.116477,1,0
1.000,660.0,0.050,40,82.4069,0.000200,0.117489,1,0
1.000,660.0,0.050,45,110.0000,-0.000010,0.118945,1,0
1.000,660.0,0.050,52,164.8138,0.000097,0.123278,1,0
1.000,660.0,0.050,57,220.0000,-0.000012,0.129945,1,0
1.000,660.0,0.050,64,329.6276,-0.000031,0.153417,1,0
1.000,660.0,0.050,69,440.0000,-0.000460,0.205209,1,0
1.000,660.0,0.050,76,659.2551,-33.797609,0.026256,1,0
1.000,660.0,0.050,81,880.0000,0.002405,-0.144333,1,0
1.000,660.0,0.050,88,1318.5102,0.000075,-0.038409,1,0
1.000,660.0,0.050,93,1760.0000,-0.000003,-0.018810,1,0
1.000,660.0,0.050,96,2093.0045,0.000103,-0.012677,1,0
1.000,660.0,0.150,21,27.5000,-0.000536,0.347580,1,0
1.000,660.0,0.150,33,55.0000,0.000016,0.349235,1,0
1.000,660.0,0.150,40,82.4069,0.000198,0.352014,1,0
1.000,660.0,0.150,45,110.0000,-0.000016,0.355999,1,0
1.000,660.0,0.150,52,164.8138,0.000057,0.367750,1,0
1.000,660.0,0.150,57,220.0000,-0.000179,0.385507,1,0
1.000,660.0,0.150,64,329.6276,-0.002040,0.444587,1,0
1.000,660.0,0.150,69,440.0000,-0.026180,0.552921,1,0
1.000,660.0,0.150,76,659.2551,72.089232,0.008756,1,0
1.000,660.0,0.150,81,880.0000,0.879654,-0.352710,1,0
1.000,660.0,0.150,88,1318.5102,0.002073,-0.111294,1,0
1.000,660.0,0.150,93,1760.0000,0.000314,-0.055592,1,0
1.000,660.0,0.150,96,2093.0045,0.000189,-0.037668,1,0
1.000,660.0,0.500,21,27.5000,-0.000539,1.156767,1,0
1.000,660.0,0.500,33,55.0000,-0.000030,1.156713,1,0
1.000,660.0,0.500,40,82.4069,-0.000026,1.156483,1,0
1.000,660.0,0.500,45,110.0000,-0.000744,1.155851,1,0
1.000,660.0,0.500,52,164.8138,-0.003984,1.152002,1,0
1.000,660.0,0.500,57,220.0000,-0.014580,1.140980,1,0
1.000,660.0,0.500,64,329.6276,-0.097149,1.068625,1,0
1.000,660.0,0.500,69,440.0000,0.225832,0.854595,1,0
1.000,660.0,0.500,76,659.2551,-5.984343,0.002627,1,0
1.000,660.0,0.500,81,880.0000,-0.066826,-0.378621,1,0
1.000,660.0,0.500,88,1318.5102,-12.445407,-0.267304,1,0
1.000,660.0,0.500,93,1760.0000,0.714455,-0.158556,1,0
1.000,660.0,0.500,96,2093.0045,-8.656607,-0.113228,1,0
1.000,660.0,1.000,21,27.5000,-0.000579,2.301531,1,0
1.000,660.0,1.000,33,55.0000,-0.000636,2.265917,1,0
1.000,660.0,1.000,40,82.4069,-0.002920,2.208153,1,0
1.000,660.0,1.000,45,110.0000,-0.009194,2.129478,1,0
1.000,660.0,1.000,52,164.8138,-0.037971,1.922524,1,0
1.000,660.0,1.000,57,220.0000,-0.091350,1.666682,1,0
1.000,660.0,1.000,64,329.6276,0.025683,1.114193,1,0
1.000,660.0,1.000,69,440.0000,7.810654,0.617861,1,0
1.000,660.0,1.000,76,659.2551,-0.212248,0.001313,1,0
1.000,660.0,1.000,81,880.0000,-5.909305,-0.234173,1,0
1.000,660.0,1.000,88,1318.5102,-14.033091,-0.278438,1,0
1.000,660.0,1.000,93,1760.0000,-13.873685,-0.214939,1,0
1.000,660.0,1.000,96,2093.0045,0.911254,-0.171108,1,0
1.000,660.0,4.000,21,27.5000,-0.008504,8.340945,1,0
1.000,660.0,4.000,33,55.0000,-0.059748,6.426663,1,0
1.000,660.0,4.000,40,82.4069,-0.116945,4.636754,1,0
1.000,660.0,4.000,45,110.0000,-0.146399,3.309721,1,0
1.000,660.0,4.000,52,164.8138,-0.108455,1.786326,1,0
1.000,660.0,4.000,57,220.0000,-0.113181,1.044353,1,0
1.000,660.0,4.000,64,329.6276,3.875555,0.421804,1,0
1.000,660.0,4.000,69,440.0000,7.090162,0.179511,1,0
1.000,660.0,4.000,76,659.2551,-1.728017,0.000328,1,0
1.000,660.0,4.000,81,880.0000,-1.090481,-0.063229,1,0
1.000,660.0,4.000,88,1318.5102,-8.463919,-0.105310,1,0
1.000,660.0,4.000,93,1760.0000,-6.758799,-0.115644,1,0
1.000,660.0,4.000,96,2093.0045,-8.176105,-0.116407,1,0
1.000,2000.0,0.050,21,27.5000,-0.000536,0.037986,1,0
1.000,2000.0,0.050,33,55.0000,0.000017,0.038007,1,0
1.000,2000.0,0.050,40,82.4069,0.000200,0.038042,1,0
1.000,2000.0,0.050,45,110.0000,-0.000010,0.038092,1,0
1.000,2000.0,0.050,52,164.8138,0.000098,0.038234,1,0
1.000,2000.0,0.050,57,220.0000,-0.000009,0.038437,1,0
1.000,2000.0,0.050,64,329.6276,-0.000002,0.039022,1,0
1.000,2000.0,0.050,69,440.0000,-0.000010,0.039878,1,0
1.000,2000.0,0.050,76,659.2551,0.000012,0.042525,1,0
1.000,2000.0,0.050,81,880.0000,-0.000022,0.046907,1,0
1.000,2000.0,0.050,88,1318.5102,-0.000364,0.066122,1,0
1.000,2000.0,0.050,93,1760.0000,-1.311496,0.145849,1,0
1.000,2000.0,0.050,96,2093.0045,-1.559252,-0.181968,1,0
1.000,2000.0,0.150,21,27.5000,-0.000536,0.113956,1,0
1.000,2000.0,0.150,33,55.0000,0.000017,0.114014,1,0
1.000,2000.0,0.150,40,82.4069,0.000200,0.114112,1,0
1.000,2000.0,0.150,45,110.0000,-0.000010,0.114249,1,0
1.000,2000.0,0.150,52,164.8138,0.000097,0.114641,1,0
1.000,2000.0,0.150,57,220.0000,-0.000010,0.115197,1,0
1.000,2000.0,0.150,64,329.6276,-0.000009,0.116801,1,0
1.000,2000.0,0.150,69,440.0000,-0.000031,0.119132,1,0
1.000,2000.0,0.150,76,659.2551,-0.000140,0.126211,1,0
1.000,2000.0,0.150,81,880.0000,-0.000844,0.137497,1,0
1.000,2000.0,0.150,88,1318.5102,-0.034388,0.179415,1,0
1.000,2000.0,0.150,93,1760.0000,-0.569414,0.214837,1,0
1.000,2000.0,0.150,96,2093.0045,-1.182439,-0.102551,1,0
1.000,2000.0,0.500,21,27.5000,-0.000536,0.379788,1,0
1.000,2000.0,0.500,33,55.0000,0.000016,0.379789,1,0
1.000,2000.0,0.500,40,82.4069,0.000198,0.379790,1,0
1.000,2000.0,0.500,45,110.0000,-0.000017,0.379790,1,0
1.000,2000.0,0.500,52,164.8138,0.000057,0.379783,1,0
1.000,2000.0,0.500,57,220.0000,-0.000141,0.379755,1,0
1.000,2000.0,0.500,64,329.6276,-0.000682,0.379557,1,0
1.000,2000.0,0.500,69,440.0000,-0.002314,0.378968,1,0
1.000,2000.0,0.500,76,659.2551,-0.013505,0.375142,1,0
1.000,2000.0,0.500,81,880.0000,0.349422,0.363646,1,0
1.000,2000.0,0.500,88,1318.5102,13.388303,0.286840,1,0
1.000,2000.0,0.500,93,1760.0000,7.314661,0.105574,1,0
1.000,2000.0,0.500,96,2093.0045,-11.797743,-0.033393,1,0
1.000,2000.0,1.000,21,27.5000,-0.000536,0.759150,1,0
1.000,2000.0,1.000,33,55.0000,0.000007,0.757875,1,0
1.000,2000.0,1.000,40,82.4069,0.000160,0.755765,1,0
1.000,2000.0,1.000,45,110.0000,-0.000134,0.752800,1,0
1.000,2000.0,1.000,52,164.8138,-0.000515,0.744460,1,0
1.000,2000.0,1.000,57,220.0000,-0.001883,0.732876,1,0
1.000,2000.0,1.000,64,329.6276,-0.008611,0.701078,1,0
1.000,2000.0,1.000,69,440.0000,-0.024533,0.658791,1,0
1.000,2000.0,1.000,76,659.2551,-0.100370,0.553032,1,0
1.000,2000.0,1.000,81,880.0000,11.825128,0.432882,1,0
1.000,2000.0,1.000,88,1318.5102,10.399606,0.211400,1,0
1.000,2000.0,1.000,93,1760.0000,2.917546,0.055413,1,0
1.000,2000.0,1.000,96,2093.0045,-1.705000,-0.016803,1,0
1.000,2000.0,4.000,21,27.5000,-0.000659,3.002910,1,0
1.000,2000.0,4.000,33,55.0000,-0.001742,2.901455,1,0
1.000,2000.0,4.000,40,82.4069,-0.007371,2.747199,1,0
1.000,2000.0,4.000,45,110.0000,-0.019389,2.555302,1,0
1.000,2000.0,4.000,52,164.8138,-0.057592,2.131016,1,0
1.000,2000.0,4.000,57,220.0000,-0.097558,1.723985,1,0
1.000,2000.0,4.000,64,329.6276,-0.148106,1.110075,1,0
1.000,2000.0,4.000,69,440.0000,5.418052,0.729762,1,0
1.000,2000.0,4.000,76,659.2551,7.193451,0.353986,1,0
1.000,2000.0,4.000,81,880.0000,6.211265,0.190548,1,0
1.000,2000.0,4.000,88,1318.5102,0.160539,0.062052,1,0
1.000,2000.0,4.000,93,1760.0000,0.398067,0.014072,1,0
1.000,2000.0,4.000,96,2093.0045,4.353757,-0.004209,1,0
