# cnpg bridge tuning verification v1, rate=44100, gate=+/-2.000 cents over MIDI 21-96 inside the provisional Normal range (ADR 0007 D7: coupling <= 0.35, resonance <= 330 Hz, damping 0.15-1.00)
coupling,resonanceHz,damping,midiNote,targetHz,centsError,compensationSamples,converged,normalRange
0.000,20.0,0.050,21,27.5000,-0.000308,0.000000,1,0
0.000,20.0,0.050,33,55.0000,-0.000255,0.000000,1,0
0.000,20.0,0.050,40,82.4069,0.000156,0.000000,1,0
0.000,20.0,0.050,45,110.0000,0.000005,0.000000,1,0
0.000,20.0,0.050,52,164.8138,-0.000035,0.000000,1,0
0.000,20.0,0.050,57,220.0000,-0.000003,0.000000,1,0
0.000,20.0,0.050,64,329.6276,-0.000003,0.000000,1,0
0.000,20.0,0.050,69,440.0000,-0.000003,0.000000,1,0
0.000,20.0,0.050,76,659.2551,0.000056,0.000000,1,0
0.000,20.0,0.050,81,880.0000,-0.000002,0.000000,1,0
0.000,20.0,0.050,88,1318.5102,0.000032,0.000000,1,0
0.000,20.0,0.050,93,1760.0000,-0.000002,0.000000,1,0
0.000,20.0,0.050,96,2093.0045,0.000092,0.000000,1,0
0.000,20.0,0.150,21,27.5000,-0.000308,0.000000,1,1
0.000,20.0,0.150,33,55.0000,-0.000255,0.000000,1,1
0.000,20.0,0.150,40,82.4069,0.000156,0.000000,1,1
0.000,20.0,0.150,45,110.0000,0.000005,0.000000,1,1
0.000,20.0,0.150,52,164.8138,-0.000035,0.000000,1,1
0.000,20.0,0.150,57,220.0000,-0.000003,0.000000,1,1
0.000,20.0,0.150,64,329.6276,-0.000003,0.000000,1,1
0.000,20.0,0.150,69,440.0000,-0.000003,0.000000,1,1
0.000,20.0,0.150,76,659.2551,0.000056,0.000000,1,1
0.000,20.0,0.150,81,880.0000,-0.000002,0.000000,1,1
0.000,20.0,0.150,88,1318.5102,0.000032,0.000000,1,1
0.000,20.0,0.150,93,1760.0000,-0.000002,0.000000,1,1
0.000,20.0,0.150,96,2093.0045,0.000092,0.000000,1,1
0.000,20.0,0.500,21,27.5000,-0.000308,0.000000,1,1
0.000,20.0,0.500,33,55.0000,-0.000255,0.000000,1,1
0.000,20.0,0.500,40,82.4069,0.000156,0.000000,1,1
0.000,20.0,0.500,45,110.0000,0.000005,0.000000,1,1
0.000,20.0,0.500,52,164.8138,-0.000035,0.000000,1,1
0.000,20.0,0.500,57,220.0000,-0.000003,0.000000,1,1
0.000,20.0,0.500,64,329.6276,-0.000003,0.000000,1,1
0.000,20.0,0.500,69,440.0000,-0.000003,0.000000,1,1
0.000,20.0,0.500,76,659.2551,0.000056,0.000000,1,1
0.000,20.0,0.500,81,880.0000,-0.000002,0.000000,1,1
0.000,20.0,0.500,88,1318.5102,0.000032,0.000000,1,1
0.000,20.0,0.500,93,1760.0000,-0.000002,0.000000,1,1
0.000,20.0,0.500,96,2093.0045,0.000092,0.000000,1,1
0.000,20.0,1.000,21,27.5000,-0.000308,0.000000,1,1
0.000,20.0,1.000,33,55.0000,-0.000255,0.000000,1,1
0.000,20.0,1.000,40,82.4069,0.000156,0.000000,1,1
0.000,20.0,1.000,45,110.0000,0.000005,0.000000,1,1
0.000,20.0,1.000,52,164.8138,-0.000035,0.000000,1,1
0.000,20.0,1.000,57,220.0000,-0.000003,0.000000,1,1
0.000,20.0,1.000,64,329.6276,-0.000003,0.000000,1,1
0.000,20.0,1.000,69,440.0000,-0.000003,0.000000,1,1
0.000,20.0,1.000,76,659.2551,0.000056,0.000000,1,1
0.000,20.0,1.000,81,880.0000,-0.000002,0.000000,1,1
0.000,20.0,1.000,88,1318.5102,0.000032,0.000000,1,1
0.000,20.0,1.000,93,1760.0000,-0.000002,0.000000,1,1
0.000,20.0,1.000,96,2093.0045,0.000092,0.000000,1,1
0.000,20.0,4.000,21,27.5000,-0.000308,0.000000,1,0
0.000,20.0,4.000,33,55.0000,-0.000255,0.000000,1,0
0.000,20.0,4.000,40,82.4069,0.000156,0.000000,1,0
0.000,20.0,4.000,45,110.0000,0.000005,0.000000,1,0
0.000,20.0,4.000,52,164.8138,-0.000035,0.000000,1,0
0.000,20.0,4.000,57,220.0000,-0.000003,0.000000,1,0
0.000,20.0,4.000,64,329.6276,-0.000003,0.000000,1,0
0.000,20.0,4.000,69,440.0000,-0.000003,0.000000,1,0
0.000,20.0,4.000,76,659.2551,0.000056,0.000000,1,0
0.000,20.0,4.000,81,880.0000,-0.000002,0.000000,1,0
0.000,20.0,4.000,88,1318.5102,0.000032,0.000000,1,0
0.000,20.0,4.000,93,1760.0000,-0.000002,0.000000,1,0
0.000,20.0,4.000,96,2093.0045,0.000092,0.000000,1,0
0.000,110.0,0.050,21,27.5000,-0.000308,0.000000,1,0
0.000,110.0,0.050,33,55.0000,-0.000255,0.000000,1,0
0.000,110.0,0.050,40,82.4069,0.000156,0.000000,1,0
0.000,110.0,0.050,45,110.0000,0.000005,0.000000,1,0
0.000,110.0,0.050,52,164.8138,-0.000035,0.000000,1,0
0.000,110.0,0.050,57,220.0000,-0.000003,0.000000,1,0
0.000,110.0,0.050,64,329.6276,-0.000003,0.000000,1,0
0.000,110.0,0.050,69,440.0000,-0.000003,0.000000,1,0
0.000,110.0,0.050,76,659.2551,0.000056,0.000000,1,0
0.000,110.0,0.050,81,880.0000,-0.000002,0.000000,1,0
0.000,110.0,0.050,88,1318.5102,0.000032,0.000000,1,0
0.000,110.0,0.050,93,1760.0000,-0.000002,0.000000,1,0
0.000,110.0,0.050,96,2093.0045,0.000092,0.000000,1,0
0.000,110.0,0.150,21,27.5000,-0.000308,0.000000,1,1
0.000,110.0,0.150,33,55.0000,-0.000255,0.000000,1,1
0.000,110.0,0.150,40,82.4069,0.000156,0.000000,1,1
0.000,110.0,0.150,45,110.0000,0.000005,0.000000,1,1
0.000,110.0,0.150,52,164.8138,-0.000035,0.000000,1,1
0.000,110.0,0.150,57,220.0000,-0.000003,0.000000,1,1
0.000,110.0,0.150,64,329.6276,-0.000003,0.000000,1,1
0.000,110.0,0.150,69,440.0000,-0.000003,0.000000,1,1
0.000,110.0,0.150,76,659.2551,0.000056,0.000000,1,1
0.000,110.0,0.150,81,880.0000,-0.000002,0.000000,1,1
0.000,110.0,0.150,88,1318.5102,0.000032,0.000000,1,1
0.000,110.0,0.150,93,1760.0000,-0.000002,0.000000,1,1
0.000,110.0,0.150,96,2093.0045,0.000092,0.000000,1,1
0.000,110.0,0.500,21,27.5000,-0.000308,0.000000,1,1
0.000,110.0,0.500,33,55.0000,-0.000255,0.000000,1,1
0.000,110.0,0.500,40,82.4069,0.000156,0.000000,1,1
0.000,110.0,0.500,45,110.0000,0.000005,0.000000,1,1
0.000,110.0,0.500,52,164.8138,-0.000035,0.000000,1,1
0.000,110.0,0.500,57,220.0000,-0.000003,0.000000,1,1
0.000,110.0,0.500,64,329.6276,-0.000003,0.000000,1,1
0.000,110.0,0.500,69,440.0000,-0.000003,0.000000,1,1
0.000,110.0,0.500,76,659.2551,0.000056,0.000000,1,1
0.000,110.0,0.500,81,880.0000,-0.000002,0.000000,1,1
0.000,110.0,0.500,88,1318.5102,0.000032,0.000000,1,1
0.000,110.0,0.500,93,1760.0000,-0.000002,0.000000,1,1
0.000,110.0,0.500,96,2093.0045,0.000092,0.000000,1,1
0.000,110.0,1.000,21,27.5000,-0.000308,0.000000,1,1
0.000,110.0,1.000,33,55.0000,-0.000255,0.000000,1,1
0.000,110.0,1.000,40,82.4069,0.000156,0.000000,1,1
0.000,110.0,1.000,45,110.0000,0.000005,0.000000,1,1
0.000,110.0,1.000,52,164.8138,-0.000035,0.000000,1,1
0.000,110.0,1.000,57,220.0000,-0.000003,0.000000,1,1
0.000,110.0,1.000,64,329.6276,-0.000003,0.000000,1,1
0.000,110.0,1.000,69,440.0000,-0.000003,0.000000,1,1
0.000,110.0,1.000,76,659.2551,0.000056,0.000000,1,1
0.000,110.0,1.000,81,880.0000,-0.000002,0.000000,1,1
0.000,110.0,1.000,88,1318.5102,0.000032,0.000000,1,1
0.000,110.0,1.000,93,1760.0000,-0.000002,0.000000,1,1
0.000,110.0,1.000,96,2093.0045,0.000092,0.000000,1,1
0.000,110.0,4.000,21,27.5000,-0.000308,0.000000,1,0
0.000,110.0,4.000,33,55.0000,-0.000255,0.000000,1,0
0.000,110.0,4.000,40,82.4069,0.000156,0.000000,1,0
0.000,110.0,4.000,45,110.0000,0.000005,0.000000,1,0
0.000,110.0,4.000,52,164.8138,-0.000035,0.000000,1,0
0.000,110.0,4.000,57,220.0000,-0.000003,0.000000,1,0
0.000,110.0,4.000,64,329.6276,-0.000003,0.000000,1,0
0.000,110.0,4.000,69,440.0000,-0.000003,0.000000,1,0
0.000,110.0,4.000,76,659.2551,0.000056,0.000000,1,0
0.000,110.0,4.000,81,880.0000,-0.000002,0.000000,1,0
0.000,110.0,4.000,88,1318.5102,0.000032,0.000000,1,0
0.000,110.0,4.000,93,1760.0000,-0.000002,0.000000,1,0
0.000,110.0,4.000,96,2093.0045,0.000092,0.000000,1,0
0.000,180.0,0.050,21,27.5000,-0.000308,0.000000,1,0
0.000,180.0,0.050,33,55.0000,-0.000255,0.000000,1,0
0.000,180.0,0.050,40,82.4069,0.000156,0.000000,1,0
0.000,180.0,0.050,45,110.0000,0.000005,0.000000,1,0
0.000,180.0,0.050,52,164.8138,-0.000035,0.000000,1,0
0.000,180.0,0.050,57,220.0000,-0.000003,0.000000,1,0
0.000,180.0,0.050,64,329.6276,-0.000003,0.000000,1,0
0.000,180.0,0.050,69,440.0000,-0.000003,0.000000,1,0
0.000,180.0,0.050,76,659.2551,0.000056,0.000000,1,0
0.000,180.0,0.050,81,880.0000,-0.000002,0.000000,1,0
0.000,180.0,0.050,88,1318.5102,0.000032,0.000000,1,0
0.000,180.0,0.050,93,1760.0000,-0.000002,0.000000,1,0
0.000,180.0,0.050,96,2093.0045,0.000092,0.000000,1,0
0.000,180.0,0.150,21,27.5000,-0.000308,0.000000,1,1
0.000,180.0,0.150,33,55.0000,-0.000255,0.000000,1,1
0.000,180.0,0.150,40,82.4069,0.000156,0.000000,1,1
0.000,180.0,0.150,45,110.0000,0.000005,0.000000,1,1
0.000,180.0,0.150,52,164.8138,-0.000035,0.000000,1,1
0.000,180.0,0.150,57,220.0000,-0.000003,0.000000,1,1
0.000,180.0,0.150,64,329.6276,-0.000003,0.000000,1,1
0.000,180.0,0.150,69,440.0000,-0.000003,0.000000,1,1
0.000,180.0,0.150,76,659.2551,0.000056,0.000000,1,1
0.000,180.0,0.150,81,880.0000,-0.000002,0.000000,1,1
0.000,180.0,0.150,88,1318.5102,0.000032,0.000000,1,1
0.000,180.0,0.150,93,1760.0000,-0.000002,0.000000,1,1
0.000,180.0,0.150,96,2093.0045,0.000092,0.000000,1,1
0.000,180.0,0.500,21,27.5000,-0.000308,0.000000,1,1
0.000,180.0,0.500,33,55.0000,-0.000255,0.000000,1,1
0.000,180.0,0.500,40,82.4069,0.000156,0.000000,1,1
0.000,180.0,0.500,45,110.0000,0.000005,0.000000,1,1
0.000,180.0,0.500,52,164.8138,-0.000035,0.000000,1,1
0.000,180.0,0.500,57,220.0000,-0.000003,0.000000,1,1
0.000,180.0,0.500,64,329.6276,-0.000003,0.000000,1,1
0.000,180.0,0.500,69,440.0000,-0.000003,0.000000,1,1
0.000,180.0,0.500,76,659.2551,0.000056,0.000000,1,1
0.000,180.0,0.500,81,880.0000,-0.000002,0.000000,1,1
0.000,180.0,0.500,88,1318.5102,0.000032,0.000000,1,1
0.000,180.0,0.500,93,1760.0000,-0.000002,0.000000,1,1
0.000,180.0,0.500,96,2093.0045,0.000092,0.000000,1,1
0.000,180.0,1.000,21,27.5000,-0.000308,0.000000,1,1
0.000,180.0,1.000,33,55.0000,-0.000255,0.000000,1,1
0.000,180.0,1.000,40,82.4069,0.000156,0.000000,1,1
0.000,180.0,1.000,45,110.0000,0.000005,0.000000,1,1
0.000,180.0,1.000,52,164.8138,-0.000035,0.000000,1,1
0.000,180.0,1.000,57,220.0000,-0.000003,0.000000,1,1
0.000,180.0,1.000,64,329.6276,-0.000003,0.000000,1,1
0.000,180.0,1.000,69,440.0000,-0.000003,0.000000,1,1
0.000,180.0,1.000,76,659.2551,0.000056,0.000000,1,1
0.000,180.0,1.000,81,880.0000,-0.000002,0.000000,1,1
0.000,180.0,1.000,88,1318.5102,0.000032,0.000000,1,1
0.000,180.0,1.000,93,1760.0000,-0.000002,0.000000,1,1
0.000,180.0,1.000,96,2093.0045,0.000092,0.000000,1,1
0.000,180.0,4.000,21,27.5000,-0.000308,0.000000,1,0
0.000,180.0,4.000,33,55.0000,-0.000255,0.000000,1,0
0.000,180.0,4.000,40,82.4069,0.000156,0.000000,1,0
0.000,180.0,4.000,45,110.0000,0.000005,0.000000,1,0
0.000,180.0,4.000,52,164.8138,-0.000035,0.000000,1,0
0.000,180.0,4.000,57,220.0000,-0.000003,0.000000,1,0
0.000,180.0,4.000,64,329.6276,-0.000003,0.000000,1,0
0.000,180.0,4.000,69,440.0000,-0.000003,0.000000,1,0
0.000,180.0,4.000,76,659.2551,0.000056,0.000000,1,0
0.000,180.0,4.000,81,880.0000,-0.000002,0.000000,1,0
0.000,180.0,4.000,88,1318.5102,0.000032,0.000000,1,0
0.000,180.0,4.000,93,1760.0000,-0.000002,0.000000,1,0
0.000,180.0,4.000,96,2093.0045,0.000092,0.000000,1,0
0.000,330.0,0.050,21,27.5000,-0.000308,0.000000,1,0
0.000,330.0,0.050,33,55.0000,-0.000255,0.000000,1,0
0.000,330.0,0.050,40,82.4069,0.000156,0.000000,1,0
0.000,330.0,0.050,45,110.0000,0.000005,0.000000,1,0
0.000,330.0,0.050,52,164.8138,-0.000035,0.000000,1,0
0.000,330.0,0.050,57,220.0000,-0.000003,0.000000,1,0
0.000,330.0,0.050,64,329.6276,-0.000003,0.000000,1,0
0.000,330.0,0.050,69,440.0000,-0.000003,0.000000,1,0
0.000,330.0,0.050,76,659.2551,0.000056,0.000000,1,0
0.000,330.0,0.050,81,880.0000,-0.000002,0.000000,1,0
0.000,330.0,0.050,88,1318.5102,0.000032,0.000000,1,0
0.000,330.0,0.050,93,1760.0000,-0.000002,0.000000,1,0
0.000,330.0,0.050,96,2093.0045,0.000092,0.000000,1,0
0.000,330.0,0.150,21,27.5000,-0.000308,0.000000,1,1
0.000,330.0,0.150,33,55.0000,-0.000255,0.000000,1,1
0.000,330.0,0.150,40,82.4069,0.000156,0.000000,1,1
0.000,330.0,0.150,45,110.0000,0.000005,0.000000,1,1
0.000,330.0,0.150,52,164.8138,-0.000035,0.000000,1,1
0.000,330.0,0.150,57,220.0000,-0.000003,0.000000,1,1
0.000,330.0,0.150,64,329.6276,-0.000003,0.000000,1,1
0.000,330.0,0.150,69,440.0000,-0.000003,0.000000,1,1
0.000,330.0,0.150,76,659.2551,0.000056,0.000000,1,1
0.000,330.0,0.150,81,880.0000,-0.000002,0.000000,1,1
0.000,330.0,0.150,88,1318.5102,0.000032,0.000000,1,1
0.000,330.0,0.150,93,1760.0000,-0.000002,0.000000,1,1
0.000,330.0,0.150,96,2093.0045,0.000092,0.000000,1,1
0.000,330.0,0.500,21,27.5000,-0.000308,0.000000,1,1
0.000,330.0,0.500,33,55.0000,-0.000255,0.000000,1,1
0.000,330.0,0.500,40,82.4069,0.000156,0.000000,1,1
0.000,330.0,0.500,45,110.0000,0.000005,0.000000,1,1
0.000,330.0,0.500,52,164.8138,-0.000035,0.000000,1,1
0.000,330.0,0.500,57,220.0000,-0.000003,0.000000,1,1
0.000,330.0,0.500,64,329.6276,-0.000003,0.000000,1,1
0.000,330.0,0.500,69,440.0000,-0.000003,0.000000,1,1
0.000,330.0,0.500,76,659.2551,0.000056,0.000000,1,1
0.000,330.0,0.500,81,880.0000,-0.000002,0.000000,1,1
0.000,330.0,0.500,88,1318.5102,0.000032,0.000000,1,1
0.000,330.0,0.500,93,1760.0000,-0.000002,0.000000,1,1
0.000,330.0,0.500,96,2093.0045,0.000092,0.000000,1,1
0.000,330.0,1.000,21,27.5000,-0.000308,0.000000,1,1
0.000,330.0,1.000,33,55.0000,-0.000255,0.000000,1,1
0.000,330.0,1.000,40,82.4069,0.000156,0.000000,1,1
0.000,330.0,1.000,45,110.0000,0.000005,0.000000,1,1
0.000,330.0,1.000,52,164.8138,-0.000035,0.000000,1,1
0.000,330.0,1.000,57,220.0000,-0.000003,0.000000,1,1
0.000,330.0,1.000,64,329.6276,-0.000003,0.000000,1,1
0.000,330.0,1.000,69,440.0000,-0.000003,0.000000,1,1
0.000,330.0,1.000,76,659.2551,0.000056,0.000000,1,1
0.000,330.0,1.000,81,880.0000,-0.000002,0.000000,1,1
0.000,330.0,1.000,88,1318.5102,0.000032,0.000000,1,1
0.000,330.0,1.000,93,1760.0000,-0.000002,0.000000,1,1
0.000,330.0,1.000,96,2093.0045,0.000092,0.000000,1,1
0.000,330.0,4.000,21,27.5000,-0.000308,0.000000,1,0
0.000,330.0,4.000,33,55.0000,-0.000255,0.000000,1,0
0.000,330.0,4.000,40,82.4069,0.000156,0.000000,1,0
0.000,330.0,4.000,45,110.0000,0.000005,0.000000,1,0
0.000,330.0,4.000,52,164.8138,-0.000035,0.000000,1,0
0.000,330.0,4.000,57,220.0000,-0.000003,0.000000,1,0
0.000,330.0,4.000,64,329.6276,-0.000003,0.000000,1,0
0.000,330.0,4.000,69,440.0000,-0.000003,0.000000,1,0
0.000,330.0,4.000,76,659.2551,0.000056,0.000000,1,0
0.000,330.0,4.000,81,880.0000,-0.000002,0.000000,1,0
0.000,330.0,4.000,88,1318.5102,0.000032,0.000000,1,0
0.000,330.0,4.000,93,1760.0000,-0.000002,0.000000,1,0
0.000,330.0,4.000,96,2093.0045,0.000092,0.000000,1,0
0.000,660.0,0.050,21,27.5000,-0.000308,0.000000,1,0
0.000,660.0,0.050,33,55.0000,-0.000255,0.000000,1,0
0.000,660.0,0.050,40,82.4069,0.000156,0.000000,1,0
0.000,660.0,0.050,45,110.0000,0.000005,0.000000,1,0
0.000,660.0,0.050,52,164.8138,-0.000035,0.000000,1,0
0.000,660.0,0.050,57,220.0000,-0.000003,0.000000,1,0
0.000,660.0,0.050,64,329.6276,-0.000003,0.000000,1,0
0.000,660.0,0.050,69,440.0000,-0.000003,0.000000,1,0
0.000,660.0,0.050,76,659.2551,0.000056,0.000000,1,0
0.000,660.0,0.050,81,880.0000,-0.000002,0.000000,1,0
0.000,660.0,0.050,88,1318.5102,0.000032,0.000000,1,0
0.000,660.0,0.050,93,1760.0000,-0.000002,0.000000,1,0
0.000,660.0,0.050,96,2093.0045,0.000092,0.000000,1,0
0.000,660.0,0.150,21,27.5000,-0.000308,0.000000,1,0
0.000,660.0,0.150,33,55.0000,-0.000255,0.000000,1,0
0.000,660.0,0.150,40,82.4069,0.000156,0.000000,1,0
0.000,660.0,0.150,45,110.0000,0.000005,0.000000,1,0
0.000,660.0,0.150,52,164.8138,-0.000035,0.000000,1,0
0.000,660.0,0.150,57,220.0000,-0.000003,0.000000,1,0
0.000,660.0,0.150,64,329.6276,-0.000003,0.000000,1,0
0.000,660.0,0.150,69,440.0000,-0.000003,0.000000,1,0
0.000,660.0,0.150,76,659.2551,0.000056,0.000000,1,0
0.000,660.0,0.150,81,880.0000,-0.000002,0.000000,1,0
0.000,660.0,0.150,88,1318.5102,0.000032,0.000000,1,0
0.000,660.0,0.150,93,1760.0000,-0.000002,0.000000,1,0
0.000,660.0,0.150,96,2093.0045,0.000092,0.000000,1,0
0.000,660.0,0.500,21,27.5000,-0.000308,0.000000,1,0
0.000,660.0,0.500,33,55.0000,-0.000255,0.000000,1,0
0.000,660.0,0.500,40,82.4069,0.000156,0.000000,1,0
0.000,660.0,0.500,45,110.0000,0.000005,0.000000,1,0
0.000,660.0,0.500,52,164.8138,-0.000035,0.000000,1,0
0.000,660.0,0.500,57,220.0000,-0.000003,0.000000,1,0
0.000,660.0,0.500,64,329.6276,-0.000003,0.000000,1,0
0.000,660.0,0.500,69,440.0000,-0.000003,0.000000,1,0
0.000,660.0,0.500,76,659.2551,0.000056,0.000000,1,0
0.000,660.0,0.500,81,880.0000,-0.000002,0.000000,1,0
0.000,660.0,0.500,88,1318.5102,0.000032,0.000000,1,0
0.000,660.0,0.500,93,1760.0000,-0.000002,0.000000,1,0
0.000,660.0,0.500,96,2093.0045,0.000092,0.000000,1,0
0.000,660.0,1.000,21,27.5000,-0.000308,0.000000,1,0
0.000,660.0,1.000,33,55.0000,-0.000255,0.000000,1,0
0.000,660.0,1.000,40,82.4069,0.000156,0.000000,1,0
0.000,660.0,1.000,45,110.0000,0.000005,0.000000,1,0
0.000,660.0,1.000,52,164.8138,-0.000035,0.000000,1,0
0.000,660.0,1.000,57,220.0000,-0.000003,0.000000,1,0
0.000,660.0,1.000,64,329.6276,-0.000003,0.000000,1,0
0.000,660.0,1.000,69,440.0000,-0.000003,0.000000,1,0
0.000,660.0,1.000,76,659.2551,0.000056,0.000000,1,0
0.000,660.0,1.000,81,880.0000,-0.000002,0.000000,1,0
0.000,660.0,1.000,88,1318.5102,0.000032,0.000000,1,0
0.000,660.0,1.000,93,1760.0000,-0.000002,0.000000,1,0
0.000,660.0,1.000,96,2093.0045,0.000092,0.000000,1,0
0.000,660.0,4.000,21,27.5000,-0.000308,0.000000,1,0
0.000,660.0,4.000,33,55.0000,-0.000255,0.000000,1,0
0.000,660.0,4.000,40,82.4069,0.000156,0.000000,1,0
0.000,660.0,4.000,45,110.0000,0.000005,0.000000,1,0
0.000,660.0,4.000,52,164.8138,-0.000035,0.000000,1,0
0.000,660.0,4.000,57,220.0000,-0.000003,0.000000,1,0
0.000,660.0,4.000,64,329.6276,-0.000003,0.000000,1,0
0.000,660.0,4.000,69,440.0000,-0.000003,0.000000,1,0
0.000,660.0,4.000,76,659.2551,0.000056,0.000000,1,0
0.000,660.0,4.000,81,880.0000,-0.000002,0.000000,1,0
0.000,660.0,4.000,88,1318.5102,0.000032,0.000000,1,0
0.000,660.0,4.000,93,1760.0000,-0.000002,0.000000,1,0
0.000,660.0,4.000,96,2093.0045,0.000092,0.000000,1,0
0.000,2000.0,0.050,21,27.5000,-0.000308,0.000000,1,0
0.000,2000.0,0.050,33,55.0000,-0.000255,0.000000,1,0
0.000,2000.0,0.050,40,82.4069,0.000156,0.000000,1,0
0.000,2000.0,0.050,45,110.0000,0.000005,0.000000,1,0
0.000,2000.0,0.050,52,164.8138,-0.000035,0.000000,1,0
0.000,2000.0,0.050,57,220.0000,-0.000003,0.000000,1,0
0.000,2000.0,0.050,64,329.6276,-0.000003,0.000000,1,0
0.000,2000.0,0.050,69,440.0000,-0.000003,0.000000,1,0
0.000,2000.0,0.050,76,659.2551,0.000056,0.000000,1,0
0.000,2000.0,0.050,81,880.0000,-0.000002,0.000000,1,0
0.000,2000.0,0.050,88,1318.5102,0.000032,0.000000,1,0
0.000,2000.0,0.050,93,1760.0000,-0.000002,0.000000,1,0
0.000,2000.0,0.050,96,2093.0045,0.000092,0.000000,1,0
0.000,2000.0,0.150,21,27.5000,-0.000308,0.000000,1,0
0.000,2000.0,0.150,33,55.0000,-0.000255,0.000000,1,0
0.000,2000.0,0.150,40,82.4069,0.000156,0.000000,1,0
0.000,2000.0,0.150,45,110.0000,0.000005,0.000000,1,0
0.000,2000.0,0.150,52,164.8138,-0.000035,0.000000,1,0
0.000,2000.0,0.150,57,220.0000,-0.000003,0.000000,1,0
0.000,2000.0,0.150,64,329.6276,-0.000003,0.000000,1,0
0.000,2000.0,0.150,69,440.0000,-0.000003,0.000000,1,0
0.000,2000.0,0.150,76,659.2551,0.000056,0.000000,1,0
0.000,2000.0,0.150,81,880.0000,-0.000002,0.000000,1,0
0.000,2000.0,0.150,88,1318.5102,0.000032,0.000000,1,0
0.000,2000.0,0.150,93,1760.0000,-0.000002,0.000000,1,0
0.000,2000.0,0.150,96,2093.0045,0.000092,0.000000,1,0
0.000,2000.0,0.500,21,27.5000,-0.000308,0.000000,1,0
0.000,2000.0,0.500,33,55.0000,-0.000255,0.000000,1,0
0.000,2000.0,0.500,40,82.4069,0.000156,0.000000,1,0
0.000,2000.0,0.500,45,110.0000,0.000005,0.000000,1,0
0.000,2000.0,0.500,52,164.8138,-0.000035,0.000000,1,0
0.000,2000.0,0.500,57,220.0000,-0.000003,0.000000,1,0
0.000,2000.0,0.500,64,329.6276,-0.000003,0.000000,1,0
0.000,2000.0,0.500,69,440.0000,-0.000003,0.000000,1,0
0.000,2000.0,0.500,76,659.2551,0.000056,0.000000,1,0
0.000,2000.0,0.500,81,880.0000,-0.000002,0.000000,1,0
0.000,2000.0,0.500,88,1318.5102,0.000032,0.000000,1,0
0.000,2000.0,0.500,93,1760.0000,-0.000002,0.000000,1,0
0.000,2000.0,0.500,96,2093.0045,0.000092,0.000000,1,0
0.000,2000.0,1.000,21,27.5000,-0.000308,0.000000,1,0
0.000,2000.0,1.000,33,55.0000,-0.000255,0.000000,1,0
0.000,2000.0,1.000,40,82.4069,0.000156,0.000000,1,0
0.000,2000.0,1.000,45,110.0000,0.000005,0.000000,1,0
0.000,2000.0,1.000,52,164.8138,-0.000035,0.000000,1,0
0.000,2000.0,1.000,57,220.0000,-0.000003,0.000000,1,0
0.000,2000.0,1.000,64,329.6276,-0.000003,0.000000,1,0
0.000,2000.0,1.000,69,440.0000,-0.000003,0.000000,1,0
0.000,2000.0,1.000,76,659.2551,0.000056,0.000000,1,0
0.000,2000.0,1.000,81,880.0000,-0.000002,0.000000,1,0
0.000,2000.0,1.000,88,1318.5102,0.000032,0.000000,1,0
0.000,2000.0,1.000,93,1760.0000,-0.000002,0.000000,1,0
0.000,2000.0,1.000,96,2093.0045,0.000092,0.000000,1,0
0.000,2000.0,4.000,21,27.5000,-0.000308,0.000000,1,0
0.000,2000.0,4.000,33,55.0000,-0.000255,0.000000,1,0
0.000,2000.0,4.000,40,82.4069,0.000156,0.000000,1,0
0.000,2000.0,4.000,45,110.0000,0.000005,0.000000,1,0
0.000,2000.0,4.000,52,164.8138,-0.000035,0.000000,1,0
0.000,2000.0,4.000,57,220.0000,-0.000003,0.000000,1,0
0.000,2000.0,4.000,64,329.6276,-0.000003,0.000000,1,0
0.000,2000.0,4.000,69,440.0000,-0.000003,0.000000,1,0
0.000,2000.0,4.000,76,659.2551,0.000056,0.000000,1,0
0.000,2000.0,4.000,81,880.0000,-0.000002,0.000000,1,0
0.000,2000.0,4.000,88,1318.5102,0.000032,0.000000,1,0
0.000,2000.0,4.000,93,1760.0000,-0.000002,0.000000,1,0
0.000,2000.0,4.000,96,2093.0045,0.000092,0.000000,1,0
0.200,20.0,0.050,21,27.5000,-0.000252,-0.769720,1,0
0.200,20.0,0.050,33,55.0000,-0.000251,-0.106764,1,0
0.200,20.0,0.050,40,82.4069,0.000156,-0.043900,1,0
0.200,20.0,0.050,45,110.0000,0.000005,-0.023987,1,0
0.200,20.0,0.050,52,164.8138,-0.000035,-0.010488,1,0
0.200,20.0,0.050,57,220.0000,-0.000003,-0.005848,1,0
0.200,20.0,0.050,64,329.6276,-0.000002,-0.002593,1,0
0.200,20.0,0.050,69,440.0000,-0.000004,-0.001453,1,0
0.200,20.0,0.050,76,659.2551,0.000055,-0.000646,1,0
0.200,20.0,0.050,81,880.0000,-0.000003,-0.000362,1,0
0.200,20.0,0.050,88,1318.5102,0.000031,-0.000161,1,0
0.200,20.0,0.050,93,1760.0000,-0.000003,-0.000090,1,0
0.200,20.0,0.050,96,2093.0045,0.000091,-0.000064,1,0
0.200,20.0,0.150,21,27.5000,0.002581,-1.946619,1,1
0.200,20.0,0.150,33,55.0000,-0.000236,-0.315863,1,1
0.200,20.0,0.150,40,82.4069,0.000157,-0.131003,1,1
0.200,20.0,0.150,45,110.0000,0.000005,-0.071757,1,1
0.200,20.0,0.150,52,164.8138,-0.000035,-0.031426,1,1
0.200,20.0,0.150,57,220.0000,-0.000003,-0.017532,1,1
0.200,20.0,0.150,64,329.6276,-0.000003,-0.007776,1,1
0.200,20.0,0.150,69,440.0000,-0.000002,-0.004357,1,1
0.200,20.0,0.150,76,659.2551,0.000056,-0.001938,1,1
0.200,20.0,0.150,81,880.0000,-0.000003,-0.001087,1,1
0.200,20.0,0.150,88,1318.5102,0.000033,-0.000483,1,1
0.200,20.0,0.150,93,1760.0000,-0.000003,-0.000271,1,1
0.200,20.0,0.150,96,2093.0045,0.000092,-0.000191,1,1
0.200,20.0,0.500,21,27.5000,0.016490,-2.329251,1,1
0.200,20.0,0.500,33,55.0000,0.000619,-0.909760,1,1
0.200,20.0,0.500,40,82.4069,0.000299,-0.411897,1,1
0.200,20.0,0.500,45,110.0000,0.000049,-0.231758,1,1
0.200,20.0,0.500,52,164.8138,-0.000026,-0.103328,1,1
0.200,20.0,0.500,57,220.0000,-0.000000,-0.057997,1,1
0.200,20.0,0.500,64,329.6276,-0.000002,-0.025834,1,1
0.200,20.0,0.500,69,440.0000,-0.000003,-0.014497,1,1
0.200,20.0,0.500,76,659.2551,0.000056,-0.006455,1,1
0.200,20.0,0.500,81,880.0000,-0.000003,-0.003621,1,1
0.200,20.0,0.500,88,1318.5102,0.000032,-0.001610,1,1
0.200,20.0,0.500,93,1760.0000,-0.000002,-0.000902,1,1
0.200,20.0,0.500,96,2093.0045,0.000092,-0.000636,1,1
0.200,20.0,1.000,21,27.5000,0.008602,-1.496357,1,1
0.200,20.0,1.000,33,55.0000,0.004322,-1.256494,1,1
0.200,20.0,1.000,40,82.4069,0.001526,-0.693970,1,1
0.200,20.0,1.000,45,110.0000,0.000507,-0.420443,1,1
0.200,20.0,1.000,52,164.8138,0.000078,-0.197789,1,1
0.200,20.0,1.000,57,220.0000,0.000034,-0.113166,1,1
0.200,20.0,1.000,64,329.6276,0.000005,-0.051101,1,1
0.200,20.0,1.000,69,440.0000,0.000000,-0.028815,1,1
0.200,20.0,1.000,76,659.2551,0.000056,-0.012874,1,1
0.200,20.0,1.000,81,880.0000,-0.000003,-0.007230,1,1
0.200,20.0,1.000,88,1318.5102,0.000031,-0.003218,1,1
0.200,20.0,1.000,93,1760.0000,-0.000003,-0.001802,1,1
0.200,20.0,1.000,96,2093.0045,0.000092,-0.001272,1,1
0.200,20.0,4.000,21,27.5000,0.000426,-0.410643,1,0
0.200,20.0,4.000,33,55.0000,0.002933,-0.699182,1,0
0.200,20.0,4.000,40,82.4069,0.005059,-0.668632,1,0
0.200,20.0,4.000,45,110.0000,0.005527,-0.588367,1,0
0.200,20.0,4.000,52,164.8138,0.004468,-0.425818,1,0
0.200,20.0,4.000,57,220.0000,0.002829,-0.304274,1,0
0.200,20.0,4.000,64,329.6276,0.001062,-0.167656,1,0
0.200,20.0,4.000,69,440.0000,0.000426,-0.102600,1,0
0.200,20.0,4.000,76,659.2551,0.000155,-0.048811,1,0
0.200,20.0,4.000,81,880.0000,0.000032,-0.028054,1,0
0.200,20.0,4.000,88,1318.5102,0.000039,-0.012698,1,0
0.200,20.0,4.000,93,1760.0000,-0.000000,-0.007155,1,0
0.200,20.0,4.000,96,2093.0045,0.000093,-0.005060,1,0
0.200,110.0,0.050,21,27.5000,-0.000308,0.136021,1,0
0.200,110.0,0.050,33,55.0000,-0.000251,0.169394,1,0
0.200,110.0,0.050,40,82.4069,0.000056,0.282597,1,0
0.200,110.0,0.050,45,110.0000,0.001509,-0.000000,1,0
0.200,110.0,0.050,52,164.8138,-0.000016,-0.101037,1,0
0.200,110.0,0.050,57,220.0000,-0.000001,-0.042345,1,0
0.200,110.0,0.050,64,329.6276,-0.000002,-0.015966,1,0
0.200,110.0,0.050,69,440.0000,-0.000003,-0.008499,1,0
0.200,110.0,0.050,76,659.2551,0.000056,-0.003651,1,0
0.200,110.0,0.050,81,880.0000,-0.000003,-0.002023,1,0
0.200,110.0,0.050,88,1318.5102,0.000033,-0.000892,1,0
0.200,110.0,0.050,93,1760.0000,-0.000003,-0.000498,1,0
0.200,110.0,0.050,96,2093.0045,0.000091,-0.000351,1,0
0.200,110.0,0.150,21,27.5000,-0.000308,0.405757,1,1
0.200,110.0,0.150,33,55.0000,-0.000334,0.490808,1,1
0.200,110.0,0.150,40,82.4069,-0.004113,0.691173,1,1
0.200,110.0,0.150,45,110.0000,0.001044,-0.000000,1,1
0.200,110.0,0.150,52,164.8138,0.001043,-0.272040,1,1
0.200,110.0,0.150,57,220.0000,0.000081,-0.122693,1,1
0.200,110.0,0.150,64,329.6276,0.000005,-0.047366,1,1
0.200,110.0,0.150,69,440.0000,-0.000001,-0.025352,1,1
0.200,110.0,0.150,76,659.2551,0.000056,-0.010927,1,1
0.200,110.0,0.150,81,880.0000,-0.000003,-0.006060,1,1
0.200,110.0,0.150,88,1318.5102,0.000032,-0.002674,1,1
0.200,110.0,0.150,93,1760.0000,-0.000002,-0.001493,1,1
0.200,110.0,0.150,96,2093.0045,0.000092,-0.001052,1,1
0.200,110.0,0.500,21,27.5000,-0.000477,1.270812,1,1
0.200,110.0,0.500,33,55.0000,-0.004087,1.177960,1,1
0.200,110.0,0.500,40,82.4069,-0.017771,0.742905,1,1
0.200,110.0,0.500,45,110.0000,0.000254,0.000000,1,1
0.200,110.0,0.500,52,164.8138,0.013144,-0.418670,1,1
0.200,110.0,0.500,57,220.0000,0.003820,-0.294481,1,1
0.200,110.0,0.500,64,329.6276,0.000592,-0.140135,1,1
0.200,110.0,0.500,69,440.0000,0.000162,-0.079403,1,1
0.200,110.0,0.500,76,659.2551,0.000084,-0.035475,1,1
0.200,110.0,0.500,81,880.0000,0.000006,-0.019909,1,1
0.200,110.0,0.500,88,1318.5102,0.000034,-0.008856,1,1
0.200,110.0,0.500,93,1760.0000,-0.000002,-0.004959,1,1
0.200,110.0,0.500,96,2093.0045,0.000092,-0.003499,1,1
0.200,110.0,1.000,21,27.5000,-0.001834,2.119502,1,1
0.200,110.0,1.000,33,55.0000,-0.008902,1.225137,1,1
0.200,110.0,1.000,40,82.4069,-0.008322,0.459489,1,1
0.200,110.0,1.000,45,110.0000,0.000169,0.000000,1,1
0.200,110.0,1.000,52,164.8138,0.010056,-0.301794,1,1
0.200,110.0,1.000,57,220.0000,0.008613,-0.306291,1,1
0.200,110.0,1.000,64,329.6276,0.003675,-0.204482,1,1
0.200,110.0,1.000,69,440.0000,0.001514,-0.132445,1,1
0.200,110.0,1.000,76,659.2551,0.000413,-0.065348,1,1
0.200,110.0,1.000,81,880.0000,0.000122,-0.038013,1,1
0.200,110.0,1.000,88,1318.5102,0.000057,-0.017349,1,1
0.200,110.0,1.000,93,1760.0000,0.000006,-0.009803,1,1
0.200,110.0,1.000,96,2093.0045,0.000095,-0.006941,1,1
0.200,110.0,4.000,21,27.5000,-0.005127,1.961860,1,0
0.200,110.0,4.000,33,55.0000,-0.002063,0.462351,1,0
0.200,110.0,4.000,40,82.4069,-0.000530,0.124061,1,0
0.200,110.0,4.000,45,110.0000,0.000072,-0.000000,1,0
0.200,110.0,4.000,52,164.8138,0.001162,-0.087530,1,0
0.200,110.0,4.000,57,220.0000,0.001803,-0.115596,1,0
0.200,110.0,4.000,64,329.6276,0.003303,-0.127644,1,0
0.200,110.0,4.000,69,440.0000,0.004994,-0.122642,1,0
0.200,110.0,4.000,76,659.2551,0.005939,-0.101356,1,0
0.200,110.0,4.000,81,880.0000,0.005863,-0.079751,1,0
0.200,110.0,4.000,88,1318.5102,0.002804,-0.049234,1,0
0.200,110.0,4.000,93,1760.0000,0.001052,-0.031877,1,0
0.200,110.0,4.000,96,2093.0045,0.000755,-0.023884,1,0
0.200,180.0,0.050,21,27.5000,-0.000308,0.079826,1,0
0.200,180.0,0.050,33,55.0000,-0.000252,0.085914,1,0
0.200,180.0,0.050,40,82.4069,0.000155,0.098329,1,0
0.200,180.0,0.050,45,110.0000,-0.000002,0.123288,1,0
0.200,180.0,0.050,52,164.8138,-0.017648,0.365268,1,0
0.200,180.0,0.050,57,220.0000,0.000553,-0.148788,1,0
0.200,180.0,0.050,64,329.6276,0.000000,-0.032929,1,0
0.200,180.0,0.050,69,440.0000,-0.000002,-0.015631,1,0
0.200,180.0,0.050,76,659.2551,0.000055,-0.006272,1,0
0.200,180.0,0.050,81,880.0000,-0.000003,-0.003399,1,0
0.200,180.0,0.050,88,1318.5102,0.000032,-0.001476,1,0
0.200,180.0,0.050,93,1760.0000,-0.000003,-0.000820,1,0
0.200,180.0,0.050,96,2093.0045,0.000092,-0.000577,1,0
0.200,180.0,0.150,21,27.5000,-0.000309,0.239009,1,1
0.200,180.0,0.150,33,55.0000,-0.000256,0.255424,1,1
0.200,180.0,0.150,40,82.4069,0.000109,0.287304,1,1
0.200,180.0,0.150,45,110.0000,-0.000435,0.343938,1,1
0.200,180.0,0.150,52,164.8138,-0.058656,0.372292,1,1
0.200,180.0,0.150,57,220.0000,0.014353,-0.305387,1,1
0.200,180.0,0.150,64,329.6276,0.000164,-0.094250,1,1
0.200,180.0,0.150,69,440.0000,0.000020,-0.046007,1,1
0.200,180.0,0.150,76,659.2551,0.000058,-0.018685,1,1
0.200,180.0,0.150,81,880.0000,-0.000002,-0.010160,1,1
0.200,180.0,0.150,88,1318.5102,0.000032,-0.004422,1,1
0.200,180.0,0.150,93,1760.0000,-0.000003,-0.002458,1,1
0.200,180.0,0.150,96,2093.0045,0.000091,-0.001729,1,1
0.200,180.0,0.500,21,27.5000,-0.000329,0.779382,1,1
0.200,180.0,0.500,33,55.0000,-0.000647,0.772394,1,1
0.200,180.0,0.500,40,82.4069,-0.002392,0.738773,1,1
0.200,180.0,0.500,45,110.0000,-0.009403,0.637877,1,1
0.200,180.0,0.500,52,164.8138,-0.011481,0.145821,1,1
0.200,180.0,0.500,57,220.0000,0.018454,-0.221662,1,1
0.200,180.0,0.500,64,329.6276,0.005771,-0.206387,1,1
0.200,180.0,0.500,69,440.0000,0.001493,-0.126237,1,1
0.200,180.0,0.500,76,659.2551,0.000289,-0.057752,1,1
0.200,180.0,0.500,81,880.0000,0.000066,-0.032528,1,1
0.200,180.0,0.500,88,1318.5102,0.000044,-0.014487,1,1
0.200,180.0,0.500,93,1760.0000,0.000002,-0.008114,1,1
0.200,180.0,0.500,96,2093.0045,0.000093,-0.005725,1,1
0.200,180.0,1.000,21,27.5000,-0.000580,1.454546,1,1
0.200,180.0,1.000,33,55.0000,-0.003092,1.182880,1,1
0.200,180.0,1.000,40,82.4069,-0.007438,0.842617,1,1
0.200,180.0,1.000,45,110.0000,-0.010094,0.518097,1,1
0.200,180.0,1.000,52,164.8138,-0.002915,0.074602,1,1
0.200,180.0,1.000,57,220.0000,0.006361,-0.123875,1,1
0.200,180.0,1.000,64,329.6276,0.009413,-0.193707,1,1
0.200,180.0,1.000,69,440.0000,0.006002,-0.159494,1,1
0.200,180.0,1.000,76,659.2551,0.002033,-0.093158,1,1
0.200,180.0,1.000,81,880.0000,0.000762,-0.057551,1,1
0.200,180.0,1.000,88,1318.5102,0.000202,-0.027422,1,1
0.200,180.0,1.000,93,1760.0000,0.000055,-0.015734,1,1
0.200,180.0,1.000,96,2093.0045,0.000121,-0.011204,1,1
0.200,180.0,4.000,21,27.5000,-0.005662,2.489493,1,0
0.200,180.0,4.000,33,55.0000,-0.004178,0.832251,1,0
0.200,180.0,4.000,40,82.4069,-0.002062,0.351309,1,0
0.200,180.0,4.000,45,110.0000,-0.001137,0.160929,1,0
0.200,180.0,4.000,52,164.8138,-0.000002,0.018787,1,0
0.200,180.0,4.000,57,220.0000,0.000414,-0.032151,1,0
0.200,180.0,4.000,64,329.6276,0.001361,-0.066714,1,0
0.200,180.0,4.000,69,440.0000,0.002520,-0.076266,1,0
0.200,180.0,4.000,76,659.2551,0.004840,-0.076533,1,0
0.200,180.0,4.000,81,880.0000,-0.006338,-0.069606,1,0
0.200,180.0,4.000,88,1318.5102,0.076916,-0.052947,1,0
0.200,180.0,4.000,93,1760.0000,0.115500,-0.039130,1,0
0.200,180.0,4.000,96,2093.0045,0.027917,-0.031318,1,0
0.200,330.0,0.050,21,27.5000,-0.000308,0.042824,1,0
0.200,330.0,0.050,33,55.0000,-0.000254,0.043732,1,0
0.200,330.0,0.050,40,82.4069,0.000156,0.045326,1,0
0.200,330.0,0.050,45,110.0000,0.000005,0.047778,1,0
0.200,330.0,0.050,52,164.8138,-0.000036,0.056412,1,0
0.200,330.0,0.050,57,220.0000,-0.000022,0.075462,1,0
0.200,330.0,0.050,64,329.6276,0.004121,0.009617,1,0
0.200,330.0,0.050,69,440.0000,0.000097,-0.053104,1,0
0.200,330.0,0.050,76,659.2551,0.000057,-0.014146,1,0
0.200,330.0,0.050,81,880.0000,-0.000003,-0.006937,1,0
0.200,330.0,0.050,88,1318.5102,0.000032,-0.002832,1,0
0.200,330.0,0.050,93,1760.0000,-0.000003,-0.001541,1,0
0.200,330.0,0.050,96,2093.0045,0.000092,-0.001076,1,0
0.200,330.0,0.150,21,27.5000,-0.000308,0.128401,1,1
0.200,330.0,0.150,33,55.0000,-0.000253,0.130889,1,1
0.200,330.0,0.150,40,82.4069,0.000154,0.135211,1,1
0.200,330.0,0.150,45,110.0000,-0.000002,0.141742,1,1
0.200,330.0,0.150,52,164.8138,-0.000118,0.163473,1,1
0.200,330.0,0.150,57,220.0000,-0.001068,0.203308,1,1
0.200,330.0,0.150,64,329.6276,-0.008429,0.003207,1,1
0.200,330.0,0.150,69,440.0000,0.004303,-0.129717,1,1
0.200,330.0,0.150,76,659.2551,0.000138,-0.040984,1,1
0.200,330.0,0.150,81,880.0000,0.000011,-0.020501,1,1
0.200,330.0,0.150,88,1318.5102,0.000033,-0.008448,1,1
0.200,330.0,0.150,93,1760.0000,-0.000002,-0.004609,1,1
0.200,330.0,0.150,96,2093.0045,0.000092,-0.003221,1,1
0.200,330.0,0.500,21,27.5000,-0.000310,0.425279,1,1
0.200,330.0,0.500,33,55.0000,-0.000282,0.424964,1,1
0.200,330.0,0.500,40,82.4069,-0.000009,0.423548,1,1
0.200,330.0,0.500,45,110.0000,-0.000580,0.419485,1,1
0.200,330.0,0.500,52,164.8138,-0.003837,0.392781,1,1
0.200,330.0,0.500,57,220.0000,-0.013106,0.313827,1,1
0.200,330.0,0.500,64,329.6276,0.001183,0.000962,1,1
0.200,330.0,0.500,69,440.0000,0.017837,-0.138896,1,1
0.200,330.0,0.500,76,659.2551,0.003861,-0.098312,1,1
0.200,330.0,0.500,81,880.0000,0.000994,-0.058414,1,1
0.200,330.0,0.500,88,1318.5102,0.000194,-0.026463,1,1
0.200,330.0,0.500,93,1760.0000,0.000045,-0.014860,1,1
0.200,330.0,0.500,96,2093.0045,0.000115,-0.010492,1,1
0.200,330.0,1.000,21,27.5000,-0.000335,0.833088,1,1
0.200,330.0,1.000,33,55.0000,-0.000619,0.782900,1,1
0.200,330.0,1.000,40,82.4069,-0.001364,0.706726,1,1
0.200,330.0,1.000,45,110.0000,-0.003639,0.612512,1,1
0.200,330.0,1.000,52,164.8138,-0.008632,0.409079,1,1
0.200,330.0,1.000,57,220.0000,-0.009829,0.226590,1,1
0.200,330.0,1.000,64,329.6276,0.000269,0.000481,1,1
0.200,330.0,1.000,69,440.0000,0.009139,-0.085800,1,1
0.200,330.0,1.000,76,659.2551,0.009164,-0.102182,1,1
0.200,330.0,1.000,81,880.0000,0.005654,-0.079010,1,1
0.200,330.0,1.000,88,1318.5102,0.001571,-0.044161,1,1
0.200,330.0,1.000,93,1760.0000,0.000546,-0.026823,1,1
0.200,330.0,1.000,96,2093.0045,0.000384,-0.019514,1,1
0.200,330.0,4.000,21,27.5000,-0.002686,2.362052,1,0
0.200,330.0,4.000,33,55.0000,-0.005741,1.215134,1,0
0.200,330.0,4.000,40,82.4069,-0.004721,0.655301,1,0
0.200,330.0,4.000,45,110.0000,-0.003519,0.382933,1,0
0.200,330.0,4.000,52,164.8138,-0.001712,0.154591,1,0
0.200,330.0,4.000,57,220.0000,-0.000968,0.065775,1,0
0.200,330.0,4.000,64,329.6276,-0.000150,0.000120,1,0
0.200,330.0,4.000,69,440.0000,0.000170,-0.023154,1,0
0.200,330.0,4.000,76,659.2551,-0.000913,-0.038537,1,0
0.200,330.0,4.000,81,880.0000,0.220419,-0.042287,1,0
0.200,330.0,4.000,88,1318.5102,-1.742598,-0.040966,1,0
0.200,330.0,4.000,93,1760.0000,-4.395599,-0.036372,1,0
0.200,330.0,4.000,96,2093.0045,-2.641632,-0.032516,1,0
0.200,660.0,0.050,21,27.5000,-0.000308,0.021290,1,0
0.200,660.0,0.050,33,55.0000,-0.000255,0.021400,1,0
0.200,660.0,0.050,40,82.4069,0.000156,0.021586,1,0
0.200,660.0,0.050,45,110.0000,0.000005,0.021854,1,0
0.200,660.0,0.050,52,164.8138,-0.000035,0.022650,1,0
0.200,660.0,0.050,57,220.0000,-0.000003,0.023874,1,0
0.200,660.0,0.050,64,329.6276,-0.000003,0.028187,1,0
0.200,660.0,0.050,69,440.0000,-0.000022,0.037701,1,0
0.200,660.0,0.050,76,659.2551,-0.019527,0.004814,1,0
0.200,660.0,0.050,81,880.0000,0.000099,-0.026514,1,0
0.200,660.0,0.050,88,1318.5102,0.000032,-0.007054,1,0
0.200,660.0,0.050,93,1760.0000,-0.000002,-0.003453,1,0
0.200,660.0,0.050,96,2093.0045,0.000091,-0.002326,1,0
0.200,660.0,0.150,21,27.5000,-0.000309,0.063860,1,0
0.200,660.0,0.150,33,55.0000,-0.000254,0.064165,1,0
0.200,660.0,0.150,40,82.4069,0.000156,0.064675,1,0
0.200,660.0,0.150,45,110.0000,0.000005,0.065407,1,0
0.200,660.0,0.150,52,164.8138,-0.000037,0.067566,1,0
0.200,660.0,0.150,57,220.0000,-0.000010,0.070829,1,0
0.200,660.0,0.150,64,329.6276,-0.000085,0.081684,1,0
0.200,660.0,0.150,69,440.0000,-0.001064,0.101591,1,0
0.200,660.0,0.150,76,659.2551,-0.376315,0.001605,1,0
0.200,660.0,0.150,81,880.0000,0.004293,-0.064800,1,0
0.200,660.0,0.150,88,1318.5102,0.000115,-0.020440,1,0
0.200,660.0,0.150,93,1760.0000,0.000011,-0.010206,1,0
0.200,660.0,0.150,96,2093.0045,0.000097,-0.006913,1,0
0.200,660.0,0.500,21,27.5000,-0.000308,0.212532,1,0
0.200,660.0,0.500,33,55.0000,-0.000255,0.212523,1,0
0.200,660.0,0.500,40,82.4069,0.000147,0.212482,1,0
0.200,660.0,0.500,45,110.0000,-0.000024,0.212368,1,0
0.200,660.0,0.500,52,164.8138,-0.000197,0.211666,1,0
0.200,660.0,0.500,57,220.0000,-0.000589,0.209645,1,0
0.200,660.0,0.500,64,329.6276,-0.003786,0.196338,1,0
0.200,660.0,0.500,69,440.0000,-0.013146,0.156936,1,0
0.200,660.0,0.500,76,659.2551,0.019137,0.000482,1,0
0.200,660.0,0.500,81,880.0000,0.039088,-0.069500,1,0
0.200,660.0,0.500,88,1318.5102,0.004844,-0.049104,1,0
0.200,660.0,0.500,93,1760.0000,0.000974,-0.029117,1,0
0.200,660.0,0.500,96,2093.0045,0.000534,-0.020786,1,0
0.200,660.0,1.000,21,27.5000,-0.000310,0.422860,1,0
0.200,660.0,1.000,33,55.0000,-0.000279,0.416325,1,0
0.200,660.0,1.000,40,82.4069,0.000030,0.405721,1,0
0.200,660.0,1.000,45,110.0000,-0.000361,0.391274,1,0
0.200,660.0,1.000,52,164.8138,-0.001538,0.353247,1,0
0.200,660.0,1.000,57,220.0000,-0.003648,0.306203,1,0
0.200,660.0,1.000,64,329.6276,-0.008643,0.204578,1,0
0.200,660.0,1.000,69,440.0000,-0.010096,0.113359,1,0
0.200,660.0,1.000,76,659.2551,0.001844,0.000241,1,0
0.200,660.0,1.000,81,880.0000,0.014586,-0.042956,1,0
0.200,660.0,1.000,88,1318.5102,-0.203698,-0.051130,1,0
0.200,660.0,1.000,93,1760.0000,-0.056183,-0.039480,1,0
0.200,660.0,1.000,96,2093.0045,0.054552,-0.031425,1,0
0.200,660.0,4.000,21,27.5000,-0.000632,1.532581,1,0
0.200,660.0,4.000,33,55.0000,-0.002616,1.180777,1,0
0.200,660.0,4.000,40,82.4069,-0.004471,0.851650,1,0
0.200,660.0,4.000,45,110.0000,-0.005498,0.607672,1,0
0.200,660.0,4.000,52,164.8138,-0.004766,0.327773,1,0
0.200,660.0,4.000,57,220.0000,-0.003548,0.191560,1,0
0.200,660.0,4.000,64,329.6276,-0.001950,0.077345,1,0
0.200,660.0,4.000,69,440.0000,-0.001492,0.032913,1,0
0.200,660.0,4.000,76,659.2551,0.000705,0.000060,1,0
0.200,660.0,4.000,81,880.0000,0.106996,-0.011595,1,0
0.200,660.0,4.000,88,1318.5102,-1.068488,-0.019318,1,0
0.200,660.0,4.000,93,1760.0000,-1.721238,-0.021224,1,0
0.200,660.0,4.000,96,2093.0045,-1.218525,-0.021372,1,0
0.200,2000.0,0.050,21,27.5000,-0.000308,0.006972,1,0
0.200,2000.0,0.050,33,55.0000,-0.000255,0.006976,1,0
0.200,2000.0,0.050,40,82.4069,0.000156,0.006983,1,0
0.200,2000.0,0.050,45,110.0000,0.000005,0.006992,1,0
0.200,2000.0,0.050,52,164.8138,-0.000035,0.007018,1,0
0.200,2000.0,0.050,57,220.0000,-0.000003,0.007055,1,0
0.200,2000.0,0.050,64,329.6276,-0.000002,0.007162,1,0
0.200,2000.0,0.050,69,440.0000,-0.000003,0.007319,1,0
0.200,2000.0,0.050,76,659.2551,0.000055,0.007805,1,0
0.200,2000.0,0.050,81,880.0000,-0.000004,0.008608,1,0
0.200,2000.0,0.050,88,1318.5102,0.000012,0.012132,1,0
0.200,2000.0,0.050,93,1760.0000,-0.003911,0.026764,1,0
0.200,2000.0,0.050,96,2093.0045,-0.908520,-0.033426,1,0
0.200,2000.0,0.150,21,27.5000,-0.000308,0.020917,1,0
0.200,2000.0,0.150,33,55.0000,-0.000255,0.020928,1,0
0.200,2000.0,0.150,40,82.4069,0.000156,0.020946,1,0
0.200,2000.0,0.150,45,110.0000,0.000005,0.020971,1,0
0.200,2000.0,0.150,52,164.8138,-0.000035,0.021043,1,0
0.200,2000.0,0.150,57,220.0000,-0.000003,0.021145,1,0
0.200,2000.0,0.150,64,329.6276,-0.000003,0.021439,1,0
0.200,2000.0,0.150,69,440.0000,-0.000004,0.021866,1,0
0.200,2000.0,0.150,76,659.2551,0.000049,0.023165,1,0
0.200,2000.0,0.150,81,880.0000,-0.000039,0.025235,1,0
0.200,2000.0,0.150,88,1318.5102,-0.000910,0.032930,1,0
0.200,2000.0,0.150,93,1760.0000,-0.076648,0.039464,1,0
0.200,2000.0,0.150,96,2093.0045,-0.203665,-0.018842,1,0
0.200,2000.0,0.500,21,27.5000,-0.000308,0.069712,1,0
0.200,2000.0,0.500,33,55.0000,-0.000255,0.069712,1,0
0.200,2000.0,0.500,40,82.4069,0.000156,0.069712,1,0
0.200,2000.0,0.500,45,110.0000,0.000005,0.069713,1,0
0.200,2000.0,0.500,52,164.8138,-0.000037,0.069712,1,0
0.200,2000.0,0.500,57,220.0000,-0.000008,0.069707,1,0
0.200,2000.0,0.500,64,329.6276,-0.000029,0.069673,1,0
0.200,2000.0,0.500,69,440.0000,-0.000095,0.069568,1,0
0.200,2000.0,0.500,76,659.2551,-0.000503,0.068874,1,0
0.200,2000.0,0.500,81,880.0000,-0.002076,0.066775,1,0
0.200,2000.0,0.500,88,1318.5102,0.031736,0.052687,1,0
0.200,2000.0,0.500,93,1760.0000,1.171828,0.019391,1,0
0.200,2000.0,0.500,96,2093.0045,0.391172,-0.006135,1,0
0.200,2000.0,1.000,21,27.5000,-0.000308,0.139346,1,0
0.200,2000.0,1.000,33,55.0000,-0.000255,0.139113,1,0
0.200,2000.0,1.000,40,82.4069,0.000154,0.138727,1,0
0.200,2000.0,1.000,45,110.0000,0.000001,0.138184,1,0
0.200,2000.0,1.000,52,164.8138,-0.000059,0.136658,1,0
0.200,2000.0,1.000,57,220.0000,-0.000078,0.134539,1,0
0.200,2000.0,1.000,64,329.6276,-0.000342,0.128717,1,0
0.200,2000.0,1.000,69,440.0000,-0.000973,0.120970,1,0
0.200,2000.0,1.000,76,659.2551,-0.003462,0.101572,1,0
0.200,2000.0,1.000,81,880.0000,-0.006813,0.079510,1,0
0.200,2000.0,1.000,88,1318.5102,1.217545,0.038823,1,0
0.200,2000.0,1.000,93,1760.0000,1.309530,0.010177,1,0
0.200,2000.0,1.000,96,2093.0045,-0.694297,-0.003087,1,0
0.200,2000.0,4.000,21,27.5000,-0.000313,0.551217,1,0
0.200,2000.0,4.000,33,55.0000,-0.000323,0.532643,1,0
0.200,2000.0,4.000,40,82.4069,-0.000147,0.504388,1,0
0.200,2000.0,4.000,45,110.0000,-0.000765,0.469219,1,0
0.200,2000.0,4.000,52,164.8138,-0.002297,0.391389,1,0
0.200,2000.0,4.000,57,220.0000,-0.003903,0.316656,1,0
0.200,2000.0,4.000,64,329.6276,-0.005470,0.203875,1,0
0.200,2000.0,4.000,69,440.0000,-0.005440,0.134002,1,0
0.200,2000.0,4.000,76,659.2551,0.000436,0.064985,1,0
0.200,2000.0,4.000,81,880.0000,0.028531,0.034979,1,0
0.200,2000.0,4.000,88,1318.5102,1.591760,0.011392,1,0
0.200,2000.0,4.000,93,1760.0000,-0.907837,0.002584,1,0
0.200,2000.0,4.000,96,2093.0045,0.398172,-0.000773,1,0
0.350,20.0,0.050,21,27.5000,-0.000134,-1.347008,1,0
0.350,20.0,0.050,33,55.0000,-0.000248,-0.186837,1,0
0.350,20.0,0.050,40,82.4069,0.000156,-0.076825,1,0
0.350,20.0,0.050,45,110.0000,0.000005,-0.041977,1,0
0.350,20.0,0.050,52,164.8138,-0.000035,-0.018354,1,0
0.350,20.0,0.050,57,220.0000,-0.000003,-0.010234,1,0
0.350,20.0,0.050,64,329.6276,-0.000002,-0.004537,1,0
0.350,20.0,0.050,69,440.0000,-0.000003,-0.002542,1,0
0.350,20.0,0.050,76,659.2551,0.000056,-0.001131,1,0
0.350,20.0,0.050,81,880.0000,-0.000001,-0.000634,1,0
0.350,20.0,0.050,88,1318.5102,0.000031,-0.000282,1,0
0.350,20.0,0.050,93,1760.0000,-0.000002,-0.000158,1,0
0.350,20.0,0.050,96,2093.0045,0.000092,-0.000111,1,0
0.350,20.0,0.150,21,27.5000,0.008470,-3.406570,1,1
0.350,20.0,0.150,33,55.0000,-0.000214,-0.552759,1,1
0.350,20.0,0.150,40,82.4069,0.000158,-0.229255,1,1
0.350,20.0,0.150,45,110.0000,0.000007,-0.125575,1,1
0.350,20.0,0.150,52,164.8138,-0.000035,-0.054995,1,1
0.350,20.0,0.150,57,220.0000,-0.000003,-0.030681,1,1
0.350,20.0,0.150,64,329.6276,-0.000002,-0.013608,1,1
0.350,20.0,0.150,69,440.0000,-0.000003,-0.007625,1,1
0.350,20.0,0.150,76,659.2551,0.000055,-0.003392,1,1
0.350,20.0,0.150,81,880.0000,-0.000003,-0.001902,1,1
0.350,20.0,0.150,88,1318.5102,0.000032,-0.000846,1,1
0.350,20.0,0.150,93,1760.0000,-0.000002,-0.000473,1,1
0.350,20.0,0.150,96,2093.0045,0.000092,-0.000334,1,1
0.350,20.0,0.500,21,27.5000,0.051092,-4.076547,1,1
0.350,20.0,0.500,33,55.0000,0.002395,-1.592073,1,1
0.350,20.0,0.500,40,82.4069,0.000595,-0.720817,1,1
0.350,20.0,0.500,45,110.0000,0.000134,-0.405575,1,1
0.350,20.0,0.500,52,164.8138,-0.000010,-0.180823,1,1
0.350,20.0,0.500,57,220.0000,0.000005,-0.101495,1,1
0.350,20.0,0.500,64,329.6276,-0.000001,-0.045209,1,1
0.350,20.0,0.500,69,440.0000,-0.000002,-0.025369,1,1
0.350,20.0,0.500,76,659.2551,0.000055,-0.011296,1,1
0.350,20.0,0.500,81,880.0000,-0.000002,-0.006336,1,1
0.350,20.0,0.500,88,1318.5102,0.000032,-0.002818,1,1
0.350,20.0,0.500,93,1760.0000,-0.000002,-0.001578,1,1
0.350,20.0,0.500,96,2093.0045,0.000092,-0.001113,1,1
0.350,20.0,1.000,21,27.5000,0.027118,-2.619051,1,1
0.350,20.0,1.000,33,55.0000,0.013755,-2.198905,1,1
0.350,20.0,1.000,40,82.4069,0.004331,-1.214445,1,1
0.350,20.0,1.000,45,110.0000,0.001536,-0.735771,1,1
0.350,20.0,1.000,52,164.8138,0.000309,-0.346130,1,1
0.350,20.0,1.000,57,220.0000,0.000110,-0.198040,1,1
0.350,20.0,1.000,64,329.6276,0.000021,-0.089427,1,1
0.350,20.0,1.000,69,440.0000,0.000005,-0.050425,1,1
0.350,20.0,1.000,76,659.2551,0.000057,-0.022530,1,1
0.350,20.0,1.000,81,880.0000,-0.000001,-0.012653,1,1
0.350,20.0,1.000,88,1318.5102,0.000030,-0.005632,1,1
0.350,20.0,1.000,93,1760.0000,-0.000002,-0.003154,1,1
0.350,20.0,1.000,96,2093.0045,0.000092,-0.002226,1,1
0.350,20.0,4.000,21,27.5000,0.001964,-0.718771,1,0
0.350,20.0,4.000,33,55.0000,0.009282,-1.223775,1,0
0.350,20.0,4.000,40,82.4069,0.015392,-1.170252,1,0
0.350,20.0,4.000,45,110.0000,0.016740,-1.029730,1,0
0.350,20.0,4.000,52,164.8138,0.013679,-0.745206,1,0
0.350,20.0,4.000,57,220.0000,0.008653,-0.532485,1,0
0.350,20.0,4.000,64,329.6276,0.003234,-0.293397,1,0
0.350,20.0,4.000,69,440.0000,0.001301,-0.179549,1,0
0.350,20.0,4.000,76,659.2551,0.000361,-0.085419,1,0
0.350,20.0,4.000,81,880.0000,0.000105,-0.049094,1,0
0.350,20.0,4.000,88,1318.5102,0.000053,-0.022222,1,0
0.350,20.0,4.000,93,1760.0000,0.000004,-0.012521,1,0
0.350,20.0,4.000,96,2093.0045,0.000095,-0.008856,1,0
0.350,110.0,0.050,21,27.5000,-0.000306,0.238037,1,0
0.350,110.0,0.050,33,55.0000,-0.000251,0.296439,1,0
0.350,110.0,0.050,40,82.4069,-0.000144,0.494543,1,0
0.350,110.0,0.050,45,110.0000,0.079732,-0.000000,1,0
0.350,110.0,0.050,52,164.8138,0.000022,-0.176814,1,0
0.350,110.0,0.050,57,220.0000,0.000001,-0.074104,1,0
0.350,110.0,0.050,64,329.6276,-0.000002,-0.027941,1,0
0.350,110.0,0.050,69,440.0000,-0.000002,-0.014872,1,0
0.350,110.0,0.050,76,659.2551,0.000055,-0.006389,1,0
0.350,110.0,0.050,81,880.0000,-0.000002,-0.003540,1,0
0.350,110.0,0.050,88,1318.5102,0.000031,-0.001561,1,0
0.350,110.0,0.050,93,1760.0000,-0.000003,-0.000871,1,0
0.350,110.0,0.050,96,2093.0045,0.000091,-0.000614,1,0
0.350,110.0,0.150,21,27.5000,-0.000310,0.710074,1,1
0.350,110.0,0.150,33,55.0000,-0.000505,0.858913,1,1
0.350,110.0,0.150,40,82.4069,-0.012880,1.209549,1,1
0.350,110.0,0.150,45,110.0000,-0.003291,-0.000000,1,1
0.350,110.0,0.150,52,164.8138,0.003239,-0.476068,1,1
0.350,110.0,0.150,57,220.0000,0.000253,-0.214713,1,1
0.350,110.0,0.150,64,329.6276,0.000019,-0.082890,1,1
0.350,110.0,0.150,69,440.0000,0.000002,-0.044365,1,1
0.350,110.0,0.150,76,659.2551,0.000056,-0.019121,1,1
0.350,110.0,0.150,81,880.0000,-0.000003,-0.010605,1,1
0.350,110.0,0.150,88,1318.5102,0.000032,-0.004679,1,1
0.350,110.0,0.150,93,1760.0000,-0.000003,-0.002613,1,1
0.350,110.0,0.150,96,2093.0045,0.000092,-0.001841,1,1
0.350,110.0,0.500,21,27.5000,-0.000813,2.223914,1,1
0.350,110.0,0.500,33,55.0000,-0.012002,2.061441,1,1
0.350,110.0,0.500,40,82.4069,-0.055237,1.300215,1,1
0.350,110.0,0.500,45,110.0000,0.005029,0.000000,1,1
0.350,110.0,0.500,52,164.8138,0.040290,-0.732713,1,1
0.350,110.0,0.500,57,220.0000,0.011666,-0.515345,1,1
0.350,110.0,0.500,64,329.6276,0.001806,-0.245236,1,1
0.350,110.0,0.500,69,440.0000,0.000498,-0.138955,1,1
0.350,110.0,0.500,76,659.2551,0.000143,-0.062081,1,1
0.350,110.0,0.500,81,880.0000,0.000026,-0.034841,1,1
0.350,110.0,0.500,88,1318.5102,0.000037,-0.015497,1,1
0.350,110.0,0.500,93,1760.0000,-0.000001,-0.008678,1,1
0.350,110.0,0.500,96,2093.0045,0.000092,-0.006123,1,1
0.350,110.0,1.000,21,27.5000,-0.004970,3.709122,1,1
0.350,110.0,1.000,33,55.0000,-0.026861,2.144138,1,1
0.350,110.0,1.000,40,82.4069,-0.025810,0.804242,1,1
0.350,110.0,1.000,45,110.0000,0.002161,-0.000000,1,1
0.350,110.0,1.000,52,164.8138,0.033110,-0.528213,1,1
0.350,110.0,1.000,57,220.0000,0.026572,-0.536046,1,1
0.350,110.0,1.000,64,329.6276,0.011209,-0.357848,1,1
0.350,110.0,1.000,69,440.0000,0.004602,-0.231778,1,1
0.350,110.0,1.000,76,659.2551,0.001151,-0.114358,1,1
0.350,110.0,1.000,81,880.0000,0.000379,-0.066522,1,1
0.350,110.0,1.000,88,1318.5102,0.000108,-0.030360,1,1
0.350,110.0,1.000,93,1760.0000,0.000023,-0.017156,1,1
0.350,110.0,1.000,96,2093.0045,0.000104,-0.012146,1,1
0.350,110.0,4.000,21,27.5000,-0.015057,3.433695,1,0
0.350,110.0,4.000,33,55.0000,-0.005921,0.809268,1,0
0.350,110.0,4.000,40,82.4069,-0.001602,0.217151,1,0
0.350,110.0,4.000,45,110.0000,0.000765,-0.000000,1,0
0.350,110.0,4.000,52,164.8138,0.004595,-0.153209,1,0
0.350,110.0,4.000,57,220.0000,0.004815,-0.202332,1,0
0.350,110.0,4.000,64,329.6276,0.004933,-0.223413,1,0
0.350,110.0,4.000,69,440.0000,0.014908,-0.214651,1,0
0.350,110.0,4.000,76,659.2551,0.020146,-0.177386,1,0
0.350,110.0,4.000,81,880.0000,-0.118554,-0.139570,1,0
0.350,110.0,4.000,88,1318.5102,0.063874,-0.086161,1,0
0.350,110.0,4.000,93,1760.0000,0.025068,-0.055785,1,0
0.350,110.0,4.000,96,2093.0045,-0.002855,-0.041797,1,0
0.350,180.0,0.050,21,27.5000,-0.000309,0.139695,1,0
0.350,180.0,0.050,33,55.0000,-0.000251,0.150350,1,0
0.350,180.0,0.050,40,82.4069,0.000153,0.172076,1,0
0.350,180.0,0.050,45,110.0000,-0.000015,0.215754,1,0
0.350,180.0,0.050,52,164.8138,-0.053355,0.639219,1,0
0.350,180.0,0.050,57,220.0000,0.001682,-0.260378,1,0
0.350,180.0,0.050,64,329.6276,0.000005,-0.057625,1,0
0.350,180.0,0.050,69,440.0000,-0.000002,-0.027354,1,0
0.350,180.0,0.050,76,659.2551,0.000056,-0.010975,1,0
0.350,180.0,0.050,81,880.0000,-0.000003,-0.005948,1,0
0.350,180.0,0.050,88,1318.5102,0.000031,-0.002584,1,0
0.350,180.0,0.050,93,1760.0000,-0.000003,-0.001435,1,0
0.350,180.0,0.050,96,2093.0045,0.000092,-0.001009,1,0
0.350,180.0,0.150,21,27.5000,-0.000309,0.418266,1,1
0.350,180.0,0.150,33,55.0000,-0.000263,0.446992,1,1
0.350,180.0,0.150,40,82.4069,0.000016,0.502781,1,1
0.350,180.0,0.150,45,110.0000,-0.001342,0.601889,1,1
0.350,180.0,0.150,52,164.8138,-0.189316,0.651576,1,1
0.350,180.0,0.150,57,220.0000,0.043774,-0.534432,1,1
0.350,180.0,0.150,64,329.6276,0.000503,-0.164937,1,1
0.350,180.0,0.150,69,440.0000,0.000065,-0.080512,1,1
0.350,180.0,0.150,76,659.2551,0.000063,-0.032699,1,1
0.350,180.0,0.150,81,880.0000,-0.000001,-0.017781,1,1
0.350,180.0,0.150,88,1318.5102,0.000031,-0.007739,1,1
0.350,180.0,0.150,93,1760.0000,-0.000002,-0.004301,1,1
0.350,180.0,0.150,96,2093.0045,0.000092,-0.003026,1,1
0.350,180.0,0.500,21,27.5000,-0.000373,1.363917,1,1
0.350,180.0,0.500,33,55.0000,-0.001461,1.351684,1,1
0.350,180.0,0.500,40,82.4069,-0.007646,1.292853,1,1
0.350,180.0,0.500,45,110.0000,-0.028940,1.116320,1,1
0.350,180.0,0.500,52,164.8138,-0.041480,0.255236,1,1
0.350,180.0,0.500,57,220.0000,0.051496,-0.387964,1,1
0.350,180.0,0.500,64,329.6276,0.017632,-0.361183,1,1
0.350,180.0,0.500,69,440.0000,0.004542,-0.220914,1,1
0.350,180.0,0.500,76,659.2551,0.000771,-0.101065,1,1
0.350,180.0,0.500,81,880.0000,0.000209,-0.056924,1,1
0.350,180.0,0.500,88,1318.5102,0.000070,-0.025353,1,1
0.350,180.0,0.500,93,1760.0000,0.000010,-0.014199,1,1
0.350,180.0,0.500,96,2093.0045,0.000097,-0.010019,1,1
0.350,180.0,1.000,21,27.5000,-0.001131,2.545446,1,1
0.350,180.0,1.000,33,55.0000,-0.008961,2.070051,1,1
0.350,180.0,1.000,40,82.4069,-0.023171,1.474655,1,1
0.350,180.0,1.000,45,110.0000,-0.031157,0.906777,1,1
0.350,180.0,1.000,52,164.8138,-0.010523,0.130580,1,1
0.350,180.0,1.000,57,220.0000,0.016961,-0.216822,1,1
0.350,180.0,1.000,64,329.6276,0.029093,-0.339017,1,1
0.350,180.0,1.000,69,440.0000,0.017390,-0.279123,1,1
0.350,180.0,1.000,76,659.2551,0.006107,-0.163027,1,1
0.350,180.0,1.000,81,880.0000,0.002295,-0.100714,1,1
0.350,180.0,1.000,88,1318.5102,0.000558,-0.047988,1,1
0.350,180.0,1.000,93,1760.0000,0.000172,-0.027535,1,1
0.350,180.0,1.000,96,2093.0045,0.000181,-0.019606,1,1
0.350,180.0,4.000,21,27.5000,-0.016735,4.356875,1,0
0.350,180.0,4.000,33,55.0000,-0.012371,1.456662,1,0
0.350,180.0,4.000,40,82.4069,-0.006374,0.614905,1,0
0.350,180.0,4.000,45,110.0000,-0.003038,0.281682,1,0
0.350,180.0,4.000,52,164.8138,0.000652,0.032883,1,0
0.350,180.0,4.000,57,220.0000,0.000986,-0.056276,1,0
0.350,180.0,4.000,64,329.6276,0.002608,-0.116772,1,0
0.350,180.0,4.000,69,440.0000,0.010384,-0.133489,1,0
0.350,180.0,4.000,76,659.2551,-0.029823,-0.133951,1,0
0.350,180.0,4.000,81,880.0000,-6.263790,-0.121822,1,0
0.350,180.0,4.000,88,1318.5102,-4.096170,-0.092662,1,0
0.350,180.0,4.000,93,1760.0000,-3.127961,-0.068478,1,0
0.350,180.0,4.000,96,2093.0045,-3.916760,-0.054807,1,0
0.350,330.0,0.050,21,27.5000,-0.000308,0.074942,1,0
0.350,330.0,0.050,33,55.0000,-0.000253,0.076531,1,0
0.350,330.0,0.050,40,82.4069,0.000156,0.079320,1,0
0.350,330.0,0.050,45,110.0000,0.000005,0.083612,1,0
0.350,330.0,0.050,52,164.8138,-0.000039,0.098720,1,0
0.350,330.0,0.050,57,220.0000,-0.000060,0.132058,1,0
0.350,330.0,0.050,64,329.6276,-1.153720,0.016834,1,0
0.350,330.0,0.050,69,440.0000,0.000301,-0.092932,1,0
0.350,330.0,0.050,76,659.2551,0.000059,-0.024755,1,0
0.350,330.0,0.050,81,880.0000,-0.000003,-0.012140,1,0
0.350,330.0,0.050,88,1318.5102,0.000031,-0.004956,1,0
0.350,330.0,0.050,93,1760.0000,-0.000003,-0.002697,1,0
0.350,330.0,0.050,96,2093.0045,0.000092,-0.001883,1,0
0.350,330.0,0.150,21,27.5000,-0.000308,0.224701,1,1
0.350,330.0,0.150,33,55.0000,-0.000254,0.229055,1,1
0.350,330.0,0.150,40,82.4069,0.000151,0.236619,1,1
0.350,330.0,0.150,45,110.0000,-0.000016,0.248049,1,1
0.350,330.0,0.150,52,164.8138,-0.000288,0.286076,1,1
0.350,330.0,0.150,57,220.0000,-0.003250,0.355787,1,1
0.350,330.0,0.150,64,329.6276,0.769696,0.005614,1,1
0.350,330.0,0.150,69,440.0000,0.013060,-0.227003,1,1
0.350,330.0,0.150,76,659.2551,0.000307,-0.071722,1,1
0.350,330.0,0.150,81,880.0000,0.000038,-0.035876,1,1
0.350,330.0,0.150,88,1318.5102,0.000035,-0.014783,1,1
0.350,330.0,0.150,93,1760.0000,-0.000002,-0.008066,1,1
0.350,330.0,0.150,96,2093.0045,0.000093,-0.005637,1,1
0.350,330.0,0.500,21,27.5000,-0.000314,0.744238,1,1
0.350,330.0,0.500,33,55.0000,-0.000342,0.743686,1,1
0.350,330.0,0.500,40,82.4069,-0.000346,0.741207,1,1
0.350,330.0,0.500,45,110.0000,-0.001785,0.734096,1,1
0.350,330.0,0.500,52,164.8138,-0.011693,0.687370,1,1
0.350,330.0,0.500,57,220.0000,-0.040366,0.549227,1,1
0.350,330.0,0.500,64,329.6276,0.063499,0.001684,1,1
0.350,330.0,0.500,69,440.0000,0.011381,-0.243092,1,1
0.350,330.0,0.500,76,659.2551,0.011420,-0.172046,1,1
0.350,330.0,0.500,81,880.0000,0.003008,-0.102223,1,1
0.350,330.0,0.500,88,1318.5102,0.000530,-0.046310,1,1
0.350,330.0,0.500,93,1760.0000,0.000144,-0.026006,1,1
0.350,330.0,0.500,96,2093.0045,0.000162,-0.018360,1,1
0.350,330.0,1.000,21,27.5000,-0.000391,1.457901,1,1
0.350,330.0,1.000,33,55.0000,-0.001376,1.370068,1,1
0.350,330.0,1.000,40,82.4069,-0.004499,1.236768,1,1
0.350,330.0,1.000,45,110.0000,-0.011180,1.071908,1,1
0.350,330.0,1.000,52,164.8138,-0.026611,0.715936,1,1
0.350,330.0,1.000,57,220.0000,-0.029831,0.396589,1,1
0.350,330.0,1.000,64,329.6276,0.002969,0.000842,1,1
0.350,330.0,1.000,69,440.0000,0.077190,-0.150176,1,1
0.350,330.0,1.000,76,659.2551,-0.027329,-0.178830,1,1
0.350,330.0,1.000,81,880.0000,-0.011462,-0.138270,1,1
0.350,330.0,1.000,88,1318.5102,0.005071,-0.077282,1,1
0.350,330.0,1.000,93,1760.0000,0.001545,-0.046940,1,1
0.350,330.0,1.000,96,2093.0045,0.000942,-0.034149,1,1
0.350,330.0,4.000,21,27.5000,-0.007581,4.133613,1,0
0.350,330.0,4.000,33,55.0000,-0.017132,2.126637,1,0
0.350,330.0,4.000,40,82.4069,-0.014710,1.146923,1,0
0.350,330.0,4.000,45,110.0000,-0.010600,0.670240,1,0
0.350,330.0,4.000,52,164.8138,-0.005166,0.270586,1,0
0.350,330.0,4.000,57,220.0000,-0.002707,0.115130,1,0
0.350,330.0,4.000,64,329.6276,-0.001429,0.000211,1,0
0.350,330.0,4.000,69,440.0000,-0.003605,-0.040527,1,0
0.350,330.0,4.000,76,659.2551,0.154270,-0.067453,1,0
0.350,330.0,4.000,81,880.0000,-3.015445,-0.074014,1,0
0.350,330.0,4.000,88,1318.5102,-2.175204,-0.071700,1,0
0.350,330.0,4.000,93,1760.0000,-3.885272,-0.063656,1,0
0.350,330.0,4.000,96,2093.0045,-3.886199,-0.056907,1,0
0.350,660.0,0.050,21,27.5000,-0.000308,0.037257,1,0
0.350,660.0,0.050,33,55.0000,-0.000255,0.037450,1,0
0.350,660.0,0.050,40,82.4069,0.000156,0.037776,1,0
0.350,660.0,0.050,45,110.0000,0.000005,0.038244,1,0
0.350,660.0,0.050,52,164.8138,-0.000035,0.039637,1,0
0.350,660.0,0.050,57,220.0000,-0.000003,0.041780,1,0
0.350,660.0,0.050,64,329.6276,-0.000006,0.049326,1,0
0.350,660.0,0.050,69,440.0000,-0.000059,0.065978,1,0
0.350,660.0,0.050,76,659.2551,-8.086898,0.008426,1,0
0.350,660.0,0.050,81,880.0000,0.000301,-0.046399,1,0
0.350,660.0,0.050,88,1318.5102,0.000034,-0.012344,1,0
0.350,660.0,0.050,93,1760.0000,-0.000002,-0.006043,1,0
0.350,660.0,0.050,96,2093.0045,0.000092,-0.004071,1,0
0.350,660.0,0.150,21,27.5000,-0.000308,0.111756,1,0
0.350,660.0,0.150,33,55.0000,-0.000254,0.112288,1,0
0.350,660.0,0.150,40,82.4069,0.000156,0.113181,1,0
0.350,660.0,0.150,45,110.0000,0.000004,0.114463,1,0
0.350,660.0,0.150,52,164.8138,-0.000040,0.118241,1,0
0.350,660.0,0.150,57,220.0000,-0.000024,0.123950,1,0
0.350,660.0,0.150,64,329.6276,-0.000253,0.142947,1,0
0.350,660.0,0.150,69,440.0000,-0.003239,0.177784,1,0
0.350,660.0,0.150,76,659.2551,6.775738,0.002810,1,0
0.350,660.0,0.150,81,880.0000,0.013971,-0.113400,1,0
0.350,660.0,0.150,88,1318.5102,0.000287,-0.035770,1,0
0.350,660.0,0.150,93,1760.0000,0.000038,-0.017860,1,0
0.350,660.0,0.150,96,2093.0045,0.000107,-0.012097,1,0
0.350,660.0,0.500,21,27.5000,-0.000309,0.371931,1,0
0.350,660.0,0.500,33,55.0000,-0.000259,0.371915,1,0
0.350,660.0,0.500,40,82.4069,0.000128,0.371843,1,0
0.350,660.0,0.500,45,110.0000,-0.000085,0.371644,1,0
0.350,660.0,0.500,52,164.8138,-0.000531,0.370415,1,0
0.350,660.0,0.500,57,220.0000,-0.001792,0.366878,1,0
0.350,660.0,0.500,64,329.6276,-0.011659,0.343593,1,0
0.350,660.0,0.500,69,440.0000,-0.040804,0.274653,1,0
0.350,660.0,0.500,76,659.2551,-1.521071,0.000843,1,0
0.350,660.0,0.500,81,880.0000,78.777340,-0.121638,1,0
0.350,660.0,0.500,88,1318.5102,0.082101,-0.085932,1,0
0.350,660.0,0.500,93,1760.0000,0.002500,-0.050955,1,0
0.350,660.0,0.500,96,2093.0045,0.001175,-0.036375,1,0
0.350,660.0,1.000,21,27.5000,-0.000314,0.740005,1,0
0.350,660.0,1.000,33,55.0000,-0.000332,0.728567,1,0
0.350,660.0,1.000,40,82.4069,-0.000227,0.710010,1,0
0.350,660.0,1.000,45,110.0000,-0.001117,0.684727,1,0
0.350,660.0,1.000,52,164.8138,-0.004641,0.618181,1,0
0.350,660.0,1.000,57,220.0000,-0.011170,0.535861,1,0
0.350,660.0,1.000,64,329.6276,-0.027079,0.358037,1,0
0.350,660.0,1.000,69,440.0000,-0.031896,0.198406,1,0
0.350,660.0,1.000,76,659.2551,-0.439845,0.000422,1,0
0.350,660.0,1.000,81,880.0000,-2.038032,-0.075185,1,0
0.350,660.0,1.000,88,1318.5102,-5.969693,-0.089484,1,0
0.350,660.0,1.000,93,1760.0000,-4.730079,-0.069092,1,0
0.350,660.0,1.000,96,2093.0045,-5.378812,-0.054993,1,0
0.350,660.0,4.000,21,27.5000,-0.001291,2.682006,1,0
0.350,660.0,4.000,33,55.0000,-0.007501,2.066370,1,0
0.350,660.0,4.000,40,82.4069,-0.014039,1.490441,1,0
0.350,660.0,4.000,45,110.0000,-0.016903,1.063503,1,0
0.350,660.0,4.000,52,164.8138,-0.014846,0.573677,1,0
0.350,660.0,4.000,57,220.0000,-0.010314,0.335285,1,0
0.350,660.0,4.000,64,329.6276,-0.007000,0.135380,1,0
0.350,660.0,4.000,69,440.0000,0.056315,0.057610,1,0
0.350,660.0,4.000,76,659.2551,0.358118,0.000105,1,0
0.350,660.0,4.000,81,880.0000,-0.956970,-0.020295,1,0
0.350,660.0,4.000,88,1318.5102,-6.863287,-0.033813,1,0
0.350,660.0,4.000,93,1760.0000,-1.515461,-0.037149,1,0
0.350,660.0,4.000,96,2093.0045,-1.854884,-0.037407,1,0
0.350,2000.0,0.050,21,27.5000,-0.000308,0.012202,1,0
0.350,2000.0,0.050,33,55.0000,-0.000255,0.012209,1,0
0.350,2000.0,0.050,40,82.4069,0.000156,0.012220,1,0
0.350,2000.0,0.050,45,110.0000,0.000005,0.012236,1,0
0.350,2000.0,0.050,52,164.8138,-0.000035,0.012282,1,0
0.350,2000.0,0.050,57,220.0000,-0.000003,0.012346,1,0
0.350,2000.0,0.050,64,329.6276,-0.000003,0.012534,1,0
0.350,2000.0,0.050,69,440.0000,-0.000003,0.012809,1,0
0.350,2000.0,0.050,76,659.2551,0.000055,0.013658,1,0
0.350,2000.0,0.050,81,880.0000,-0.000004,0.015065,1,0
0.350,2000.0,0.050,88,1318.5102,-0.000023,0.021231,1,0
0.350,2000.0,0.050,93,1760.0000,-0.014827,0.046836,1,0
0.350,2000.0,0.050,96,2093.0045,-2.742686,-0.058498,1,0
0.350,2000.0,0.150,21,27.5000,-0.000308,0.036605,1,0
0.350,2000.0,0.150,33,55.0000,-0.000255,0.036624,1,0
0.350,2000.0,0.150,40,82.4069,0.000156,0.036655,1,0
0.350,2000.0,0.150,45,110.0000,0.000005,0.036699,1,0
0.350,2000.0,0.150,52,164.8138,-0.000035,0.036825,1,0
0.350,2000.0,0.150,57,220.0000,-0.000003,0.037003,1,0
0.350,2000.0,0.150,64,329.6276,-0.000003,0.037518,1,0
0.350,2000.0,0.150,69,440.0000,-0.000005,0.038266,1,0
0.350,2000.0,0.150,76,659.2551,0.000035,0.040538,1,0
0.350,2000.0,0.150,81,880.0000,-0.000109,0.044162,1,0
0.350,2000.0,0.150,88,1318.5102,-0.002816,0.057627,1,0
0.350,2000.0,0.150,93,1760.0000,0.263139,0.069065,1,0
0.350,2000.0,0.150,96,2093.0045,-2.151555,-0.032979,1,0
0.350,2000.0,0.500,21,27.5000,-0.000308,0.121996,1,0
0.350,2000.0,0.500,33,55.0000,-0.000255,0.121996,1,0
0.350,2000.0,0.500,40,82.4069,0.000156,0.121997,1,0
0.350,2000.0,0.500,45,110.0000,0.000004,0.121997,1,0
0.350,2000.0,0.500,52,164.8138,-0.000040,0.121996,1,0
0.350,2000.0,0.500,57,220.0000,-0.000019,0.121988,1,0
0.350,2000.0,0.500,64,329.6276,-0.000085,0.121928,1,0
0.350,2000.0,0.500,69,440.0000,-0.000285,0.121743,1,0
0.350,2000.0,0.500,76,659.2551,-0.001636,0.120529,1,0
0.350,2000.0,0.500,81,880.0000,-0.006284,0.116856,1,0
0.350,2000.0,0.500,88,1318.5102,4.022989,0.092208,1,0
0.350,2000.0,0.500,93,1760.0000,3.301292,0.033940,1,0
0.350,2000.0,0.500,96,2093.0045,-0.352456,-0.010738,1,0
0.350,2000.0,1.000,21,27.5000,-0.000308,0.243855,1,0
0.350,2000.0,1.000,33,55.0000,-0.000255,0.243447,1,0
0.350,2000.0,1.000,40,82.4069,0.000151,0.242771,1,0
0.350,2000.0,1.000,45,110.0000,-0.000010,0.241822,1,0
0.350,2000.0,1.000,52,164.8138,-0.000109,0.239152,1,0
0.350,2000.0,1.000,57,220.0000,-0.000233,0.235442,1,0
0.350,2000.0,1.000,64,329.6276,-0.001045,0.225254,1,0
0.350,2000.0,1.000,69,440.0000,-0.002972,0.211697,1,0
0.350,2000.0,1.000,76,659.2551,-0.010527,0.177753,1,0
0.350,2000.0,1.000,81,880.0000,-0.102689,0.139149,1,0
0.350,2000.0,1.000,88,1318.5102,2.656489,0.067950,1,0
0.350,2000.0,1.000,93,1760.0000,1.330770,0.017813,1,0
0.350,2000.0,1.000,96,2093.0045,-8.892038,-0.005403,1,0
0.350,2000.0,4.000,21,27.5000,-0.000323,0.964628,1,0
0.350,2000.0,4.000,33,55.0000,-0.000466,0.932122,1,0
0.350,2000.0,4.000,40,82.4069,-0.000767,0.882676,1,0
0.350,2000.0,4.000,45,110.0000,-0.002353,0.821130,1,0
0.350,2000.0,4.000,52,164.8138,-0.006980,0.684933,1,0
0.350,2000.0,4.000,57,220.0000,-0.011953,0.554161,1,0
0.350,2000.0,4.000,64,329.6276,-0.017304,0.356806,1,0
0.350,2000.0,4.000,69,440.0000,-0.017562,0.234530,1,0
0.350,2000.0,4.000,76,659.2551,-0.042773,0.113742,1,0
0.350,2000.0,4.000,81,880.0000,-0.175948,0.061224,1,0
0.350,2000.0,4.000,88,1318.5102,1.577433,0.019941,1,0
0.350,2000.0,4.000,93,1760.0000,0.142809,0.004524,1,0
0.350,2000.0,4.000,96,2093.0045,1.668931,-0.001354,1,0
0.600,20.0,0.050,21,27.5000,0.000204,-2.309147,1,0
0.600,20.0,0.050,33,55.0000,-0.000246,-0.320292,1,0
0.600,20.0,0.050,40,82.4069,0.000156,-0.131700,1,0
0.600,20.0,0.050,45,110.0000,0.000005,-0.071960,1,0
0.600,20.0,0.050,52,164.8138,-0.000035,-0.031464,1,0
0.600,20.0,0.050,57,220.0000,-0.000003,-0.017544,1,0
0.600,20.0,0.050,64,329.6276,-0.000002,-0.007779,1,0
0.600,20.0,0.050,69,440.0000,-0.000003,-0.004358,1,0
0.600,20.0,0.050,76,659.2551,0.000055,-0.001938,1,0
0.600,20.0,0.050,81,880.0000,-0.000002,-0.001087,1,0
0.600,20.0,0.050,88,1318.5102,0.000032,-0.000483,1,0
0.600,20.0,0.050,93,1760.0000,-0.000003,-0.000271,1,0
0.600,20.0,0.050,96,2093.0045,0.000092,-0.000191,1,0
0.600,20.0,0.150,21,27.5000,0.025366,-5.839775,1,0
0.600,20.0,0.150,33,55.0000,-0.000151,-0.947584,1,0
0.600,20.0,0.150,40,82.4069,0.000167,-0.393008,1,0
0.600,20.0,0.150,45,110.0000,0.000010,-0.215271,1,0
0.600,20.0,0.150,52,164.8138,-0.000034,-0.094277,1,0
0.600,20.0,0.150,57,220.0000,-0.000003,-0.052596,1,0
0.600,20.0,0.150,64,329.6276,-0.000002,-0.023329,1,0
0.600,20.0,0.150,69,440.0000,-0.000003,-0.013072,1,0
0.600,20.0,0.150,76,659.2551,0.000055,-0.005814,1,0
0.600,20.0,0.150,81,880.0000,-0.000003,-0.003260,1,0
0.600,20.0,0.150,88,1318.5102,0.000033,-0.001449,1,0
0.600,20.0,0.150,93,1760.0000,-0.000003,-0.000812,1,0
0.600,20.0,0.150,96,2093.0045,0.000091,-0.000573,1,0
0.600,20.0,0.500,21,27.5000,0.152443,-6.990139,1,0
0.600,20.0,0.500,33,55.0000,0.007483,-2.729237,1,0
0.600,20.0,0.500,40,82.4069,0.001439,-1.235675,1,0
0.600,20.0,0.500,45,110.0000,0.000383,-0.695267,1,0
0.600,20.0,0.500,52,164.8138,0.000038,-0.309982,1,0
0.600,20.0,0.500,57,220.0000,0.000020,-0.173992,1,0
0.600,20.0,0.500,64,329.6276,0.000002,-0.077501,1,0
0.600,20.0,0.500,69,440.0000,-0.000002,-0.043490,1,0
0.600,20.0,0.500,76,659.2551,0.000056,-0.019365,1,0
0.600,20.0,0.500,81,880.0000,-0.000002,-0.010862,1,0
0.600,20.0,0.500,88,1318.5102,0.000032,-0.004831,1,0
0.600,20.0,0.500,93,1760.0000,-0.000002,-0.002705,1,0
0.600,20.0,0.500,96,2093.0045,0.000091,-0.001908,1,0
0.600,20.0,1.000,21,27.5000,0.080826,-4.491911,1,0
0.600,20.0,1.000,33,55.0000,0.040715,-3.769751,1,0
0.600,20.0,1.000,40,82.4069,0.012364,-2.081892,1,0
0.600,20.0,1.000,45,110.0000,0.004472,-1.261307,1,0
0.600,20.0,1.000,52,164.8138,0.000969,-0.593361,1,0
0.600,20.0,1.000,57,220.0000,0.000325,-0.339496,1,0
0.600,20.0,1.000,64,329.6276,0.000066,-0.153303,1,0
0.600,20.0,1.000,69,440.0000,0.000019,-0.086444,1,0
0.600,20.0,1.000,76,659.2551,0.000060,-0.038623,1,0
0.600,20.0,1.000,81,880.0000,-0.000002,-0.021690,1,0
0.600,20.0,1.000,88,1318.5102,0.000032,-0.009654,1,0
0.600,20.0,1.000,93,1760.0000,-0.000002,-0.005407,1,0
0.600,20.0,1.000,96,2093.0045,0.000092,-0.003816,1,0
0.600,20.0,4.000,21,27.5000,0.006315,-1.232900,1,0
0.600,20.0,4.000,33,55.0000,0.025464,-2.098921,1,0
0.600,20.0,4.000,40,82.4069,0.047604,-2.006866,1,0
0.600,20.0,4.000,45,110.0000,0.041429,-1.765681,1,0
0.600,20.0,4.000,52,164.8138,0.037368,-1.277617,1,0
0.600,20.0,4.000,57,220.0000,0.025728,-0.912857,1,0
0.600,20.0,4.000,64,329.6276,0.009399,-0.502962,1,0
0.600,20.0,4.000,69,440.0000,0.003797,-0.307794,1,0
0.600,20.0,4.000,76,659.2551,0.000953,-0.146431,1,0
0.600,20.0,4.000,81,880.0000,0.000309,-0.084161,1,0
0.600,20.0,4.000,88,1318.5102,0.000096,-0.038095,1,0
0.600,20.0,4.000,93,1760.0000,0.000018,-0.021465,1,0
0.600,20.0,4.000,96,2093.0045,0.000102,-0.015181,1,0
0.600,110.0,0.050,21,27.5000,-0.000307,0.408064,1,0
0.600,110.0,0.050,33,55.0000,-0.000259,0.508181,1,0
0.600,110.0,0.050,40,82.4069,-0.000717,0.847785,1,0
0.600,110.0,0.050,45,110.0000,1.081824,-0.000000,1,0
0.600,110.0,0.050,52,164.8138,0.000132,-0.303109,1,0
0.600,110.0,0.050,57,220.0000,0.000008,-0.127036,1,0
0.600,110.0,0.050,64,329.6276,-0.000002,-0.047899,1,0
0.600,110.0,0.050,69,440.0000,-0.000002,-0.025496,1,0
0.600,110.0,0.050,76,659.2551,0.000056,-0.010952,1,0
0.600,110.0,0.050,81,880.0000,-0.000002,-0.006068,1,0
0.600,110.0,0.050,88,1318.5102,0.000032,-0.002675,1,0
0.600,110.0,0.050,93,1760.0000,-0.000002,-0.001493,1,0
0.600,110.0,0.050,96,2093.0045,0.000092,-0.001052,1,0
0.600,110.0,0.150,21,27.5000,-0.000322,1.217269,1,0
0.600,110.0,0.150,33,55.0000,-0.000994,1.472412,1,0
0.600,110.0,0.150,40,82.4069,-0.037993,2.073498,1,0
0.600,110.0,0.150,45,110.0000,0.581776,-0.000000,1,0
0.600,110.0,0.150,52,164.8138,0.009482,-0.816107,1,0
0.600,110.0,0.150,57,220.0000,0.000741,-0.368077,1,0
0.600,110.0,0.150,64,329.6276,0.000059,-0.142098,1,0
0.600,110.0,0.150,69,440.0000,0.000012,-0.076055,1,0
0.600,110.0,0.150,76,659.2551,0.000058,-0.032780,1,0
0.600,110.0,0.150,81,880.0000,-0.000002,-0.018180,1,0
0.600,110.0,0.150,88,1318.5102,0.000033,-0.008021,1,0
0.600,110.0,0.150,93,1760.0000,-0.000002,-0.004479,1,0
0.600,110.0,0.150,96,2093.0045,0.000092,-0.003157,1,0
0.600,110.0,0.500,21,27.5000,-0.001788,3.812387,1,0
0.600,110.0,0.500,33,55.0000,-0.034848,3.533948,1,0
0.600,110.0,0.500,40,82.4069,-0.166003,2.229590,1,0
0.600,110.0,0.500,45,110.0000,0.121781,-0.000000,1,0
0.600,110.0,0.500,52,164.8138,0.102486,-1.256280,1,0
0.600,110.0,0.500,57,220.0000,0.034222,-0.883461,1,0
0.600,110.0,0.500,64,329.6276,0.005264,-0.420399,1,0
0.600,110.0,0.500,69,440.0000,0.001459,-0.238207,1,0
0.600,110.0,0.500,76,659.2551,0.000312,-0.106423,1,0
0.600,110.0,0.500,81,880.0000,0.000077,-0.059727,1,0
0.600,110.0,0.500,88,1318.5102,0.000047,-0.026567,1,0
0.600,110.0,0.500,93,1760.0000,0.000002,-0.014876,1,0
0.600,110.0,0.500,96,2093.0045,0.000094,-0.010496,1,0
0.600,110.0,1.000,21,27.5000,-0.014028,6.358463,1,0
0.600,110.0,1.000,33,55.0000,-0.079200,3.676391,1,0
0.600,110.0,1.000,40,82.4069,-0.077115,1.379376,1,0
0.600,110.0,1.000,45,110.0000,0.022391,-0.000000,1,0
0.600,110.0,1.000,52,164.8138,0.154784,-0.905877,1,0
0.600,110.0,1.000,57,220.0000,0.107420,-0.919118,1,0
0.600,110.0,1.000,64,329.6276,0.031555,-0.613472,1,0
0.600,110.0,1.000,69,440.0000,0.013626,-0.397332,1,0
0.600,110.0,1.000,76,659.2551,0.003314,-0.196040,1,0
0.600,110.0,1.000,81,880.0000,0.001100,-0.114037,1,0
0.600,110.0,1.000,88,1318.5102,0.000262,-0.052046,1,0
0.600,110.0,1.000,93,1760.0000,0.000072,-0.029410,1,0
0.600,110.0,1.000,96,2093.0045,0.000129,-0.020822,1,0
0.600,110.0,4.000,21,27.5000,-0.043821,5.888513,1,0
0.600,110.0,4.000,33,55.0000,-0.017919,1.388077,1,0
0.600,110.0,4.000,40,82.4069,-0.001950,0.372477,1,0
0.600,110.0,4.000,45,110.0000,0.009159,-0.000000,1,0
0.600,110.0,4.000,52,164.8138,0.024503,-0.262796,1,0
0.600,110.0,4.000,57,220.0000,0.007481,-0.347044,1,0
0.600,110.0,4.000,64,329.6276,-0.111025,-0.383171,1,0
0.600,110.0,4.000,69,440.0000,0.052364,-0.368109,1,0
0.600,110.0,4.000,76,659.2551,4.310248,-0.304154,1,0
0.600,110.0,4.000,81,880.0000,0.058234,-0.239288,1,0
0.600,110.0,4.000,88,1318.5102,-0.489089,-0.147706,1,0
0.600,110.0,4.000,93,1760.0000,0.003844,-0.095630,1,0
0.600,110.0,4.000,96,2093.0045,-0.286529,-0.071650,1,0
0.600,180.0,0.050,21,27.5000,-0.000310,0.239477,1,0
0.600,180.0,0.050,33,55.0000,-0.000251,0.257742,1,0
0.600,180.0,0.050,40,82.4069,0.000149,0.294988,1,0
0.600,180.0,0.050,45,110.0000,-0.000056,0.369863,1,0
0.600,180.0,0.050,52,164.8138,-0.153683,1.095802,1,0
0.600,180.0,0.050,57,220.0000,0.004876,-0.446359,1,0
0.600,180.0,0.050,64,329.6276,0.000019,-0.098786,1,0
0.600,180.0,0.050,69,440.0000,0.000000,-0.046893,1,0
0.600,180.0,0.050,76,659.2551,0.000056,-0.018815,1,0
0.600,180.0,0.050,81,880.0000,-0.000002,-0.010197,1,0
0.600,180.0,0.050,88,1318.5102,0.000032,-0.004429,1,0
0.600,180.0,0.050,93,1760.0000,-0.000002,-0.002460,1,0
0.600,180.0,0.050,96,2093.0045,0.000091,-0.001730,1,0
0.600,180.0,0.150,21,27.5000,-0.000310,0.717028,1,0
0.600,180.0,0.150,33,55.0000,-0.000287,0.766270,1,0
0.600,180.0,0.150,40,82.4069,-0.000250,0.861906,1,0
0.600,180.0,0.150,45,110.0000,-0.003941,1.031798,1,0
0.600,180.0,0.150,52,164.8138,-0.416294,1.117312,1,0
0.600,180.0,0.150,57,220.0000,0.126991,-0.916196,1,0
0.600,180.0,0.150,64,329.6276,0.001472,-0.282748,1,0
0.600,180.0,0.150,69,440.0000,0.000193,-0.138020,1,0
0.600,180.0,0.150,76,659.2551,0.000077,-0.056055,1,0
0.600,180.0,0.150,81,880.0000,0.000002,-0.030481,1,0
0.600,180.0,0.150,88,1318.5102,0.000033,-0.013266,1,0
0.600,180.0,0.150,93,1760.0000,-0.000002,-0.007373,1,0
0.600,180.0,0.150,96,2093.0045,0.000091,-0.005187,1,0
0.600,180.0,0.500,21,27.5000,-0.000498,2.338133,1,0
0.600,180.0,0.500,33,55.0000,-0.003805,2.317146,1,0
0.600,180.0,0.500,40,82.4069,-0.022790,2.216320,1,0
0.600,180.0,0.500,45,110.0000,-0.085723,1.913867,1,0
0.600,180.0,0.500,52,164.8138,-0.170421,0.437790,1,0
0.600,180.0,0.500,57,220.0000,0.205203,-0.665358,1,0
0.600,180.0,0.500,64,329.6276,0.047540,-0.619194,1,0
0.600,180.0,0.500,69,440.0000,0.013331,-0.378706,1,0
0.600,180.0,0.500,76,659.2551,0.002167,-0.173253,1,0
0.600,180.0,0.500,81,880.0000,0.000615,-0.097584,1,0
0.600,180.0,0.500,88,1318.5102,0.000145,-0.043462,1,0
0.600,180.0,0.500,93,1760.0000,0.000033,-0.024342,1,0
0.600,180.0,0.500,96,2093.0045,0.000108,-0.017175,1,0
0.600,180.0,1.000,21,27.5000,-0.002714,4.363572,1,0
0.600,180.0,1.000,33,55.0000,-0.025910,3.548714,1,0
0.600,180.0,1.000,40,82.4069,-0.068848,2.528350,1,0
0.600,180.0,1.000,45,110.0000,-0.093691,1.555003,1,0
0.600,180.0,1.000,52,164.8138,-0.079329,0.223982,1,0
0.600,180.0,1.000,57,220.0000,0.025052,-0.371895,1,0
0.600,180.0,1.000,64,329.6276,0.317067,-0.581321,1,0
0.600,180.0,1.000,69,440.0000,0.076526,-0.478541,1,0
0.600,180.0,1.000,76,659.2551,0.012707,-0.279475,1,0
0.600,180.0,1.000,81,880.0000,0.006766,-0.172650,1,0
0.600,180.0,1.000,88,1318.5102,0.001616,-0.082265,1,0
0.600,180.0,1.000,93,1760.0000,0.000503,-0.047202,1,0
0.600,180.0,1.000,96,2093.0045,0.000352,-0.033610,1,0
0.600,180.0,4.000,21,27.5000,-0.048867,7.470230,1,0
0.600,180.0,4.000,33,55.0000,-0.036661,2.498228,1,0
0.600,180.0,4.000,40,82.4069,-0.017001,1.054685,1,0
0.600,180.0,4.000,45,110.0000,-0.004373,0.483160,1,0
0.600,180.0,4.000,52,164.8138,0.005047,0.056405,1,0
0.600,180.0,4.000,57,220.0000,0.002820,-0.096530,1,0
0.600,180.0,4.000,64,329.6276,-0.056340,-0.200293,1,0
0.600,180.0,4.000,69,440.0000,0.960413,-0.228956,1,0
0.600,180.0,4.000,76,659.2551,4.645304,-0.229722,1,0
0.600,180.0,4.000,81,880.0000,-6.744231,-0.208899,1,0
0.600,180.0,4.000,88,1318.5102,-8.978882,-0.158870,1,0
0.600,180.0,4.000,93,1760.0000,-7.339786,-0.117396,1,0
0.600,180.0,4.000,96,2093.0045,-7.452697,-0.093956,1,0
0.600,330.0,0.050,21,27.5000,-0.000308,0.128473,1,0
0.600,330.0,0.050,33,55.0000,-0.000253,0.131196,1,0
0.600,330.0,0.050,40,82.4069,0.000156,0.135977,1,0
0.600,330.0,0.050,45,110.0000,0.000004,0.143334,1,0
0.600,330.0,0.050,52,164.8138,-0.000046,0.169235,1,0
0.600,330.0,0.050,57,220.0000,-0.000167,0.226384,1,0
0.600,330.0,0.050,64,329.6276,4.338461,0.028875,1,0
0.600,330.0,0.050,69,440.0000,0.000880,-0.159312,1,0
0.600,330.0,0.050,76,659.2551,0.000066,-0.042438,1,0
0.600,330.0,0.050,81,880.0000,-0.000000,-0.020811,1,0
0.600,330.0,0.050,88,1318.5102,0.000033,-0.008495,1,0
0.600,330.0,0.050,93,1760.0000,-0.000003,-0.004623,1,0
0.600,330.0,0.050,96,2093.0045,0.000091,-0.003228,1,0
0.600,330.0,0.150,21,27.5000,-0.000308,0.385202,1,0
0.600,330.0,0.150,33,55.0000,-0.000255,0.392665,1,0
0.600,330.0,0.150,40,82.4069,0.000141,0.405632,1,0
0.600,330.0,0.150,45,110.0000,-0.000056,0.425226,1,0
0.600,330.0,0.150,52,164.8138,-0.000775,0.490414,1,0
0.600,330.0,0.150,57,220.0000,-0.009503,0.609913,1,0
0.600,330.0,0.150,64,329.6276,11.426104,0.009630,1,0
0.600,330.0,0.150,69,440.0000,0.037879,-0.389146,1,0
0.600,330.0,0.150,76,659.2551,0.000790,-0.122952,1,0
0.600,330.0,0.150,81,880.0000,0.000115,-0.061502,1,0
0.600,330.0,0.150,88,1318.5102,0.000045,-0.025343,1,0
0.600,330.0,0.150,93,1760.0000,0.000002,-0.013827,1,0
0.600,330.0,0.150,96,2093.0045,0.000093,-0.009663,1,0
0.600,330.0,0.500,21,27.5000,-0.000325,1.275835,1,0
0.600,330.0,0.500,33,55.0000,-0.000516,1.274884,1,0
0.600,330.0,0.500,40,82.4069,-0.001315,1.270628,1,0
0.600,330.0,0.500,45,110.0000,-0.005253,1.258434,1,0
0.600,330.0,0.500,52,164.8138,-0.034379,1.178365,1,0
0.600,330.0,0.500,57,220.0000,-0.118487,0.941682,1,0
0.600,330.0,0.500,64,329.6276,-6.180700,0.002889,1,0
0.600,330.0,0.500,69,440.0000,1.734760,-0.416852,1,0
0.600,330.0,0.500,76,659.2551,0.020671,-0.294941,1,0
0.600,330.0,0.500,81,880.0000,0.007613,-0.175238,1,0
0.600,330.0,0.500,88,1318.5102,0.001522,-0.079388,1,0
0.600,330.0,0.500,93,1760.0000,0.000420,-0.044581,1,0
0.600,330.0,0.500,96,2093.0045,0.000298,-0.031474,1,0
0.600,330.0,1.000,21,27.5000,-0.000548,2.499247,1,0
0.600,330.0,1.000,33,55.0000,-0.003554,2.348661,1,0
0.600,330.0,1.000,40,82.4069,-0.013538,2.120163,1,0
0.600,330.0,1.000,45,110.0000,-0.033010,1.837614,1,0
0.600,330.0,1.000,52,164.8138,-0.078339,1.227561,1,0
0.600,330.0,1.000,57,220.0000,-0.090748,0.680144,1,0
0.600,330.0,1.000,64,329.6276,-0.858250,0.001445,1,0
0.600,330.0,1.000,69,440.0000,-0.494637,-0.257571,1,0
0.600,330.0,1.000,76,659.2551,-8.759062,-0.306627,1,0
0.600,330.0,1.000,81,880.0000,0.725907,-0.237049,1,0
0.600,330.0,1.000,88,1318.5102,0.051074,-0.132482,1,0
0.600,330.0,1.000,93,1760.0000,0.036093,-0.080467,1,0
0.600,330.0,1.000,96,2093.0045,-0.028713,-0.058540,1,0
0.600,330.0,4.000,21,27.5000,-0.021735,7.086299,1,0
0.600,330.0,4.000,33,55.0000,-0.050316,3.646423,1,0
0.600,330.0,4.000,40,82.4069,-0.043214,1.966881,1,0
0.600,330.0,4.000,45,110.0000,-0.029814,1.149515,1,0
0.600,330.0,4.000,52,164.8138,-0.019394,0.464116,1,0
0.600,330.0,4.000,57,220.0000,0.000229,0.197480,1,0
0.600,330.0,4.000,64,329.6276,-0.051942,0.000361,1,0
0.600,330.0,4.000,69,440.0000,-0.391870,-0.069516,1,0
0.600,330.0,4.000,76,659.2551,-0.744519,-0.115697,1,0
0.600,330.0,4.000,81,880.0000,-1.829479,-0.126944,1,0
0.600,330.0,4.000,88,1318.5102,-12.227898,-0.122960,1,0
0.600,330.0,4.000,93,1760.0000,-8.495836,-0.109153,1,0
0.600,330.0,4.000,96,2093.0045,-8.218523,-0.097573,1,0
0.600,660.0,0.050,21,27.5000,-0.000308,0.063869,1,0
0.600,660.0,0.050,33,55.0000,-0.000255,0.064201,1,0
0.600,660.0,0.050,40,82.4069,0.000156,0.064758,1,0
0.600,660.0,0.050,45,110.0000,0.000005,0.065561,1,0
0.600,660.0,0.050,52,164.8138,-0.000035,0.067949,1,0
0.600,660.0,0.050,57,220.0000,-0.000003,0.071623,1,0
0.600,660.0,0.050,64,329.6276,-0.000013,0.084560,1,0
0.600,660.0,0.050,69,440.0000,-0.000167,0.113104,1,0
0.600,660.0,0.050,76,659.2551,-11.335146,0.014454,1,0
0.600,660.0,0.050,81,880.0000,0.000881,-0.079541,1,0
0.600,660.0,0.050,88,1318.5102,0.000043,-0.021161,1,0
0.600,660.0,0.050,93,1760.0000,-0.000001,-0.010359,1,0
0.600,660.0,0.050,96,2093.0045,0.000092,-0.006979,1,0
0.600,660.0,0.150,21,27.5000,-0.000308,0.191581,1,0
0.600,660.0,0.150,33,55.0000,-0.000254,0.192494,1,0
0.600,660.0,0.150,40,82.4069,0.000155,0.194025,1,0
0.600,660.0,0.150,45,110.0000,0.000003,0.196222,1,0
0.600,660.0,0.150,52,164.8138,-0.000050,0.202699,1,0
0.600,660.0,0.150,57,220.0000,-0.000064,0.212486,1,0
0.600,660.0,0.150,64,329.6276,-0.000737,0.245050,1,0
0.600,660.0,0.150,69,440.0000,-0.009474,0.304769,1,0
0.600,660.0,0.150,76,659.2551,-1.001055,0.004820,1,0
0.600,660.0,0.150,81,880.0000,0.063753,-0.194399,1,0
0.600,660.0,0.150,88,1318.5102,0.000774,-0.061319,1,0
0.600,660.0,0.150,93,1760.0000,0.000114,-0.030617,1,0
0.600,660.0,0.150,96,2093.0045,0.000137,-0.020738,1,0
0.600,660.0,0.500,21,27.5000,-0.000310,0.637595,1,0
0.600,660.0,0.500,33,55.0000,-0.000268,0.637568,1,0
0.600,660.0,0.500,40,82.4069,0.000074,0.637444,1,0
0.600,660.0,0.500,45,110.0000,-0.000259,0.637100,1,0
0.600,660.0,0.500,52,164.8138,-0.001490,0.634990,1,0
0.600,660.0,0.500,57,220.0000,-0.005255,0.628926,1,0
0.600,660.0,0.500,64,329.6276,-0.034563,0.589025,1,0
0.600,660.0,0.500,69,440.0000,-0.131848,0.470908,1,0
0.600,660.0,0.500,76,659.2551,5.714661,0.001446,1,0
0.600,660.0,0.500,81,880.0000,-1.230554,-0.208583,1,0
0.600,660.0,0.500,88,1318.5102,-7.664464,-0.147313,1,0
0.600,660.0,0.500,93,1760.0000,0.106093,-0.087351,1,0
0.600,660.0,0.500,96,2093.0045,0.090983,-0.062356,1,0
0.600,660.0,1.000,21,27.5000,-0.000324,1.268579,1,0
0.600,660.0,1.000,33,55.0000,-0.000485,1.248966,1,0
0.600,660.0,1.000,40,82.4069,-0.000966,1.217149,1,0
0.600,660.0,1.000,45,110.0000,-0.003294,1.173803,1,0
0.600,660.0,1.000,52,164.8138,-0.013601,1.059734,1,0
0.600,660.0,1.000,57,220.0000,-0.032862,0.918648,1,0
0.600,660.0,1.000,64,329.6276,-0.082679,0.613898,1,0
0.600,660.0,1.000,69,440.0000,-0.597973,0.340263,1,0
0.600,660.0,1.000,76,659.2551,-0.312857,0.000723,1,0
0.600,660.0,1.000,81,880.0000,-3.490373,-0.128952,1,0
0.600,660.0,1.000,88,1318.5102,-9.102670,-0.153432,1,0
0.600,660.0,1.000,93,1760.0000,-7.512742,-0.118450,1,0
0.600,660.0,1.000,96,2093.0045,-7.937352,-0.094276,1,0
0.600,660.0,4.000,21,27.5000,-0.003182,4.597670,1,0
0.600,660.0,4.000,33,55.0000,-0.021615,3.542402,1,0
0.600,660.0,4.000,40,82.4069,-0.041710,2.555305,1,0
0.600,660.0,4.000,45,110.0000,-0.050085,1.823527,1,0
0.600,660.0,4.000,52,164.8138,-0.045852,0.983809,1,0
0.600,660.0,4.000,57,220.0000,-0.025192,0.575040,1,0
0.600,660.0,4.000,64,329.6276,0.037197,0.232208,1,0
0.600,660.0,4.000,69,440.0000,0.962487,0.098817,1,0
0.600,660.0,4.000,76,659.2551,-0.543023,0.000181,1,0
0.600,660.0,4.000,81,880.0000,-1.542444,-0.034811,1,0
0.600,660.0,4.000,88,1318.5102,-2.166378,-0.057998,1,0
0.600,660.0,4.000,93,1760.0000,-3.267795,-0.063715,1,0
0.600,660.0,4.000,96,2093.0045,-3.039278,-0.064156,1,0
0.600,2000.0,0.050,21,27.5000,-0.000308,0.020917,1,0
0.600,2000.0,0.050,33,55.0000,-0.000255,0.020929,1,0
0.600,2000.0,0.050,40,82.4069,0.000156,0.020949,1,0
0.600,2000.0,0.050,45,110.0000,0.000005,0.020976,1,0
0.600,2000.0,0.050,52,164.8138,-0.000035,0.021054,1,0
0.600,2000.0,0.050,57,220.0000,-0.000003,0.021165,1,0
0.600,2000.0,0.050,64,329.6276,-0.000003,0.021487,1,0
0.600,2000.0,0.050,69,440.0000,-0.000004,0.021958,1,0
0.600,2000.0,0.050,76,659.2551,0.000055,0.023414,1,0
0.600,2000.0,0.050,81,880.0000,-0.000008,0.025825,1,0
0.600,2000.0,0.050,88,1318.5102,-0.000116,0.036396,1,0
0.600,2000.0,0.050,93,1760.0000,0.213684,0.080290,1,0
0.600,2000.0,0.050,96,2093.0045,-7.977223,-0.100294,1,0
0.600,2000.0,0.150,21,27.5000,-0.000308,0.062751,1,0
0.600,2000.0,0.150,33,55.0000,-0.000255,0.062784,1,0
0.600,2000.0,0.150,40,82.4069,0.000156,0.062837,1,0
0.600,2000.0,0.150,45,110.0000,0.000005,0.062913,1,0
0.600,2000.0,0.150,52,164.8138,-0.000035,0.063128,1,0
0.600,2000.0,0.150,57,220.0000,-0.000003,0.063434,1,0
0.600,2000.0,0.150,64,329.6276,-0.000004,0.064317,1,0
0.600,2000.0,0.150,69,440.0000,-0.000011,0.065599,1,0
0.600,2000.0,0.150,76,659.2551,-0.000003,0.069494,1,0
0.600,2000.0,0.150,81,880.0000,-0.000308,0.075705,1,0
0.600,2000.0,0.150,88,1318.5102,-0.008329,0.098788,1,0
0.600,2000.0,0.150,93,1760.0000,8.414385,0.118414,1,0
0.600,2000.0,0.150,96,2093.0045,-2.839618,-0.056562,1,0
0.600,2000.0,0.500,21,27.5000,-0.000308,0.209136,1,0
0.600,2000.0,0.500,33,55.0000,-0.000255,0.209136,1,0
0.600,2000.0,0.500,40,82.4069,0.000155,0.209137,1,0
0.600,2000.0,0.500,45,110.0000,0.000003,0.209138,1,0
0.600,2000.0,0.500,52,164.8138,-0.000050,0.209135,1,0
0.600,2000.0,0.500,57,220.0000,-0.000050,0.209122,1,0
0.600,2000.0,0.500,64,329.6276,-0.000246,0.209018,1,0
0.600,2000.0,0.500,69,440.0000,-0.000833,0.208701,1,0
0.600,2000.0,0.500,76,659.2551,-0.004857,0.206618,1,0
0.600,2000.0,0.500,81,880.0000,-0.017575,0.200323,1,0
0.600,2000.0,0.500,88,1318.5102,3.630855,0.158093,1,0
0.600,2000.0,0.500,93,1760.0000,3.817390,0.058213,1,0
0.600,2000.0,0.500,96,2093.0045,-2.212862,-0.018419,1,0
0.600,2000.0,1.000,21,27.5000,-0.000309,0.418037,1,0
0.600,2000.0,1.000,33,55.0000,-0.000257,0.417337,1,0
0.600,2000.0,1.000,40,82.4069,0.000142,0.416179,1,0
0.600,2000.0,1.000,45,110.0000,-0.000039,0.414552,1,0
0.600,2000.0,1.000,52,164.8138,-0.000253,0.409973,1,0
0.600,2000.0,1.000,57,220.0000,-0.000676,0.403612,1,0
0.600,2000.0,1.000,64,329.6276,-0.003074,0.386146,1,0
0.600,2000.0,1.000,69,440.0000,-0.008750,0.362905,1,0
0.600,2000.0,1.000,76,659.2551,-0.029760,0.304729,1,0
0.600,2000.0,1.000,81,880.0000,6.272848,0.238571,1,0
0.600,2000.0,1.000,88,1318.5102,6.784113,0.116532,1,0
0.600,2000.0,1.000,93,1760.0000,-2.474982,0.030555,1,0
0.600,2000.0,1.000,96,2093.0045,-10.240424,-0.009268,1,0
0.600,2000.0,4.000,21,27.5000,-0.000353,1.653645,1,0
0.600,2000.0,4.000,33,55.0000,-0.000880,1.597912,1,0
0.600,2000.0,4.000,40,82.4069,-0.002555,1.513141,1,0
0.600,2000.0,4.000,45,110.0000,-0.006933,1.407635,1,0
0.600,2000.0,4.000,52,164.8138,-0.020549,1.174186,1,0
0.600,2000.0,4.000,57,220.0000,-0.035148,0.950053,1,0
0.600,2000.0,4.000,64,329.6276,-0.053921,0.611790,1,0
0.600,2000.0,4.000,69,440.0000,0.145312,0.402179,1,0
0.600,2000.0,4.000,76,659.2551,-5.205147,0.195076,1,0
0.600,2000.0,4.000,81,880.0000,2.093901,0.105010,1,0
0.600,2000.0,4.000,88,1318.5102,2.156861,0.034204,1,0
0.600,2000.0,4.000,93,1760.0000,-4.121854,0.007759,1,0
0.600,2000.0,4.000,96,2093.0045,2.774994,-0.002322,1,0
1.000,20.0,0.050,21,27.5000,0.001103,-3.848535,1,0
1.000,20.0,0.050,33,55.0000,-0.000244,-0.533819,1,0
1.000,20.0,0.050,40,82.4069,0.000155,-0.219499,1,0
1.000,20.0,0.050,45,110.0000,0.000006,-0.119933,1,0
1.000,20.0,0.050,52,164.8138,-0.000035,-0.052439,1,0
1.000,20.0,0.050,57,220.0000,-0.000003,-0.029240,1,0
1.000,20.0,0.050,64,329.6276,-0.000002,-0.012964,1,0
1.000,20.0,0.050,69,440.0000,-0.000003,-0.007263,1,0
1.000,20.0,0.050,76,659.2551,0.000056,-0.003230,1,0
1.000,20.0,0.050,81,880.0000,-0.000003,-0.001811,1,0
1.000,20.0,0.050,88,1318.5102,0.000032,-0.000805,1,0
1.000,20.0,0.050,93,1760.0000,-0.000002,-0.000451,1,0
1.000,20.0,0.050,96,2093.0045,0.000092,-0.000318,1,0
1.000,20.0,0.150,21,27.5000,0.069695,-9.732689,1,0
1.000,20.0,0.150,33,55.0000,0.000021,-1.579294,1,0
1.000,20.0,0.150,40,82.4069,0.000191,-0.655012,1,0
1.000,20.0,0.150,45,110.0000,0.000015,-0.358785,1,0
1.000,20.0,0.150,52,164.8138,-0.000033,-0.157128,1,0
1.000,20.0,0.150,57,220.0000,-0.000002,-0.087661,1,0
1.000,20.0,0.150,64,329.6276,-0.000002,-0.038881,1,0
1.000,20.0,0.150,69,440.0000,-0.000003,-0.021786,1,0
1.000,20.0,0.150,76,659.2551,0.000055,-0.009691,1,0
1.000,20.0,0.150,81,880.0000,-0.000003,-0.005433,1,0
1.000,20.0,0.150,88,1318.5102,0.000033,-0.002416,1,0
1.000,20.0,0.150,93,1760.0000,-0.000003,-0.001353,1,0
1.000,20.0,0.150,96,2093.0045,0.000091,-0.000954,1,0
1.000,20.0,0.500,21,27.5000,0.422015,-11.658187,1,0
1.000,20.0,0.500,33,55.0000,0.021051,-4.548582,1,0
1.000,20.0,0.500,40,82.4069,0.003690,-2.059406,1,0
1.000,20.0,0.500,45,110.0000,0.001043,-1.158760,1,0
1.000,20.0,0.500,52,164.8138,0.000165,-0.516632,1,0
1.000,20.0,0.500,57,220.0000,0.000059,-0.289985,1,0
1.000,20.0,0.500,64,329.6276,0.000011,-0.129168,1,0
1.000,20.0,0.500,69,440.0000,0.000001,-0.072483,1,0
1.000,20.0,0.500,76,659.2551,0.000056,-0.032275,1,0
1.000,20.0,0.500,81,880.0000,-0.000002,-0.018103,1,0
1.000,20.0,0.500,88,1318.5102,0.000031,-0.008051,1,0
1.000,20.0,0.500,93,1760.0000,-0.000003,-0.004508,1,0
1.000,20.0,0.500,96,2093.0045,0.000091,-0.003181,1,0
1.000,20.0,1.000,21,27.5000,0.224887,-7.496002,1,0
1.000,20.0,1.000,33,55.0000,0.112556,-6.283815,1,0
1.000,20.0,1.000,40,82.4069,0.033632,-3.469759,1,0
1.000,20.0,1.000,45,110.0000,0.012303,-2.102108,1,0
1.000,20.0,1.000,52,164.8138,0.002732,-0.988912,1,0
1.000,20.0,1.000,57,220.0000,0.000902,-0.565818,1,0
1.000,20.0,1.000,64,329.6276,0.000186,-0.255503,1,0
1.000,20.0,1.000,69,440.0000,0.000056,-0.144072,1,0
1.000,20.0,1.000,76,659.2551,0.000067,-0.064372,1,0
1.000,20.0,1.000,81,880.0000,0.000002,-0.036150,1,0
1.000,20.0,1.000,88,1318.5102,0.000032,-0.016091,1,0
1.000,20.0,1.000,93,1760.0000,-0.000002,-0.009012,1,0
1.000,20.0,1.000,96,2093.0045,0.000091,-0.006360,1,0
1.000,20.0,4.000,21,27.5000,0.016938,-2.058079,1,0
1.000,20.0,4.000,33,55.0000,0.048214,-3.502788,1,0
1.000,20.0,4.000,40,82.4069,0.190813,-3.348014,1,0
1.000,20.0,4.000,45,110.0000,-0.023981,-2.944733,1,0
1.000,20.0,4.000,52,164.8138,0.112550,-2.129904,1,0
1.000,20.0,4.000,57,220.0000,0.058015,-1.521540,1,0
1.000,20.0,4.000,64,329.6276,0.025659,-0.838251,1,0
1.000,20.0,4.000,69,440.0000,0.010313,-0.512973,1,0
1.000,20.0,4.000,76,659.2551,0.002554,-0.244046,1,0
1.000,20.0,4.000,81,880.0000,0.000861,-0.140267,1,0
1.000,20.0,4.000,88,1318.5102,0.000210,-0.063491,1,0
1.000,20.0,4.000,93,1760.0000,0.000056,-0.035775,1,0
1.000,20.0,4.000,96,2093.0045,0.000120,-0.025302,1,0
1.000,110.0,0.050,21,27.5000,-0.000305,0.680106,1,0
1.000,110.0,0.050,33,55.0000,-0.000276,0.846967,1,0
1.000,110.0,0.050,40,82.4069,-0.002248,1.412955,1,0
1.000,110.0,0.050,45,110.0000,77.742803,-0.000000,1,0
1.000,110.0,0.050,52,164.8138,0.000421,-0.505178,1,0
1.000,110.0,0.050,57,220.0000,0.000026,-0.211726,1,0
1.000,110.0,0.050,64,329.6276,0.000000,-0.079832,1,0
1.000,110.0,0.050,69,440.0000,-0.000002,-0.042493,1,0
1.000,110.0,0.050,76,659.2551,0.000056,-0.018254,1,0
1.000,110.0,0.050,81,880.0000,-0.000002,-0.010113,1,0
1.000,110.0,0.050,88,1318.5102,0.000033,-0.004459,1,0
1.000,110.0,0.050,93,1760.0000,-0.000003,-0.002489,1,0
1.000,110.0,0.050,96,2093.0045,0.000092,-0.001754,1,0
1.000,110.0,0.150,21,27.5000,-0.000346,2.028775,1,0
1.000,110.0,0.150,33,55.0000,-0.002317,2.453978,1,0
1.000,110.0,0.150,40,82.4069,-0.105018,3.455766,1,0
1.000,110.0,0.150,45,110.0000,11.983956,-0.000000,1,0
1.000,110.0,0.150,52,164.8138,0.026011,-1.360133,1,0
1.000,110.0,0.150,57,220.0000,0.002046,-0.613451,1,0
1.000,110.0,0.150,64,329.6276,0.000170,-0.236828,1,0
1.000,110.0,0.150,69,440.0000,0.000038,-0.126758,1,0
1.000,110.0,0.150,76,659.2551,0.000062,-0.054632,1,0
1.000,110.0,0.150,81,880.0000,0.000000,-0.030300,1,0
1.000,110.0,0.150,88,1318.5102,0.000031,-0.013368,1,0
1.000,110.0,0.150,93,1760.0000,-0.000002,-0.007465,1,0
1.000,110.0,0.150,96,2093.0045,0.000092,-0.005261,1,0
1.000,110.0,0.500,21,27.5000,-0.004416,6.353813,1,0
1.000,110.0,0.500,33,55.0000,-0.096489,5.890136,1,0
1.000,110.0,0.500,40,82.4069,-0.455257,3.718903,1,0
1.000,110.0,0.500,45,110.0000,-0.979027,-0.000000,1,0
1.000,110.0,0.500,52,164.8138,0.543730,-2.094702,1,0
1.000,110.0,0.500,57,220.0000,0.088799,-1.472490,1,0
1.000,110.0,0.500,64,329.6276,0.014313,-0.700642,1,0
1.000,110.0,0.500,69,440.0000,0.004023,-0.397001,1,0
1.000,110.0,0.500,76,659.2551,0.000766,-0.177370,1,0
1.000,110.0,0.500,81,880.0000,0.000220,-0.099544,1,0
1.000,110.0,0.500,88,1318.5102,0.000074,-0.044278,1,0
1.000,110.0,0.500,93,1760.0000,0.000011,-0.024794,1,0
1.000,110.0,0.500,96,2093.0045,0.000098,-0.017494,1,0
1.000,110.0,1.000,21,27.5000,-0.038482,10.597295,1,0
1.000,110.0,1.000,33,55.0000,-0.219867,6.130579,1,0
1.000,110.0,1.000,40,82.4069,-0.274427,2.301996,1,0
1.000,110.0,1.000,45,110.0000,-0.826274,-0.000000,1,0
1.000,110.0,1.000,52,164.8138,0.109142,-1.511453,1,0
1.000,110.0,1.000,57,220.0000,-0.753612,-1.532678,1,0
1.000,110.0,1.000,64,329.6276,0.169469,-1.022541,1,0
1.000,110.0,1.000,69,440.0000,0.040808,-0.662210,1,0
1.000,110.0,1.000,76,659.2551,0.009402,-0.326723,1,0
1.000,110.0,1.000,81,880.0000,0.003012,-0.190057,1,0
1.000,110.0,1.000,88,1318.5102,0.000670,-0.086742,1,0
1.000,110.0,1.000,93,1760.0000,0.000203,-0.049017,1,0
1.000,110.0,1.000,96,2093.0045,0.000195,-0.034703,1,0
1.000,110.0,4.000,21,27.5000,-0.121963,9.823977,1,0
1.000,110.0,4.000,33,55.0000,-0.059048,2.316883,1,0
1.000,110.0,4.000,40,82.4069,0.015247,0.621779,1,0
1.000,110.0,4.000,45,110.0000,0.073674,-0.000000,1,0
1.000,110.0,4.000,52,164.8138,0.136699,-0.438678,1,0
1.000,110.0,4.000,57,220.0000,-0.027056,-0.579262,1,0
1.000,110.0,4.000,64,329.6276,2.302733,-0.639418,1,0
1.000,110.0,4.000,69,440.0000,-7.945635,-0.614127,1,0
1.000,110.0,4.000,76,659.2551,-5.594844,-0.507207,1,0
1.000,110.0,4.000,81,880.0000,-16.636630,-0.398923,1,0
1.000,110.0,4.000,88,1318.5102,4.253418,-0.246187,1,0
1.000,110.0,4.000,93,1760.0000,-8.426980,-0.159381,1,0
1.000,110.0,4.000,96,2093.0045,-24.030740,-0.119414,1,0
1.000,180.0,0.050,21,27.5000,-0.000309,0.399128,1,0
1.000,180.0,0.050,33,55.0000,-0.000249,0.429570,1,0
1.000,180.0,0.050,40,82.4069,0.000139,0.491646,1,0
1.000,180.0,0.050,45,110.0000,-0.000164,0.616436,1,0
1.000,180.0,0.050,52,164.8138,-0.410186,1.826330,1,0
1.000,180.0,0.050,57,220.0000,0.013269,-0.743913,1,0
1.000,180.0,0.050,64,329.6276,0.000057,-0.164642,1,0
1.000,180.0,0.050,69,440.0000,0.000005,-0.078154,1,0
1.000,180.0,0.050,76,659.2551,0.000056,-0.031358,1,0
1.000,180.0,0.050,81,880.0000,-0.000002,-0.016996,1,0
1.000,180.0,0.050,88,1318.5102,0.000033,-0.007382,1,0
1.000,180.0,0.050,93,1760.0000,-0.000002,-0.004099,1,0
1.000,180.0,0.050,96,2093.0045,0.000092,-0.002884,1,0
1.000,180.0,0.150,21,27.5000,-0.000314,1.195045,1,0
1.000,180.0,0.150,33,55.0000,-0.000356,1.277111,1,0
1.000,180.0,0.150,40,82.4069,-0.000965,1.436490,1,0
1.000,180.0,0.150,45,110.0000,-0.010902,1.719615,1,0
1.000,180.0,0.150,52,164.8138,-15.134880,1.863641,1,0
1.000,180.0,0.150,57,220.0000,0.415715,-1.527115,1,0
1.000,180.0,0.150,64,329.6276,0.004047,-0.471236,1,0
1.000,180.0,0.150,69,440.0000,0.000537,-0.230032,1,0
1.000,180.0,0.150,76,659.2551,0.000115,-0.093425,1,0
1.000,180.0,0.150,81,880.0000,0.000013,-0.050802,1,0
1.000,180.0,0.150,88,1318.5102,0.000034,-0.022111,1,0
1.000,180.0,0.150,93,1760.0000,-0.000002,-0.012288,1,0
1.000,180.0,0.150,96,2093.0045,0.000092,-0.008645,1,0
1.000,180.0,0.500,21,27.5000,-0.000830,3.896844,1,0
1.000,180.0,0.500,33,55.0000,-0.010117,3.861785,1,0
1.000,180.0,0.500,40,82.4069,-0.063630,3.693868,1,0
1.000,180.0,0.500,45,110.0000,-0.237960,3.190565,1,0
1.000,180.0,0.500,52,164.8138,2.849636,0.730738,1,0
1.000,180.0,0.500,57,220.0000,7.520881,-1.110171,1,0
1.000,180.0,0.500,64,329.6276,0.269509,-1.032094,1,0
1.000,180.0,0.500,69,440.0000,0.039000,-0.631162,1,0
1.000,180.0,0.500,76,659.2551,0.005837,-0.288746,1,0
1.000,180.0,0.500,81,880.0000,0.001713,-0.162637,1,0
1.000,180.0,0.500,88,1318.5102,0.000345,-0.072435,1,0
1.000,180.0,0.500,93,1760.0000,0.000096,-0.040569,1,0
1.000,180.0,0.500,96,2093.0045,0.000139,-0.028626,1,0
1.000,180.0,1.000,21,27.5000,-0.006983,7.272397,1,0
1.000,180.0,1.000,33,55.0000,-0.071752,5.914769,1,0
1.000,180.0,1.000,40,82.4069,-0.192482,4.215578,1,0
1.000,180.0,1.000,45,110.0000,-0.283728,2.594045,1,0
1.000,180.0,1.000,52,164.8138,0.637022,0.373891,1,0
1.000,180.0,1.000,57,220.0000,20.383641,-0.620730,1,0
1.000,180.0,1.000,64,329.6276,-5.230352,-0.969538,1,0
1.000,180.0,1.000,69,440.0000,3.338324,-0.797770,1,0
1.000,180.0,1.000,76,659.2551,0.111836,-0.465793,1,0
1.000,180.0,1.000,81,880.0000,0.006865,-0.287741,1,0
1.000,180.0,1.000,88,1318.5102,0.002581,-0.137104,1,0
1.000,180.0,1.000,93,1760.0000,0.001321,-0.078668,1,0
1.000,180.0,1.000,96,2093.0045,0.000811,-0.056017,1,0
1.000,180.0,4.000,21,27.5000,-0.136423,12.456219,1,0
1.000,180.0,4.000,33,55.0000,-0.105431,4.168632,1,0
1.000,180.0,4.000,40,82.4069,-0.042856,1.760342,1,0
1.000,180.0,4.000,45,110.0000,0.010615,0.806510,1,0
1.000,180.0,4.000,52,164.8138,-0.031951,0.094159,1,0
1.000,180.0,4.000,57,220.0000,0.038852,-0.161140,1,0
1.000,180.0,4.000,64,329.6276,-12.009002,-0.334326,1,0
1.000,180.0,4.000,69,440.0000,-13.409216,-0.382121,1,0
1.000,180.0,4.000,76,659.2551,-8.035247,-0.383284,1,0
1.000,180.0,4.000,81,880.0000,-12.467731,-0.348439,1,0
1.000,180.0,4.000,88,1318.5102,-10.776285,-0.264877,1,0
1.000,180.0,4.000,93,1760.0000,-4.442415,-0.195687,1,0
1.000,180.0,4.000,96,2093.0045,-15.304623,-0.156601,1,0
1.000,330.0,0.050,21,27.5000,-0.000308,0.214121,1,0
1.000,330.0,0.050,33,55.0000,-0.000253,0.218660,1,0
1.000,330.0,0.050,40,82.4069,0.000155,0.226629,1,0
1.000,330.0,0.050,45,110.0000,0.000004,0.238890,1,0
1.000,330.0,0.050,52,164.8138,-0.000064,0.282058,1,0
1.000,330.0,0.050,57,220.0000,-0.000455,0.377304,1,0
1.000,330.0,0.050,64,329.6276,31.862248,0.048203,1,0
1.000,330.0,0.050,69,440.0000,0.002416,-0.265517,1,0
1.000,330.0,0.050,76,659.2551,0.000084,-0.070730,1,0
1.000,330.0,0.050,81,880.0000,0.000003,-0.034686,1,0
1.000,330.0,0.050,88,1318.5102,0.000033,-0.014159,1,0
1.000,330.0,0.050,93,1760.0000,-0.000002,-0.007705,1,0
1.000,330.0,0.050,96,2093.0045,0.000092,-0.005379,1,0
1.000,330.0,0.150,21,27.5000,-0.000308,0.642002,1,0
1.000,330.0,0.150,33,55.0000,-0.000258,0.654441,1,0
1.000,330.0,0.150,40,82.4069,0.000115,0.676051,1,0
1.000,330.0,0.150,45,110.0000,-0.000165,0.708705,1,0
1.000,330.0,0.150,52,164.8138,-0.002083,0.817342,1,0
1.000,330.0,0.150,57,220.0000,-0.026218,1.016488,1,0
1.000,330.0,0.150,64,329.6276,79.025467,0.016075,1,0
1.000,330.0,0.150,69,440.0000,0.111326,-0.648565,1,0
1.000,330.0,0.150,76,659.2551,0.002094,-0.204916,1,0
1.000,330.0,0.150,81,880.0000,0.000319,-0.102502,1,0
1.000,330.0,0.150,88,1318.5102,0.000071,-0.042238,1,0
1.000,330.0,0.150,93,1760.0000,0.000008,-0.023046,1,0
1.000,330.0,0.150,96,2093.0045,0.000096,-0.016105,1,0
1.000,330.0,0.500,21,27.5000,-0.000354,2.126384,1,0
1.000,330.0,0.500,33,55.0000,-0.000985,2.124778,1,0
1.000,330.0,0.500,40,82.4069,-0.003924,2.117659,1,0
1.000,330.0,0.500,45,110.0000,-0.014602,2.097321,1,0
1.000,330.0,0.500,52,164.8138,-0.095752,1.964015,1,0
1.000,330.0,0.500,57,220.0000,-0.323786,1.570141,1,0
1.000,330.0,0.500,64,329.6276,79.681519,0.004823,1,0
1.000,330.0,0.500,69,440.0000,-4.053416,-0.695301,1,0
1.000,330.0,0.500,76,659.2551,4.634174,-0.491586,1,0
1.000,330.0,0.500,81,880.0000,0.051006,-0.292055,1,0
1.000,330.0,0.500,88,1318.5102,0.003028,-0.132311,1,0
1.000,330.0,0.500,93,1760.0000,0.001149,-0.074300,1,0
1.000,330.0,0.500,96,2093.0045,0.000704,-0.052457,1,0
1.000,330.0,1.000,21,27.5000,-0.000967,4.165358,1,0
1.000,330.0,1.000,33,55.0000,-0.009425,3.914307,1,0
1.000,330.0,1.000,40,82.4069,-0.037941,3.533556,1,0
1.000,330.0,1.000,45,110.0000,-0.092448,3.062948,1,0
1.000,330.0,1.000,52,164.8138,-0.217613,2.047019,1,0
1.000,330.0,1.000,57,220.0000,-0.159630,1.134814,1,0
1.000,330.0,1.000,64,329.6276,-36.808144,0.002411,1,0
1.000,330.0,1.000,69,440.0000,21.987936,-0.429852,1,0
1.000,330.0,1.000,76,659.2551,-2.532797,-0.511318,1,0
1.000,330.0,1.000,81,880.0000,-11.397219,-0.395148,1,0
1.000,330.0,1.000,88,1318.5102,-12.869035,-0.220801,1,0
1.000,330.0,1.000,93,1760.0000,-0.149679,-0.134108,1,0
1.000,330.0,1.000,96,2093.0045,-0.437417,-0.097564,1,0
1.000,330.0,4.000,21,27.5000,-0.060067,11.810971,1,0
1.000,330.0,4.000,33,55.0000,-0.140097,6.080780,1,0
1.000,330.0,4.000,40,82.4069,-0.125992,3.281400,1,0
1.000,330.0,4.000,45,110.0000,-0.098511,1.918252,1,0
1.000,330.0,4.000,52,164.8138,-0.094308,0.774671,1,0
1.000,330.0,4.000,57,220.0000,0.057830,0.329648,1,0
1.000,330.0,4.000,64,329.6276,-0.941233,0.000603,1,0
1.000,330.0,4.000,69,440.0000,-4.801578,-0.116044,1,0
1.000,330.0,4.000,76,659.2551,-7.857985,-0.193114,1,0
1.000,330.0,4.000,81,880.0000,-7.087955,-0.211856,1,0
1.000,330.0,4.000,88,1318.5102,-12.516271,-0.205137,1,0
1.000,330.0,4.000,93,1760.0000,9.729713,-0.182046,1,0
1.000,330.0,4.000,96,2093.0045,-3.236795,-0.162701,1,0
1.000,660.0,0.050,21,27.5000,-0.000308,0.106449,1,0
1.000,660.0,0.050,33,55.0000,-0.000255,0.107001,1,0
1.000,660.0,0.050,40,82.4069,0.000156,0.107930,1,0
1.000,660.0,0.050,45,110.0000,0.000005,0.109268,1,0
1.000,660.0,0.050,52,164.8138,-0.000036,0.113248,1,0
1.000,660.0,0.050,57,220.0000,-0.000005,0.119372,1,0
1.000,660.0,0.050,64,329.6276,-0.000031,0.140932,1,0
1.000,660.0,0.050,69,440.0000,-0.000454,0.188505,1,0
1.000,660.0,0.050,76,659.2551,20.754793,0.024128,1,0
1.000,660.0,0.050,81,880.0000,0.002405,-0.132566,1,0
1.000,660.0,0.050,88,1318.5102,0.000059,-0.035268,1,0
1.000,660.0,0.050,93,1760.0000,0.000002,-0.017265,1,0
1.000,660.0,0.050,96,2093.0045,0.000093,-0.011632,1,0
1.000,660.0,0.150,21,27.5000,-0.000308,0.319302,1,0
1.000,660.0,0.150,33,55.0000,-0.000254,0.320823,1,0
1.000,660.0,0.150,40,82.4069,0.000154,0.323375,1,0
1.000,660.0,0.150,45,110.0000,-0.000001,0.327036,1,0
1.000,660.0,0.150,52,164.8138,-0.000075,0.337830,1,0
1.000,660.0,0.150,57,220.0000,-0.000172,0.354140,1,0
1.000,660.0,0.150,64,329.6276,-0.002036,0.408410,1,0
1.000,660.0,0.150,69,440.0000,-0.026181,0.507931,1,0
1.000,660.0,0.150,76,659.2551,77.608377,0.008046,1,0
1.000,660.0,0.150,81,880.0000,0.427646,-0.323992,1,0
1.000,660.0,0.150,88,1318.5102,0.002094,-0.102197,1,0
1.000,660.0,0.150,93,1760.0000,0.000317,-0.051029,1,0
1.000,660.0,0.150,96,2093.0045,0.000216,-0.034564,1,0
1.000,660.0,0.500,21,27.5000,-0.000311,1.062657,1,0
1.000,660.0,0.500,33,55.0000,-0.000296,1.062609,1,0
1.000,660.0,0.500,40,82.4069,-0.000069,1.062398,1,0
1.000,660.0,0.500,45,110.0000,-0.000728,1.061820,1,0
1.000,660.0,0.500,52,164.8138,-0.004074,1.058290,1,0
1.000,660.0,0.500,57,220.0000,-0.014573,1.048175,1,0
1.000,660.0,0.500,64,329.6276,-0.097365,0.981745,1,0
1.000,660.0,0.500,69,440.0000,0.805603,0.785182,1,0
1.000,660.0,0.500,76,659.2551,-1.632895,0.002414,1,0
1.000,660.0,0.500,81,880.0000,-11.814098,-0.347912,1,0
1.000,660.0,0.500,88,1318.5102,-12.740823,-0.245531,1,0
1.000,660.0,0.500,93,1760.0000,2.823717,-0.145580,1,0
1.000,660.0,0.500,96,2093.0045,-6.361716,-0.103924,1,0
1.000,660.0,1.000,21,27.5000,-0.000352,2.114291,1,0
1.000,660.0,1.000,33,55.0000,-0.000899,2.081583,1,0
1.000,660.0,1.000,40,82.4069,-0.002956,2.028532,1,0
1.000,660.0,1.000,45,110.0000,-0.009165,1.956275,1,0
1.000,660.0,1.000,52,164.8138,-0.037850,1.766199,1,0
1.000,660.0,1.000,57,220.0000,-0.091239,1.531209,1,0
1.000,660.0,1.000,64,329.6276,0.095634,1.023705,1,0
1.000,660.0,1.000,69,440.0000,7.590430,0.567726,1,0
1.000,660.0,1.000,76,659.2551,-1.687945,0.001207,1,0
1.000,660.0,1.000,81,880.0000,-7.861948,-0.215204,1,0
1.000,660.0,1.000,88,1318.5102,-10.639763,-0.255855,1,0
1.000,660.0,1.000,93,1760.0000,-14.095157,-0.197449,1,0
1.000,660.0,1.000,96,2093.0045,-12.300391,-0.157135,1,0
1.000,660.0,4.000,21,27.5000,-0.008283,7.662537,1,0
1.000,660.0,4.000,33,55.0000,-0.059833,5.904238,1,0
1.000,660.0,4.000,40,82.4069,-0.116991,4.260024,1,0
1.000,660.0,4.000,45,110.0000,-0.147891,3.040915,1,0
1.000,660.0,4.000,52,164.8138,-0.106368,1.641315,1,0
1.000,660.0,4.000,57,220.0000,-0.077815,0.959597,1,0
1.000,660.0,4.000,64,329.6276,5.338957,0.387585,1,0
1.000,660.0,4.000,69,440.0000,4.202733,0.164953,1,0
1.000,660.0,4.000,76,659.2551,-1.728950,0.000302,1,0
1.000,660.0,4.000,81,880.0000,-2.976379,-0.058110,1,0
1.000,660.0,4.000,88,1318.5102,-7.566248,-0.096806,1,0
1.000,660.0,4.000,93,1760.0000,-3.084857,-0.106332,1,0
1.000,660.0,4.000,96,2093.0045,-7.002041,-0.107055,1,0
1.000,2000.0,0.050,21,27.5000,-0.000308,0.034862,1,0
1.000,2000.0,0.050,33,55.0000,-0.000255,0.034882,1,0
1.000,2000.0,0.050,40,82.4069,0.000156,0.034914,1,0
1.000,2000.0,0.050,45,110.0000,0.000005,0.034960,1,0
1.000,2000.0,0.050,52,164.8138,-0.000035,0.035090,1,0
1.000,2000.0,0.050,57,220.0000,-0.000003,0.035276,1,0
1.000,2000.0,0.050,64,329.6276,-0.000003,0.035812,1,0
1.000,2000.0,0.050,69,440.0000,-0.000003,0.036597,1,0
1.000,2000.0,0.050,76,659.2551,0.000053,0.039024,1,0
1.000,2000.0,0.050,81,880.0000,-0.000017,0.043041,1,0
1.000,2000.0,0.050,88,1318.5102,-0.000364,0.060660,1,0
1.000,2000.0,0.050,93,1760.0000,-1.156655,0.133812,1,0
1.000,2000.0,0.050,96,2093.0045,-12.363820,-0.167213,1,0
1.000,2000.0,0.150,21,27.5000,-0.000308,0.104586,1,0
1.000,2000.0,0.150,33,55.0000,-0.000255,0.104639,1,0
1.000,2000.0,0.150,40,82.4069,0.000156,0.104728,1,0
1.000,2000.0,0.150,45,110.0000,0.000005,0.104854,1,0
1.000,2000.0,0.150,52,164.8138,-0.000036,0.105213,1,0
1.000,2000.0,0.150,57,220.0000,-0.000004,0.105723,1,0
1.000,2000.0,0.150,64,329.6276,-0.000008,0.107194,1,0
1.000,2000.0,0.150,69,440.0000,-0.000025,0.109331,1,0
1.000,2000.0,0.150,76,659.2551,-0.000105,0.115823,1,0
1.000,2000.0,0.150,81,880.0000,-0.000843,0.126174,1,0
1.000,2000.0,0.150,88,1318.5102,-0.018728,0.164641,1,0
1.000,2000.0,0.150,93,1760.0000,7.383337,0.197435,1,0
1.000,2000.0,0.150,96,2093.0045,-5.523785,-0.094392,1,0
1.000,2000.0,0.500,21,27.5000,-0.000308,0.348559,1,0
1.000,2000.0,0.500,33,55.0000,-0.000254,0.348560,1,0
1.000,2000.0,0.500,40,82.4069,0.000154,0.348561,1,0
1.000,2000.0,0.500,45,110.0000,-0.000003,0.348562,1,0
1.000,2000.0,0.500,52,164.8138,-0.000075,0.348557,1,0
1.000,2000.0,0.500,57,220.0000,-0.000134,0.348534,1,0
1.000,2000.0,0.500,64,329.6276,-0.000677,0.348359,1,0
1.000,2000.0,0.500,69,440.0000,-0.002304,0.347828,1,0
1.000,2000.0,0.500,76,659.2551,-0.013441,0.344352,1,0
1.000,2000.0,0.500,81,880.0000,-0.297799,0.333869,1,0
1.000,2000.0,0.500,88,1318.5102,13.464337,0.263592,1,0
1.000,2000.0,0.500,93,1760.0000,6.044380,0.097155,1,0
1.000,2000.0,0.500,96,2093.0045,-3.245692,-0.030747,1,0
1.000,2000.0,1.000,21,27.5000,-0.000309,0.696728,1,0
1.000,2000.0,1.000,33,55.0000,-0.000261,0.695561,1,0
1.000,2000.0,1.000,40,82.4069,0.000116,0.693629,1,0
1.000,2000.0,1.000,45,110.0000,-0.000118,0.690915,1,0
1.000,2000.0,1.000,52,164.8138,-0.000638,0.683279,1,0
1.000,2000.0,1.000,57,220.0000,-0.001871,0.672672,1,0
1.000,2000.0,1.000,64,329.6276,-0.008584,0.643555,1,0
1.000,2000.0,1.000,69,440.0000,-0.024503,0.604824,1,0
1.000,2000.0,1.000,76,659.2551,-0.252992,0.507919,1,0
1.000,2000.0,1.000,81,880.0000,10.190838,0.397750,1,0
1.000,2000.0,1.000,88,1318.5102,10.951864,0.194426,1,0
1.000,2000.0,1.000,93,1760.0000,2.986262,0.051003,1,0
1.000,2000.0,1.000,96,2093.0045,-1.983049,-0.015472,1,0
1.000,2000.0,4.000,21,27.5000,-0.000434,2.756058,1,0
1.000,2000.0,4.000,33,55.0000,-0.001997,2.663134,1,0
1.000,2000.0,4.000,40,82.4069,-0.007374,2.521822,1,0
1.000,2000.0,4.000,45,110.0000,-0.019309,2.345987,1,0
1.000,2000.0,4.000,52,164.8138,-0.057309,1.957044,1,0
1.000,2000.0,4.000,57,220.0000,-0.097228,1.583702,1,0
1.000,2000.0,4.000,64,329.6276,-0.139239,1.020202,1,0
1.000,2000.0,4.000,69,440.0000,2.087288,0.670874,1,0
1.000,2000.0,4.000,76,659.2551,7.928086,0.325528,1,0
1.000,2000.0,4.000,81,880.0000,5.131760,0.175266,1,0
1.000,2000.0,4.000,88,1318.5102,1.703145,0.057095,1,0
1.000,2000.0,4.000,93,1760.0000,28.981508,0.012953,1,0
1.000,2000.0,4.000,96,2093.0045,1.054388,-0.003876,1,0
