# cnpg bridge tuning verification v1, rate=96000, gate=+/-2.000 cents over MIDI 21-96 inside the provisional Normal range (ADR 0007 D7: coupling <= 0.35, resonance <= 330 Hz, damping 0.15-1.00)
coupling,resonanceHz,damping,midiNote,targetHz,centsError,compensationSamples,converged,normalRange
0.000,20.0,0.050,21,27.5000,-0.000536,0.000000,1,0
0.000,20.0,0.050,33,55.0000,0.000017,0.000000,1,0
0.000,20.0,0.050,40,82.4069,0.000200,0.000000,1,0
0.000,20.0,0.050,45,110.0000,-0.000010,0.000000,1,0
0.000,20.0,0.050,52,164.8138,0.000098,0.000000,1,0
0.000,20.0,0.050,57,220.0000,-0.000009,0.000000,1,0
0.000,20.0,0.050,64,329.6276,-0.000002,0.000000,1,0
0.000,20.0,0.050,69,440.0000,-0.000009,0.000000,1,0
0.000,20.0,0.050,76,659.2551,0.000013,0.000000,1,0
0.000,20.0,0.050,81,880.0000,-0.000009,0.000000,1,0
0.000,20.0,0.050,88,1318.5102,0.000046,0.000000,1,0
0.000,20.0,0.050,93,1760.0000,-0.000008,0.000000,1,0
0.000,20.0,0.050,96,2093.0045,0.000103,0.000000,1,0
0.000,20.0,0.150,21,27.5000,-0.000536,0.000000,1,1
0.000,20.0,0.150,33,55.0000,0.000017,0.000000,1,1
0.000,20.0,0.150,40,82.4069,0.000200,0.000000,1,1
0.000,20.0,0.150,45,110.0000,-0.000010,0.000000,1,1
0.000,20.0,0.150,52,164.8138,0.000098,0.000000,1,1
0.000,20.0,0.150,57,220.0000,-0.000009,0.000000,1,1
0.000,20.0,0.150,64,329.6276,-0.000002,0.000000,1,1
0.000,20.0,0.150,69,440.0000,-0.000009,0.000000,1,1
0.000,20.0,0.150,76,659.2551,0.000013,0.000000,1,1
0.000,20.0,0.150,81,880.0000,-0.000009,0.000000,1,1
0.000,20.0,0.150,88,1318.5102,0.000046,0.000000,1,1
0.000,20.0,0.150,93,1760.0000,-0.000008,0.000000,1,1
0.000,20.0,0.150,96,2093.0045,0.000103,0.000000,1,1
0.000,20.0,0.500,21,27.5000,-0.000536,0.000000,1,1
0.000,20.0,0.500,33,55.0000,0.000017,0.000000,1,1
0.000,20.0,0.500,40,82.4069,0.000200,0.000000,1,1
0.000,20.0,0.500,45,110.0000,-0.000010,0.000000,1,1
0.000,20.0,0.500,52,164.8138,0.000098,0.000000,1,1
0.000,20.0,0.500,57,220.0000,-0.000009,0.000000,1,1
0.000,20.0,0.500,64,329.6276,-0.000002,0.000000,1,1
0.000,20.0,0.500,69,440.0000,-0.000009,0.000000,1,1
0.000,20.0,0.500,76,659.2551,0.000013,0.000000,1,1
0.000,20.0,0.500,81,880.0000,-0.000009,0.000000,1,1
0.000,20.0,0.500,88,1318.5102,0.000046,0.000000,1,1
0.000,20.0,0.500,93,1760.0000,-0.000008,0.000000,1,1
0.000,20.0,0.500,96,2093.0045,0.000103,0.000000,1,1
0.000,20.0,1.000,21,27.5000,-0.000536,0.000000,1,1
0.000,20.0,1.000,33,55.0000,0.000017,0.000000,1,1
0.000,20.0,1.000,40,82.4069,0.000200,0.000000,1,1
0.000,20.0,1.000,45,110.0000,-0.000010,0.000000,1,1
0.000,20.0,1.000,52,164.8138,0.000098,0.000000,1,1
0.000,20.0,1.000,57,220.0000,-0.000009,0.000000,1,1
0.000,20.0,1.000,64,329.6276,-0.000002,0.000000,1,1
0.000,20.0,1.000,69,440.0000,-0.000009,0.000000,1,1
0.000,20.0,1.000,76,659.2551,0.000013,0.000000,1,1
0.000,20.0,1.000,81,880.0000,-0.000009,0.000000,1,1
0.000,20.0,1.000,88,1318.5102,0.000046,0.000000,1,1
0.000,20.0,1.000,93,1760.0000,-0.000008,0.000000,1,1
0.000,20.0,1.000,96,2093.0045,0.000103,0.000000,1,1
0.000,20.0,4.000,21,27.5000,-0.000536,0.000000,1,0
0.000,20.0,4.000,33,55.0000,0.000017,0.000000,1,0
0.000,20.0,4.000,40,82.4069,0.000200,0.000000,1,0
0.000,20.0,4.000,45,110.0000,-0.000010,0.000000,1,0
0.000,20.0,4.000,52,164.8138,0.000098,0.000000,1,0
0.000,20.0,4.000,57,220.0000,-0.000009,0.000000,1,0
0.000,20.0,4.000,64,329.6276,-0.000002,0.000000,1,0
0.000,20.0,4.000,69,440.0000,-0.000009,0.000000,1,0
0.000,20.0,4.000,76,659.2551,0.000013,0.000000,1,0
0.000,20.0,4.000,81,880.0000,-0.000009,0.000000,1,0
0.000,20.0,4.000,88,1318.5102,0.000046,0.000000,1,0
0.000,20.0,4.000,93,1760.0000,-0.000008,0.000000,1,0
0.000,20.0,4.000,96,2093.0045,0.000103,0.000000,1,0
0.000,110.0,0.050,21,27.5000,-0.000536,0.000000,1,0
0.000,110.0,0.050,33,55.0000,0.000017,0.000000,1,0
0.000,110.0,0.050,40,82.4069,0.000200,0.000000,1,0
0.000,110.0,0.050,45,110.0000,-0.000010,0.000000,1,0
0.000,110.0,0.050,52,164.8138,0.000098,0.000000,1,0
0.000,110.0,0.050,57,220.0000,-0.000009,0.000000,1,0
0.000,110.0,0.050,64,329.6276,-0.000002,0.000000,1,0
0.000,110.0,0.050,69,440.0000,-0.000009,0.000000,1,0
0.000,110.0,0.050,76,659.2551,0.000013,0.000000,1,0
0.000,110.0,0.050,81,880.0000,-0.000009,0.000000,1,0
0.000,110.0,0.050,88,1318.5102,0.000046,0.000000,1,0
0.000,110.0,0.050,93,1760.0000,-0.000008,0.000000,1,0
0.000,110.0,0.050,96,2093.0045,0.000103,0.000000,1,0
0.000,110.0,0.150,21,27.5000,-0.000536,0.000000,1,1
0.000,110.0,0.150,33,55.0000,0.000017,0.000000,1,1
0.000,110.0,0.150,40,82.4069,0.000200,0.000000,1,1
0.000,110.0,0.150,45,110.0000,-0.000010,0.000000,1,1
0.000,110.0,0.150,52,164.8138,0.000098,0.000000,1,1
0.000,110.0,0.150,57,220.0000,-0.000009,0.000000,1,1
0.000,110.0,0.150,64,329.6276,-0.000002,0.000000,1,1
0.000,110.0,0.150,69,440.0000,-0.000009,0.000000,1,1
0.000,110.0,0.150,76,659.2551,0.000013,0.000000,1,1
0.000,110.0,0.150,81,880.0000,-0.000009,0.000000,1,1
0.000,110.0,0.150,88,1318.5102,0.000046,0.000000,1,1
0.000,110.0,0.150,93,1760.0000,-0.000008,0.000000,1,1
0.000,110.0,0.150,96,2093.0045,0.000103,0.000000,1,1
0.000,110.0,0.500,21,27.5000,-0.000536,0.000000,1,1
0.000,110.0,0.500,33,55.0000,0.000017,0.000000,1,1
0.000,110.0,0.500,40,82.4069,0.000200,0.000000,1,1
0.000,110.0,0.500,45,110.0000,-0.000010,0.000000,1,1
0.000,110.0,0.500,52,164.8138,0.000098,0.000000,1,1
0.000,110.0,0.500,57,220.0000,-0.000009,0.000000,1,1
0.000,110.0,0.500,64,329.6276,-0.000002,0.000000,1,1
0.000,110.0,0.500,69,440.0000,-0.000009,0.000000,1,1
0.000,110.0,0.500,76,659.2551,0.000013,0.000000,1,1
0.000,110.0,0.500,81,880.0000,-0.000009,0.000000,1,1
0.000,110.0,0.500,88,1318.5102,0.000046,0.000000,1,1
0.000,110.0,0.500,93,1760.0000,-0.000008,0.000000,1,1
0.000,110.0,0.500,96,2093.0045,0.000103,0.000000,1,1
0.000,110.0,1.000,21,27.5000,-0.000536,0.000000,1,1
0.000,110.0,1.000,33,55.0000,0.000017,0.000000,1,1
0.000,110.0,1.000,40,82.4069,0.000200,0.000000,1,1
0.000,110.0,1.000,45,110.0000,-0.000010,0.000000,1,1
0.000,110.0,1.000,52,164.8138,0.000098,0.000000,1,1
0.000,110.0,1.000,57,220.0000,-0.000009,0.000000,1,1
0.000,110.0,1.000,64,329.6276,-0.000002,0.000000,1,1
0.000,110.0,1.000,69,440.0000,-0.000009,0.000000,1,1
0.000,110.0,1.000,76,659.2551,0.000013,0.000000,1,1
0.000,110.0,1.000,81,880.0000,-0.000009,0.000000,1,1
0.000,110.0,1.000,88,1318.5102,0.000046,0.000000,1,1
0.000,110.0,1.000,93,1760.0000,-0.000008,0.000000,1,1
0.000,110.0,1.000,96,2093.0045,0.000103,0.000000,1,1
0.000,110.0,4.000,21,27.5000,-0.000536,0.000000,1,0
0.000,110.0,4.000,33,55.0000,0.000017,0.000000,1,0
0.000,110.0,4.000,40,82.4069,0.000200,0.000000,1,0
0.000,110.0,4.000,45,110.0000,-0.000010,0.000000,1,0
0.000,110.0,4.000,52,164.8138,0.000098,0.000000,1,0
0.000,110.0,4.000,57,220.0000,-0.000009,0.000000,1,0
0.000,110.0,4.000,64,329.6276,-0.000002,0.000000,1,0
0.000,110.0,4.000,69,440.0000,-0.000009,0.000000,1,0
0.000,110.0,4.000,76,659.2551,0.000013,0.000000,1,0
0.000,110.0,4.000,81,880.0000,-0.000009,0.000000,1,0
0.000,110.0,4.000,88,1318.5102,0.000046,0.000000,1,0
0.000,110.0,4.000,93,1760.0000,-0.000008,0.000000,1,0
0.000,110.0,4.000,96,2093.0045,0.000103,0.000000,1,0
0.000,180.0,0.050,21,27.5000,-0.000536,0.000000,1,0
0.000,180.0,0.050,33,55.0000,0.000017,0.000000,1,0
0.000,180.0,0.050,40,82.4069,0.000200,0.000000,1,0
0.000,180.0,0.050,45,110.0000,-0.000010,0.000000,1,0
0.000,180.0,0.050,52,164.8138,0.000098,0.000000,1,0
0.000,180.0,0.050,57,220.0000,-0.000009,0.000000,1,0
0.000,180.0,0.050,64,329.6276,-0.000002,0.000000,1,0
0.000,180.0,0.050,69,440.0000,-0.000009,0.000000,1,0
0.000,180.0,0.050,76,659.2551,0.000013,0.000000,1,0
0.000,180.0,0.050,81,880.0000,-0.000009,0.000000,1,0
0.000,180.0,0.050,88,1318.5102,0.000046,0.000000,1,0
0.000,180.0,0.050,93,1760.0000,-0.000008,0.000000,1,0
0.000,180.0,0.050,96,2093.0045,0.000103,0.000000,1,0
0.000,180.0,0.150,21,27.5000,-0.000536,0.000000,1,1
0.000,180.0,0.150,33,55.0000,0.000017,0.000000,1,1
0.000,180.0,0.150,40,82.4069,0.000200,0.000000,1,1
0.000,180.0,0.150,45,110.0000,-0.000010,0.000000,1,1
0.000,180.0,0.150,52,164.8138,0.000098,0.000000,1,1
0.000,180.0,0.150,57,220.0000,-0.000009,0.000000,1,1
0.000,180.0,0.150,64,329.6276,-0.000002,0.000000,1,1
0.000,180.0,0.150,69,440.0000,-0.000009,0.000000,1,1
0.000,180.0,0.150,76,659.2551,0.000013,0.000000,1,1
0.000,180.0,0.150,81,880.0000,-0.000009,0.000000,1,1
0.000,180.0,0.150,88,1318.5102,0.000046,0.000000,1,1
0.000,180.0,0.150,93,1760.0000,-0.000008,0.000000,1,1
0.000,180.0,0.150,96,2093.0045,0.000103,0.000000,1,1
0.000,180.0,0.500,21,27.5000,-0.000536,0.000000,1,1
0.000,180.0,0.500,33,55.0000,0.000017,0.000000,1,1
0.000,180.0,0.500,40,82.4069,0.000200,0.000000,1,1
0.000,180.0,0.500,45,110.0000,-0.000010,0.000000,1,1
0.000,180.0,0.500,52,164.8138,0.000098,0.000000,1,1
0.000,180.0,0.500,57,220.0000,-0.000009,0.000000,1,1
0.000,180.0,0.500,64,329.6276,-0.000002,0.000000,1,1
0.000,180.0,0.500,69,440.0000,-0.000009,0.000000,1,1
0.000,180.0,0.500,76,659.2551,0.000013,0.000000,1,1
0.000,180.0,0.500,81,880.0000,-0.000009,0.000000,1,1
0.000,180.0,0.500,88,1318.5102,0.000046,0.000000,1,1
0.000,180.0,0.500,93,1760.0000,-0.000008,0.000000,1,1
0.000,180.0,0.500,96,2093.0045,0.000103,0.000000,1,1
0.000,180.0,1.000,21,27.5000,-0.000536,0.000000,1,1
0.000,180.0,1.000,33,55.0000,0.000017,0.000000,1,1
0.000,180.0,1.000,40,82.4069,0.000200,0.000000,1,1
0.000,180.0,1.000,45,110.0000,-0.000010,0.000000,1,1
0.000,180.0,1.000,52,164.8138,0.000098,0.000000,1,1
0.000,180.0,1.000,57,220.0000,-0.000009,0.000000,1,1
0.000,180.0,1.000,64,329.6276,-0.000002,0.000000,1,1
0.000,180.0,1.000,69,440.0000,-0.000009,0.000000,1,1
0.000,180.0,1.000,76,659.2551,0.000013,0.000000,1,1
0.000,180.0,1.000,81,880.0000,-0.000009,0.000000,1,1
0.000,180.0,1.000,88,1318.5102,0.000046,0.000000,1,1
0.000,180.0,1.000,93,1760.0000,-0.000008,0.000000,1,1
0.000,180.0,1.000,96,2093.0045,0.000103,0.000000,1,1
0.000,180.0,4.000,21,27.5000,-0.000536,0.000000,1,0
0.000,180.0,4.000,33,55.0000,0.000017,0.000000,1,0
0.000,180.0,4.000,40,82.4069,0.000200,0.000000,1,0
0.000,180.0,4.000,45,110.0000,-0.000010,0.000000,1,0
0.000,180.0,4.000,52,164.8138,0.000098,0.000000,1,0
0.000,180.0,4.000,57,220.0000,-0.000009,0.000000,1,0
0.000,180.0,4.000,64,329.6276,-0.000002,0.000000,1,0
0.000,180.0,4.000,69,440.0000,-0.000009,0.000000,1,0
0.000,180.0,4.000,76,659.2551,0.000013,0.000000,1,0
0.000,180.0,4.000,81,880.0000,-0.000009,0.000000,1,0
0.000,180.0,4.000,88,1318.5102,0.000046,0.000000,1,0
0.000,180.0,4.000,93,1760.0000,-0.000008,0.000000,1,0
0.000,180.0,4.000,96,2093.0045,0.000103,0.000000,1,0
0.000,330.0,0.050,21,27.5000,-0.000536,0.000000,1,0
0.000,330.0,0.050,33,55.0000,0.000017,0.000000,1,0
0.000,330.0,0.050,40,82.4069,0.000200,0.000000,1,0
0.000,330.0,0.050,45,110.0000,-0.000010,0.000000,1,0
0.000,330.0,0.050,52,164.8138,0.000098,0.000000,1,0
0.000,330.0,0.050,57,220.0000,-0.000009,0.000000,1,0
0.000,330.0,0.050,64,329.6276,-0.000002,0.000000,1,0
0.000,330.0,0.050,69,440.0000,-0.000009,0.000000,1,0
0.000,330.0,0.050,76,659.2551,0.000013,0.000000,1,0
0.000,330.0,0.050,81,880.0000,-0.000009,0.000000,1,0
0.000,330.0,0.050,88,1318.5102,0.000046,0.000000,1,0
0.000,330.0,0.050,93,1760.0000,-0.000008,0.000000,1,0
0.000,330.0,0.050,96,2093.0045,0.000103,0.000000,1,0
0.000,330.0,0.150,21,27.5000,-0.000536,0.000000,1,1
0.000,330.0,0.150,33,55.0000,0.000017,0.000000,1,1
0.000,330.0,0.150,40,82.4069,0.000200,0.000000,1,1
0.000,330.0,0.150,45,110.0000,-0.000010,0.000000,1,1
0.000,330.0,0.150,52,164.8138,0.000098,0.000000,1,1
0.000,330.0,0.150,57,220.0000,-0.000009,0.000000,1,1
0.000,330.0,0.150,64,329.6276,-0.000002,0.000000,1,1
0.000,330.0,0.150,69,440.0000,-0.000009,0.000000,1,1
0.000,330.0,0.150,76,659.2551,0.000013,0.000000,1,1
0.000,330.0,0.150,81,880.0000,-0.000009,0.000000,1,1
0.000,330.0,0.150,88,1318.5102,0.000046,0.000000,1,1
0.000,330.0,0.150,93,1760.0000,-0.000008,0.000000,1,1
0.000,330.0,0.150,96,2093.0045,0.000103,0.000000,1,1
0.000,330.0,0.500,21,27.5000,-0.000536,0.000000,1,1
0.000,330.0,0.500,33,55.0000,0.000017,0.000000,1,1
0.000,330.0,0.500,40,82.4069,0.000200,0.000000,1,1
0.000,330.0,0.500,45,110.0000,-0.000010,0.000000,1,1
0.000,330.0,0.500,52,164.8138,0.000098,0.000000,1,1
0.000,330.0,0.500,57,220.0000,-0.000009,0.000000,1,1
0.000,330.0,0.500,64,329.6276,-0.000002,0.000000,1,1
0.000,330.0,0.500,69,440.0000,-0.000009,0.000000,1,1
0.000,330.0,0.500,76,659.2551,0.000013,0.000000,1,1
0.000,330.0,0.500,81,880.0000,-0.000009,0.000000,1,1
0.000,330.0,0.500,88,1318.5102,0.000046,0.000000,1,1
0.000,330.0,0.500,93,1760.0000,-0.000008,0.000000,1,1
0.000,330.0,0.500,96,2093.0045,0.000103,0.000000,1,1
0.000,330.0,1.000,21,27.5000,-0.000536,0.000000,1,1
0.000,330.0,1.000,33,55.0000,0.000017,0.000000,1,1
0.000,330.0,1.000,40,82.4069,0.000200,0.000000,1,1
0.000,330.0,1.000,45,110.0000,-0.000010,0.000000,1,1
0.000,330.0,1.000,52,164.8138,0.000098,0.000000,1,1
0.000,330.0,1.000,57,220.0000,-0.000009,0.000000,1,1
0.000,330.0,1.000,64,329.6276,-0.000002,0.000000,1,1
0.000,330.0,1.000,69,440.0000,-0.000009,0.000000,1,1
0.000,330.0,1.000,76,659.2551,0.000013,0.000000,1,1
0.000,330.0,1.000,81,880.0000,-0.000009,0.000000,1,1
0.000,330.0,1.000,88,1318.5102,0.000046,0.000000,1,1
0.000,330.0,1.000,93,1760.0000,-0.000008,0.000000,1,1
0.000,330.0,1.000,96,2093.0045,0.000103,0.000000,1,1
0.000,330.0,4.000,21,27.5000,-0.000536,0.000000,1,0
0.000,330.0,4.000,33,55.0000,0.000017,0.000000,1,0
0.000,330.0,4.000,40,82.4069,0.000200,0.000000,1,0
0.000,330.0,4.000,45,110.0000,-0.000010,0.000000,1,0
0.000,330.0,4.000,52,164.8138,0.000098,0.000000,1,0
0.000,330.0,4.000,57,220.0000,-0.000009,0.000000,1,0
0.000,330.0,4.000,64,329.6276,-0.000002,0.000000,1,0
0.000,330.0,4.000,69,440.0000,-0.000009,0.000000,1,0
0.000,330.0,4.000,76,659.2551,0.000013,0.000000,1,0
0.000,330.0,4.000,81,880.0000,-0.000009,0.000000,1,0
0.000,330.0,4.000,88,1318.5102,0.000046,0.000000,1,0
0.000,330.0,4.000,93,1760.0000,-0.000008,0.000000,1,0
0.000,330.0,4.000,96,2093.0045,0.000103,0.000000,1,0
0.000,660.0,0.050,21,27.5000,-0.000536,0.000000,1,0
0.000,660.0,0.050,33,55.0000,0.000017,0.000000,1,0
0.000,660.0,0.050,40,82.4069,0.000200,0.000000,1,0
0.000,660.0,0.050,45,110.0000,-0.000010,0.000000,1,0
0.000,660.0,0.050,52,164.8138,0.000098,0.000000,1,0
0.000,660.0,0.050,57,220.0000,-0.000009,0.000000,1,0
0.000,660.0,0.050,64,329.6276,-0.000002,0.000000,1,0
0.000,660.0,0.050,69,440.0000,-0.000009,0.000000,1,0
0.000,660.0,0.050,76,659.2551,0.000013,0.000000,1,0
0.000,660.0,0.050,81,880.0000,-0.000009,0.000000,1,0
0.000,660.0,0.050,88,1318.5102,0.000046,0.000000,1,0
0.000,660.0,0.050,93,1760.0000,-0.000008,0.000000,1,0
0.000,660.0,0.050,96,2093.0045,0.000103,0.000000,1,0
0.000,660.0,0.150,21,27.5000,-0.000536,0.000000,1,0
0.000,660.0,0.150,33,55.0000,0.000017,0.000000,1,0
0.000,660.0,0.150,40,82.4069,0.000200,0.000000,1,0
0.000,660.0,0.150,45,110.0000,-0.000010,0.000000,1,0
0.000,660.0,0.150,52,164.8138,0.000098,0.000000,1,0
0.000,660.0,0.150,57,220.0000,-0.000009,0.000000,1,0
0.000,660.0,0.150,64,329.6276,-0.000002,0.000000,1,0
0.000,660.0,0.150,69,440.0000,-0.000009,0.000000,1,0
0.000,660.0,0.150,76,659.2551,0.000013,0.000000,1,0
0.000,660.0,0.150,81,880.0000,-0.000009,0.000000,1,0
0.000,660.0,0.150,88,1318.5102,0.000046,0.000000,1,0
0.000,660.0,0.150,93,1760.0000,-0.000008,0.000000,1,0
0.000,660.0,0.150,96,2093.0045,0.000103,0.000000,1,0
0.000,660.0,0.500,21,27.5000,-0.000536,0.000000,1,0
0.000,660.0,0.500,33,55.0000,0.000017,0.000000,1,0
0.000,660.0,0.500,40,82.4069,0.000200,0.000000,1,0
0.000,660.0,0.500,45,110.0000,-0.000010,0.000000,1,0
0.000,660.0,0.500,52,164.8138,0.000098,0.000000,1,0
0.000,660.0,0.500,57,220.0000,-0.000009,0.000000,1,0
0.000,660.0,0.500,64,329.6276,-0.000002,0.000000,1,0
0.000,660.0,0.500,69,440.0000,-0.000009,0.000000,1,0
0.000,660.0,0.500,76,659.2551,0.000013,0.000000,1,0
0.000,660.0,0.500,81,880.0000,-0.000009,0.000000,1,0
0.000,660.0,0.500,88,1318.5102,0.000046,0.000000,1,0
0.000,660.0,0.500,93,1760.0000,-0.000008,0.000000,1,0
0.000,660.0,0.500,96,2093.0045,0.000103,0.000000,1,0
0.000,660.0,1.000,21,27.5000,-0.000536,0.000000,1,0
0.000,660.0,1.000,33,55.0000,0.000017,0.000000,1,0
0.000,660.0,1.000,40,82.4069,0.000200,0.000000,1,0
0.000,660.0,1.000,45,110.0000,-0.000010,0.000000,1,0
0.000,660.0,1.000,52,164.8138,0.000098,0.000000,1,0
0.000,660.0,1.000,57,220.0000,-0.000009,0.000000,1,0
0.000,660.0,1.000,64,329.6276,-0.000002,0.000000,1,0
0.000,660.0,1.000,69,440.0000,-0.000009,0.000000,1,0
0.000,660.0,1.000,76,659.2551,0.000013,0.000000,1,0
0.000,660.0,1.000,81,880.0000,-0.000009,0.000000,1,0
0.000,660.0,1.000,88,1318.5102,0.000046,0.000000,1,0
0.000,660.0,1.000,93,1760.0000,-0.000008,0.000000,1,0
0.000,660.0,1.000,96,2093.0045,0.000103,0.000000,1,0
0.000,660.0,4.000,21,27.5000,-0.000536,0.000000,1,0
0.000,660.0,4.000,33,55.0000,0.000017,0.000000,1,0
0.000,660.0,4.000,40,82.4069,0.000200,0.000000,1,0
0.000,660.0,4.000,45,110.0000,-0.000010,0.000000,1,0
0.000,660.0,4.000,52,164.8138,0.000098,0.000000,1,0
0.000,660.0,4.000,57,220.0000,-0.000009,0.000000,1,0
0.000,660.0,4.000,64,329.6276,-0.000002,0.000000,1,0
0.000,660.0,4.000,69,440.0000,-0.000009,0.000000,1,0
0.000,660.0,4.000,76,659.2551,0.000013,0.000000,1,0
0.000,660.0,4.000,81,880.0000,-0.000009,0.000000,1,0
0.000,660.0,4.000,88,1318.5102,0.000046,0.000000,1,0
0.000,660.0,4.000,93,1760.0000,-0.000008,0.000000,1,0
0.000,660.0,4.000,96,2093.0045,0.000103,0.000000,1,0
0.000,2000.0,0.050,21,27.5000,-0.000536,0.000000,1,0
0.000,2000.0,0.050,33,55.0000,0.000017,0.000000,1,0
0.000,2000.0,0.050,40,82.4069,0.000200,0.000000,1,0
0.000,2000.0,0.050,45,110.0000,-0.000010,0.000000,1,0
0.000,2000.0,0.050,52,164.8138,0.000098,0.000000,1,0
0.000,2000.0,0.050,57,220.0000,-0.000009,0.000000,1,0
0.000,2000.0,0.050,64,329.6276,-0.000002,0.000000,1,0
0.000,2000.0,0.050,69,440.0000,-0.000009,0.000000,1,0
0.000,2000.0,0.050,76,659.2551,0.000013,0.000000,1,0
0.000,2000.0,0.050,81,880.0000,-0.000009,0.000000,1,0
0.000,2000.0,0.050,88,1318.5102,0.000046,0.000000,1,0
0.000,2000.0,0.050,93,1760.0000,-0.000008,0.000000,1,0
0.000,2000.0,0.050,96,2093.0045,0.000103,0.000000,1,0
0.000,2000.0,0.150,21,27.5000,-0.000536,0.000000,1,0
0.000,2000.0,0.150,33,55.0000,0.000017,0.000000,1,0
0.000,2000.0,0.150,40,82.4069,0.000200,0.000000,1,0
0.000,2000.0,0.150,45,110.0000,-0.000010,0.000000,1,0
0.000,2000.0,0.150,52,164.8138,0.000098,0.000000,1,0
0.000,2000.0,0.150,57,220.0000,-0.000009,0.000000,1,0
0.000,2000.0,0.150,64,329.6276,-0.000002,0.000000,1,0
0.000,2000.0,0.150,69,440.0000,-0.000009,0.000000,1,0
0.000,2000.0,0.150,76,659.2551,0.000013,0.000000,1,0
0.000,2000.0,0.150,81,880.0000,-0.000009,0.000000,1,0
0.000,2000.0,0.150,88,1318.5102,0.000046,0.000000,1,0
0.000,2000.0,0.150,93,1760.0000,-0.000008,0.000000,1,0
0.000,2000.0,0.150,96,2093.0045,0.000103,0.000000,1,0
0.000,2000.0,0.500,21,27.5000,-0.000536,0.000000,1,0
0.000,2000.0,0.500,33,55.0000,0.000017,0.000000,1,0
0.000,2000.0,0.500,40,82.4069,0.000200,0.000000,1,0
0.000,2000.0,0.500,45,110.0000,-0.000010,0.000000,1,0
0.000,2000.0,0.500,52,164.8138,0.000098,0.000000,1,0
0.000,2000.0,0.500,57,220.0000,-0.000009,0.000000,1,0
0.000,2000.0,0.500,64,329.6276,-0.000002,0.000000,1,0
0.000,2000.0,0.500,69,440.0000,-0.000009,0.000000,1,0
0.000,2000.0,0.500,76,659.2551,0.000013,0.000000,1,0
0.000,2000.0,0.500,81,880.0000,-0.000009,0.000000,1,0
0.000,2000.0,0.500,88,1318.5102,0.000046,0.000000,1,0
0.000,2000.0,0.500,93,1760.0000,-0.000008,0.000000,1,0
0.000,2000.0,0.500,96,2093.0045,0.000103,0.000000,1,0
0.000,2000.0,1.000,21,27.5000,-0.000536,0.000000,1,0
0.000,2000.0,1.000,33,55.0000,0.000017,0.000000,1,0
0.000,2000.0,1.000,40,82.4069,0.000200,0.000000,1,0
0.000,2000.0,1.000,45,110.0000,-0.000010,0.000000,1,0
0.000,2000.0,1.000,52,164.8138,0.000098,0.000000,1,0
0.000,2000.0,1.000,57,220.0000,-0.000009,0.000000,1,0
0.000,2000.0,1.000,64,329.6276,-0.000002,0.000000,1,0
0.000,2000.0,1.000,69,440.0000,-0.000009,0.000000,1,0
0.000,2000.0,1.000,76,659.2551,0.000013,0.000000,1,0
0.000,2000.0,1.000,81,880.0000,-0.000009,0.000000,1,0
0.000,2000.0,1.000,88,1318.5102,0.000046,0.000000,1,0
0.000,2000.0,1.000,93,1760.0000,-0.000008,0.000000,1,0
0.000,2000.0,1.000,96,2093.0045,0.000103,0.000000,1,0
0.000,2000.0,4.000,21,27.5000,-0.000536,0.000000,1,0
0.000,2000.0,4.000,33,55.0000,0.000017,0.000000,1,0
0.000,2000.0,4.000,40,82.4069,0.000200,0.000000,1,0
0.000,2000.0,4.000,45,110.0000,-0.000010,0.000000,1,0
0.000,2000.0,4.000,52,164.8138,0.000098,0.000000,1,0
0.000,2000.0,4.000,57,220.0000,-0.000009,0.000000,1,0
0.000,2000.0,4.000,64,329.6276,-0.000002,0.000000,1,0
0.000,2000.0,4.000,69,440.0000,-0.000009,0.000000,1,0
0.000,2000.0,4.000,76,659.2551,0.000013,0.000000,1,0
0.000,2000.0,4.000,81,880.0000,-0.000009,0.000000,1,0
0.000,2000.0,4.000,88,1318.5102,0.000046,0.000000,1,0
0.000,2000.0,4.000,93,1760.0000,-0.000008,0.000000,1,0
0.000,2000.0,4.000,96,2093.0045,0.000103,0.000000,1,0
0.200,20.0,0.050,21,27.5000,-0.000482,-1.675583,1,0
0.200,20.0,0.050,33,55.0000,0.000014,-0.232413,1,0
0.200,20.0,0.050,40,82.4069,0.000200,-0.095565,1,0
0.200,20.0,0.050,45,110.0000,-0.000010,-0.052217,1,0
0.200,20.0,0.050,52,164.8138,0.000098,-0.022832,1,0
0.200,20.0,0.050,57,220.0000,-0.000009,-0.012731,1,0
0.200,20.0,0.050,64,329.6276,-0.000002,-0.005645,1,0
0.200,20.0,0.050,69,440.0000,-0.000010,-0.003163,1,0
0.200,20.0,0.050,76,659.2551,0.000013,-0.001407,1,0
0.200,20.0,0.050,81,880.0000,-0.000009,-0.000789,1,0
0.200,20.0,0.050,88,1318.5102,0.000046,-0.000351,1,0
0.200,20.0,0.050,93,1760.0000,-0.000007,-0.000197,1,0
0.200,20.0,0.050,96,2093.0045,0.000103,-0.000139,1,0
0.200,20.0,0.150,21,27.5000,0.002318,-4.237541,1,1
0.200,20.0,0.150,33,55.0000,0.000016,-0.687595,1,1
0.200,20.0,0.150,40,82.4069,0.000201,-0.285179,1,1
0.200,20.0,0.150,45,110.0000,-0.000009,-0.156209,1,1
0.200,20.0,0.150,52,164.8138,0.000098,-0.068412,1,1
0.200,20.0,0.150,57,220.0000,-0.000009,-0.038168,1,1
0.200,20.0,0.150,64,329.6276,-0.000002,-0.016930,1,1
0.200,20.0,0.150,69,440.0000,-0.000009,-0.009488,1,1
0.200,20.0,0.150,76,659.2551,0.000013,-0.004221,1,1
0.200,20.0,0.150,81,880.0000,-0.000009,-0.002368,1,1
0.200,20.0,0.150,88,1318.5102,0.000046,-0.001054,1,1
0.200,20.0,0.150,93,1760.0000,-0.000007,-0.000591,1,1
0.200,20.0,0.150,96,2093.0045,0.000101,-0.000418,1,1
0.200,20.0,0.500,21,27.5000,0.016185,-5.070474,1,1
0.200,20.0,0.500,33,55.0000,0.000878,-1.980436,1,1
0.200,20.0,0.500,40,82.4069,0.000341,-0.896653,1,1
0.200,20.0,0.500,45,110.0000,0.000034,-0.504514,1,1
0.200,20.0,0.500,52,164.8138,0.000106,-0.224939,1,1
0.200,20.0,0.500,57,220.0000,-0.000007,-0.126261,1,1
0.200,20.0,0.500,64,329.6276,-0.000002,-0.056245,1,1
0.200,20.0,0.500,69,440.0000,-0.000009,-0.031566,1,1
0.200,20.0,0.500,76,659.2551,0.000014,-0.014060,1,1
0.200,20.0,0.500,81,880.0000,-0.000009,-0.007890,1,1
0.200,20.0,0.500,88,1318.5102,0.000046,-0.003513,1,1
0.200,20.0,0.500,93,1760.0000,-0.000007,-0.001971,1,1
0.200,20.0,0.500,96,2093.0045,0.000103,-0.001393,1,1
0.200,20.0,1.000,21,27.5000,0.008438,-3.257371,1,1
0.200,20.0,1.000,33,55.0000,0.004570,-2.735227,1,1
0.200,20.0,1.000,40,82.4069,0.001572,-1.510692,1,1
0.200,20.0,1.000,45,110.0000,0.000494,-0.915261,1,1
0.200,20.0,1.000,52,164.8138,0.000209,-0.430576,1,1
0.200,20.0,1.000,57,220.0000,0.000028,-0.246363,1,1
0.200,20.0,1.000,64,329.6276,0.000006,-0.111256,1,1
0.200,20.0,1.000,69,440.0000,-0.000007,-0.062742,1,1
0.200,20.0,1.000,76,659.2551,0.000014,-0.028042,1,1
0.200,20.0,1.000,81,880.0000,-0.000009,-0.015755,1,1
0.200,20.0,1.000,88,1318.5102,0.000046,-0.007022,1,1
0.200,20.0,1.000,93,1760.0000,-0.000008,-0.003940,1,1
0.200,20.0,1.000,96,2093.0045,0.000102,-0.002785,1,1
0.200,20.0,4.000,21,27.5000,0.000211,-0.893915,1,0
0.200,20.0,4.000,33,55.0000,0.003114,-1.522023,1,0
0.200,20.0,4.000,40,82.4069,0.005090,-1.455517,1,0
0.200,20.0,4.000,45,110.0000,0.005526,-1.280792,1,0
0.200,20.0,4.000,52,164.8138,0.004510,-0.926952,1,0
0.200,20.0,4.000,57,220.0000,0.002827,-0.662379,1,0
0.200,20.0,4.000,64,329.6276,0.001062,-0.364998,1,0
0.200,20.0,4.000,69,440.0000,0.000421,-0.223391,1,0
0.200,20.0,4.000,76,659.2551,0.000120,-0.106310,1,0
0.200,20.0,4.000,81,880.0000,0.000027,-0.061129,1,0
0.200,20.0,4.000,88,1318.5102,0.000053,-0.027705,1,0
0.200,20.0,4.000,93,1760.0000,-0.000005,-0.015640,1,0
0.200,20.0,4.000,96,2093.0045,0.000101,-0.011080,1,0
0.200,110.0,0.050,21,27.5000,-0.000529,0.296106,1,0
0.200,110.0,0.050,33,55.0000,0.000011,0.368756,1,0
0.200,110.0,0.050,40,82.4069,0.000100,0.615191,1,0
0.200,110.0,0.050,45,110.0000,0.000767,0.000000,1,0
0.200,110.0,0.050,52,164.8138,0.000116,-0.219955,1,0
0.200,110.0,0.050,57,220.0000,-0.000008,-0.092188,1,0
0.200,110.0,0.050,64,329.6276,-0.000002,-0.034763,1,0
0.200,110.0,0.050,69,440.0000,-0.000009,-0.018505,1,0
0.200,110.0,0.050,76,659.2551,0.000013,-0.007952,1,0
0.200,110.0,0.050,81,880.0000,-0.000009,-0.004408,1,0
0.200,110.0,0.050,88,1318.5102,0.000046,-0.001946,1,0
0.200,110.0,0.050,93,1760.0000,-0.000008,-0.001088,1,0
0.200,110.0,0.050,96,2093.0045,0.000101,-0.000768,1,0
0.200,110.0,0.150,21,27.5000,-0.000533,0.883295,1,1
0.200,110.0,0.150,33,55.0000,-0.000068,1.068446,1,1
0.200,110.0,0.150,40,82.4069,-0.004076,1.504616,1,1
0.200,110.0,0.150,45,110.0000,0.000621,-0.000000,1,1
0.200,110.0,0.150,52,164.8138,0.001167,-0.592220,1,1
0.200,110.0,0.150,57,220.0000,0.000075,-0.267108,1,1
0.200,110.0,0.150,64,329.6276,0.000005,-0.103126,1,1
0.200,110.0,0.150,69,440.0000,-0.000008,-0.055202,1,1
0.200,110.0,0.150,76,659.2551,0.000014,-0.023800,1,1
0.200,110.0,0.150,81,880.0000,-0.000009,-0.013206,1,1
0.200,110.0,0.150,88,1318.5102,0.000046,-0.005834,1,1
0.200,110.0,0.150,93,1760.0000,-0.000008,-0.003263,1,1
0.200,110.0,0.150,96,2093.0045,0.000102,-0.002304,1,1
0.200,110.0,0.500,21,27.5000,-0.000700,2.766435,1,1
0.200,110.0,0.500,33,55.0000,-0.003824,2.564287,1,1
0.200,110.0,0.500,40,82.4069,-0.017752,1.617188,1,1
0.200,110.0,0.500,45,110.0000,0.000240,-0.000000,1,1
0.200,110.0,0.500,52,164.8138,0.013171,-0.911381,1,1
0.200,110.0,0.500,57,220.0000,0.003817,-0.641068,1,1
0.200,110.0,0.500,64,329.6276,0.000592,-0.305094,1,1
0.200,110.0,0.500,69,440.0000,0.000156,-0.172892,1,1
0.200,110.0,0.500,76,659.2551,0.000044,-0.077267,1,1
0.200,110.0,0.500,81,880.0000,0.000001,-0.043383,1,1
0.200,110.0,0.500,88,1318.5102,0.000048,-0.019322,1,1
0.200,110.0,0.500,93,1760.0000,-0.000007,-0.010839,1,1
0.200,110.0,0.500,96,2093.0045,0.000102,-0.007661,1,1
0.200,110.0,1.000,21,27.5000,-0.002055,4.613926,1,1
0.200,110.0,1.000,33,55.0000,-0.008664,2.666951,1,1
0.200,110.0,1.000,40,82.4069,-0.008298,1.000227,1,1
0.200,110.0,1.000,45,110.0000,0.000149,-0.000000,1,1
0.200,110.0,1.000,52,164.8138,0.009998,-0.656941,1,1
0.200,110.0,1.000,57,220.0000,0.008619,-0.666741,1,1
0.200,110.0,1.000,64,329.6276,0.003672,-0.445151,1,1
0.200,110.0,1.000,69,440.0000,0.001512,-0.288359,1,1
0.200,110.0,1.000,76,659.2551,0.000392,-0.142320,1,1
0.200,110.0,1.000,81,880.0000,0.000119,-0.082826,1,1
0.200,110.0,1.000,88,1318.5102,0.000071,-0.037850,1,1
0.200,110.0,1.000,93,1760.0000,0.000001,-0.021427,1,1
0.200,110.0,1.000,96,2093.0045,0.000105,-0.015196,1,1
0.200,110.0,4.000,21,27.5000,-0.005336,4.270668,1,0
0.200,110.0,4.000,33,55.0000,-0.001886,1.006459,1,0
0.200,110.0,4.000,40,82.4069,-0.000509,0.270058,1,0
0.200,110.0,4.000,45,110.0000,0.000063,0.000000,1,0
0.200,110.0,4.000,52,164.8138,0.001074,-0.190532,1,0
0.200,110.0,4.000,57,220.0000,0.001821,-0.251619,1,0
0.200,110.0,4.000,64,329.6276,0.003363,-0.277829,1,0
0.200,110.0,4.000,69,440.0000,0.004977,-0.266928,1,0
0.200,110.0,4.000,76,659.2551,0.006166,-0.220599,1,0
0.200,110.0,4.000,81,880.0000,0.005927,-0.173606,1,0
0.200,110.0,4.000,88,1318.5102,0.002792,-0.107272,1,0
0.200,110.0,4.000,93,1760.0000,0.001153,-0.069566,1,0
0.200,110.0,4.000,96,2093.0045,0.000804,-0.052207,1,0
0.200,180.0,0.050,21,27.5000,-0.000538,0.173778,1,0
0.200,180.0,0.050,33,55.0000,0.000012,0.187033,1,0
0.200,180.0,0.050,40,82.4069,0.000198,0.214062,1,0
0.200,180.0,0.050,45,110.0000,-0.000016,0.268398,1,0
0.200,180.0,0.050,52,164.8138,-0.017526,0.795174,1,0
0.200,180.0,0.050,57,220.0000,0.000547,-0.323923,1,0
0.200,180.0,0.050,64,329.6276,0.000000,-0.071695,1,0
0.200,180.0,0.050,69,440.0000,-0.000009,-0.034037,1,0
0.200,180.0,0.050,76,659.2551,0.000013,-0.013661,1,0
0.200,180.0,0.050,81,880.0000,-0.000009,-0.007407,1,0
0.200,180.0,0.050,88,1318.5102,0.000046,-0.003221,1,0
0.200,180.0,0.050,93,1760.0000,-0.000007,-0.001792,1,0
0.200,180.0,0.050,96,2093.0045,0.000102,-0.001263,1,0
0.200,180.0,0.150,21,27.5000,-0.000536,0.520315,1,1
0.200,180.0,0.150,33,55.0000,0.000009,0.556051,1,1
0.200,180.0,0.150,40,82.4069,0.000153,0.625454,1,1
0.200,180.0,0.150,45,110.0000,-0.000452,0.748746,1,1
0.200,180.0,0.150,52,164.8138,-0.058676,0.810400,1,1
0.200,180.0,0.150,57,220.0000,0.014354,-0.664808,1,1
0.200,180.0,0.150,64,329.6276,0.000164,-0.205205,1,1
0.200,180.0,0.150,69,440.0000,0.000013,-0.100180,1,1
0.200,180.0,0.150,76,659.2551,0.000016,-0.040700,1,1
0.200,180.0,0.150,81,880.0000,-0.000008,-0.022142,1,1
0.200,180.0,0.150,88,1318.5102,0.000046,-0.009649,1,1
0.200,180.0,0.150,93,1760.0000,-0.000008,-0.005372,1,1
0.200,180.0,0.150,96,2093.0045,0.000102,-0.003786,1,1
0.200,180.0,0.500,21,27.5000,-0.000556,1.696686,1,1
0.200,180.0,0.500,33,55.0000,-0.000382,1.681466,1,1
0.200,180.0,0.500,40,82.4069,-0.002354,1.608255,1,1
0.200,180.0,0.500,45,110.0000,-0.009432,1.388578,1,1
0.200,180.0,0.500,52,164.8138,-0.011568,0.317410,1,1
0.200,180.0,0.500,57,220.0000,0.018514,-0.482492,1,1
0.200,180.0,0.500,64,329.6276,0.005767,-0.449299,1,1
0.200,180.0,0.500,69,440.0000,0.001491,-0.274852,1,1
0.200,180.0,0.500,76,659.2551,0.000260,-0.125784,1,1
0.200,180.0,0.500,81,880.0000,0.000062,-0.070880,1,1
0.200,180.0,0.500,88,1318.5102,0.000058,-0.031609,1,1
0.200,180.0,0.500,93,1760.0000,-0.000003,-0.017736,1,1
0.200,180.0,0.500,96,2093.0045,0.000104,-0.012536,1,1
0.200,180.0,1.000,21,27.5000,-0.000803,3.166474,1,1
0.200,180.0,1.000,33,55.0000,-0.002833,2.575023,1,1
0.200,180.0,1.000,40,82.4069,-0.007409,1.834254,1,1
0.200,180.0,1.000,45,110.0000,-0.010107,1.127791,1,1
0.200,180.0,1.000,52,164.8138,-0.002993,0.162386,1,1
0.200,180.0,1.000,57,220.0000,0.006394,-0.269632,1,1
0.200,180.0,1.000,64,329.6276,0.009426,-0.421642,1,1
0.200,180.0,1.000,69,440.0000,0.006010,-0.347199,1,1
0.200,180.0,1.000,76,659.2551,0.002058,-0.202854,1,1
0.200,180.0,1.000,81,880.0000,0.000768,-0.125374,1,1
0.200,180.0,1.000,88,1318.5102,0.000212,-0.059815,1,1
0.200,180.0,1.000,93,1760.0000,0.000055,-0.034383,1,1
0.200,180.0,1.000,96,2093.0045,0.000130,-0.024525,1,1
0.200,180.0,4.000,21,27.5000,-0.005877,5.419251,1,0
0.200,180.0,4.000,33,55.0000,-0.003984,1.811639,1,0
0.200,180.0,4.000,40,82.4069,-0.002038,0.764718,1,0
0.200,180.0,4.000,45,110.0000,-0.001145,0.350302,1,0
0.200,180.0,4.000,52,164.8138,-0.000090,0.040893,1,0
0.200,180.0,4.000,57,220.0000,0.000429,-0.069981,1,0
0.200,180.0,4.000,64,329.6276,0.001410,-0.145202,1,0
0.200,180.0,4.000,69,440.0000,0.002571,-0.165977,1,0
0.200,180.0,4.000,76,659.2551,0.004774,-0.166529,1,0
0.200,180.0,4.000,81,880.0000,0.004214,-0.151443,1,0
0.200,180.0,4.000,88,1318.5102,0.072463,-0.115231,1,0
0.200,180.0,4.000,93,1760.0000,0.018964,-0.085248,1,0
0.200,180.0,4.000,96,2093.0045,-0.059649,-0.068319,1,0
0.200,330.0,0.050,21,27.5000,-0.000535,0.093237,1,0
0.200,330.0,0.050,33,55.0000,0.000016,0.095213,1,0
0.200,330.0,0.050,40,82.4069,0.000200,0.098684,1,0
0.200,330.0,0.050,45,110.0000,-0.000010,0.104023,1,0
0.200,330.0,0.050,52,164.8138,0.000096,0.122823,1,0
0.200,330.0,0.050,57,220.0000,-0.000028,0.164303,1,0
0.200,330.0,0.050,64,329.6276,-0.016920,0.020930,1,0
0.200,330.0,0.050,69,440.0000,0.000092,-0.115645,1,0
0.200,330.0,0.050,76,659.2551,0.000015,-0.030816,1,0
0.200,330.0,0.050,81,880.0000,-0.000009,-0.015119,1,0
0.200,330.0,0.050,88,1318.5102,0.000046,-0.006180,1,0
0.200,330.0,0.050,93,1760.0000,-0.000008,-0.003369,1,0
0.200,330.0,0.050,96,2093.0045,0.000102,-0.002356,1,0
0.200,330.0,0.150,21,27.5000,-0.000535,0.279552,1,1
0.200,330.0,0.150,33,55.0000,0.000015,0.284970,1,1
0.200,330.0,0.150,40,82.4069,0.000198,0.294382,1,1
0.200,330.0,0.150,45,110.0000,-0.000016,0.308603,1,1
0.200,330.0,0.150,52,164.8138,0.000014,0.355918,1,1
0.200,330.0,0.150,57,220.0000,-0.001074,0.442646,1,1
0.200,330.0,0.150,64,329.6276,-0.002881,0.006980,1,1
0.200,330.0,0.150,69,440.0000,0.004305,-0.282443,1,1
0.200,330.0,0.150,76,659.2551,0.000100,-0.089277,1,1
0.200,330.0,0.150,81,880.0000,0.000005,-0.044678,1,1
0.200,330.0,0.150,88,1318.5102,0.000048,-0.018434,1,1
0.200,330.0,0.150,93,1760.0000,-0.000007,-0.010076,1,1
0.200,330.0,0.150,96,2093.0045,0.000103,-0.007054,1,1
0.200,330.0,0.500,21,27.5000,-0.000537,0.925911,1,1
0.200,330.0,0.500,33,55.0000,-0.000016,0.925222,1,1
0.200,330.0,0.500,40,82.4069,0.000035,0.922133,1,1
0.200,330.0,0.500,45,110.0000,-0.000596,0.913276,1,1
0.200,330.0,0.500,52,164.8138,-0.003741,0.855094,1,1
0.200,330.0,0.500,57,220.0000,-0.013110,0.683134,1,1
0.200,330.0,0.500,64,329.6276,0.000943,0.002094,1,1
0.200,330.0,0.500,69,440.0000,0.018099,-0.302298,1,1
0.200,330.0,0.500,76,659.2551,0.003905,-0.214071,1,1
0.200,330.0,0.500,81,880.0000,0.001003,-0.127261,1,1
0.200,330.0,0.500,88,1318.5102,0.000203,-0.057730,1,1
0.200,330.0,0.500,93,1760.0000,0.000043,-0.032478,1,1
0.200,330.0,0.500,96,2093.0045,0.000122,-0.022970,1,1
0.200,330.0,1.000,21,27.5000,-0.000562,1.813776,1,1
0.200,330.0,1.000,33,55.0000,-0.000355,1.704472,1,1
0.200,330.0,1.000,40,82.4069,-0.001324,1.538583,1,1
0.200,330.0,1.000,45,110.0000,-0.003661,1.333420,1,1
0.200,330.0,1.000,52,164.8138,-0.008627,0.890466,1,1
0.200,330.0,1.000,57,220.0000,-0.009832,0.493185,1,1
0.200,330.0,1.000,64,329.6276,0.000264,0.001047,1,1
0.200,330.0,1.000,69,440.0000,0.008898,-0.186712,1,1
0.200,330.0,1.000,76,659.2551,0.009236,-0.222391,1,1
0.200,330.0,1.000,81,880.0000,0.005525,-0.172022,1,1
0.200,330.0,1.000,88,1318.5102,0.001567,-0.096266,1,1
0.200,330.0,1.000,93,1760.0000,0.000565,-0.058576,1,1
0.200,330.0,1.000,96,2093.0045,0.000387,-0.042687,1,1
0.200,330.0,4.000,21,27.5000,-0.002905,5.142168,1,0
0.200,330.0,4.000,33,55.0000,-0.005511,2.645068,1,0
0.200,330.0,4.000,40,82.4069,-0.004694,1.426364,1,0
0.200,330.0,4.000,45,110.0000,-0.003526,0.833487,1,0
0.200,330.0,4.000,52,164.8138,-0.001788,0.336468,1,0
0.200,330.0,4.000,57,220.0000,-0.000958,0.143155,1,0
0.200,330.0,4.000,64,329.6276,-0.000107,0.000262,1,0
0.200,330.0,4.000,69,440.0000,0.000268,-0.050383,1,0
0.200,330.0,4.000,76,659.2551,-0.000609,-0.083834,1,0
0.200,330.0,4.000,81,880.0000,0.018070,-0.091961,1,0
0.200,330.0,4.000,88,1318.5102,0.459093,-0.089037,1,0
0.200,330.0,4.000,93,1760.0000,-2.807185,-0.079037,1,0
0.200,330.0,4.000,96,2093.0045,-2.693014,-0.070678,1,0
0.200,660.0,0.050,21,27.5000,-0.000536,0.046372,1,0
0.200,660.0,0.050,33,55.0000,0.000017,0.046613,1,0
0.200,660.0,0.050,40,82.4069,0.000200,0.047018,1,0
0.200,660.0,0.050,45,110.0000,-0.000010,0.047601,1,0
0.200,660.0,0.050,52,164.8138,0.000098,0.049336,1,0
0.200,660.0,0.050,57,220.0000,-0.000010,0.052005,1,0
0.200,660.0,0.050,64,329.6276,-0.000003,0.061403,1,0
0.200,660.0,0.050,69,440.0000,-0.000028,0.082138,1,0
0.200,660.0,0.050,76,659.2551,0.227290,0.010467,1,0
0.200,660.0,0.050,81,880.0000,0.000092,-0.057805,1,0
0.200,660.0,0.050,88,1318.5102,0.000047,-0.015399,1,0
0.200,660.0,0.050,93,1760.0000,-0.000007,-0.007552,1,0
0.200,660.0,0.050,96,2093.0045,0.000102,-0.005097,1,0
0.200,660.0,0.150,21,27.5000,-0.000536,0.139097,1,0
0.200,660.0,0.150,33,55.0000,0.000016,0.139760,1,0
0.200,660.0,0.150,40,82.4069,0.000200,0.140872,1,0
0.200,660.0,0.150,45,110.0000,-0.000010,0.142468,1,0
0.200,660.0,0.150,52,164.8138,0.000096,0.147173,1,0
0.200,660.0,0.150,57,220.0000,-0.000017,0.154282,1,0
0.200,660.0,0.150,64,329.6276,-0.000085,0.177935,1,0
0.200,660.0,0.150,69,440.0000,-0.001072,0.221294,1,0
0.200,660.0,0.150,76,659.2551,0.261253,0.003491,1,0
0.200,660.0,0.150,81,880.0000,0.004319,-0.141195,1,0
0.200,660.0,0.150,88,1318.5102,0.000127,-0.044615,1,0
0.200,660.0,0.150,93,1760.0000,0.000006,-0.022319,1,0
0.200,660.0,0.150,96,2093.0045,0.000107,-0.015144,1,0
0.200,660.0,0.500,21,27.5000,-0.000536,0.462923,1,0
0.200,660.0,0.500,33,55.0000,0.000014,0.462902,1,0
0.200,660.0,0.500,40,82.4069,0.000191,0.462811,1,0
0.200,660.0,0.500,45,110.0000,-0.000039,0.462559,1,0
0.200,660.0,0.500,52,164.8138,-0.000067,0.461017,1,0
0.200,660.0,0.500,57,220.0000,-0.000596,0.456593,1,0
0.200,660.0,0.500,64,329.6276,-0.003796,0.427523,1,0
0.200,660.0,0.500,69,440.0000,-0.013138,0.341578,1,0
0.200,660.0,0.500,76,659.2551,0.000669,0.001047,1,0
0.200,660.0,0.500,81,880.0000,0.038712,-0.151173,1,0
0.200,660.0,0.500,88,1318.5102,0.004993,-0.107012,1,0
0.200,660.0,0.500,93,1760.0000,0.001013,-0.063590,1,0
0.200,660.0,0.500,96,2093.0045,0.000552,-0.045478,1,0
0.200,660.0,1.000,21,27.5000,-0.000538,0.921042,1,0
0.200,660.0,1.000,33,55.0000,-0.000012,0.906787,1,0
0.200,660.0,1.000,40,82.4069,0.000073,0.883662,1,0
0.200,660.0,1.000,45,110.0000,-0.000378,0.852155,1,0
0.200,660.0,1.000,52,164.8138,-0.001427,0.769238,1,0
0.200,660.0,1.000,57,220.0000,-0.003655,0.666686,1,0
0.200,660.0,1.000,64,329.6276,-0.008632,0.445251,1,0
0.200,660.0,1.000,69,440.0000,-0.010036,0.246622,1,0
0.200,660.0,1.000,76,659.2551,-0.000315,0.000524,1,0
0.200,660.0,1.000,81,880.0000,0.128663,-0.093382,1,0
0.200,660.0,1.000,88,1318.5102,0.090490,-0.111214,1,0
0.200,660.0,1.000,93,1760.0000,0.006160,-0.086000,1,0
0.200,660.0,1.000,96,2093.0045,-0.029369,-0.068560,1,0
0.200,660.0,4.000,21,27.5000,-0.000856,3.337786,1,0
0.200,660.0,4.000,33,55.0000,-0.002361,2.570970,1,0
0.200,660.0,4.000,40,82.4069,-0.004439,1.853917,1,0
0.200,660.0,4.000,45,110.0000,-0.005514,1.322582,1,0
0.200,660.0,4.000,52,164.8138,-0.004806,0.713239,1,0
0.200,660.0,4.000,57,220.0000,-0.003543,0.416787,1,0
0.200,660.0,4.000,64,329.6276,-0.001913,0.168257,1,0
0.200,660.0,4.000,69,440.0000,-0.001395,0.071589,1,0
0.200,660.0,4.000,76,659.2551,-0.005987,0.000131,1,0
0.200,660.0,4.000,81,880.0000,-0.180726,-0.025199,1,0
0.200,660.0,4.000,88,1318.5102,-0.198218,-0.041940,1,0
0.200,660.0,4.000,93,1760.0000,-1.792168,-0.046017,1,0
0.200,660.0,4.000,96,2093.0045,-1.665538,-0.046293,1,0
0.200,2000.0,0.050,21,27.5000,-0.000536,0.015260,1,0
0.200,2000.0,0.050,33,55.0000,0.000017,0.015268,1,0
0.200,2000.0,0.050,40,82.4069,0.000200,0.015283,1,0
0.200,2000.0,0.050,45,110.0000,-0.000009,0.015303,1,0
0.200,2000.0,0.050,52,164.8138,0.000098,0.015360,1,0
0.200,2000.0,0.050,57,220.0000,-0.000009,0.015442,1,0
0.200,2000.0,0.050,64,329.6276,-0.000002,0.015678,1,0
0.200,2000.0,0.050,69,440.0000,-0.000009,0.016023,1,0
0.200,2000.0,0.050,76,659.2551,0.000013,0.017091,1,0
0.200,2000.0,0.050,81,880.0000,-0.000010,0.018859,1,0
0.200,2000.0,0.050,88,1318.5102,0.000029,0.026608,1,0
0.200,2000.0,0.050,93,1760.0000,-0.004094,0.058672,1,0
0.200,2000.0,0.050,96,2093.0045,-0.552149,-0.072693,1,0
0.200,2000.0,0.150,21,27.5000,-0.000536,0.045779,1,0
0.200,2000.0,0.150,33,55.0000,0.000017,0.045803,1,0
0.200,2000.0,0.150,40,82.4069,0.000200,0.045842,1,0
0.200,2000.0,0.150,45,110.0000,-0.000009,0.045897,1,0
0.200,2000.0,0.150,52,164.8138,0.000098,0.046055,1,0
0.200,2000.0,0.150,57,220.0000,-0.000010,0.046279,1,0
0.200,2000.0,0.150,64,329.6276,-0.000003,0.046926,1,0
0.200,2000.0,0.150,69,440.0000,-0.000010,0.047866,1,0
0.200,2000.0,0.150,76,659.2551,0.000007,0.050720,1,0
0.200,2000.0,0.150,81,880.0000,-0.000043,0.055268,1,0
0.200,2000.0,0.150,88,1318.5102,-0.000908,0.072117,1,0
0.200,2000.0,0.150,93,1760.0000,0.485544,0.085786,1,0
0.200,2000.0,0.150,96,2093.0045,-1.911276,-0.040636,1,0
0.200,2000.0,0.500,21,27.5000,-0.000536,0.152571,1,0
0.200,2000.0,0.500,33,55.0000,0.000016,0.152571,1,0
0.200,2000.0,0.500,40,82.4069,0.000200,0.152570,1,0
0.200,2000.0,0.500,45,110.0000,-0.000010,0.152570,1,0
0.200,2000.0,0.500,52,164.8138,0.000096,0.152565,1,0
0.200,2000.0,0.500,57,220.0000,-0.000015,0.152551,1,0
0.200,2000.0,0.500,64,329.6276,-0.000030,0.152461,1,0
0.200,2000.0,0.500,69,440.0000,-0.000104,0.152208,1,0
0.200,2000.0,0.500,76,659.2551,-0.000529,0.150610,1,0
0.200,2000.0,0.500,81,880.0000,-0.002094,0.145868,1,0
0.200,2000.0,0.500,88,1318.5102,0.000942,0.114564,1,0
0.200,2000.0,0.500,93,1760.0000,2.798615,0.041862,1,0
0.200,2000.0,0.500,96,2093.0045,-3.505579,-0.013208,1,0
0.200,2000.0,1.000,21,27.5000,-0.000536,0.304969,1,0
0.200,2000.0,1.000,33,55.0000,0.000016,0.304452,1,0
0.200,2000.0,1.000,40,82.4069,0.000198,0.303596,1,0
0.200,2000.0,1.000,45,110.0000,-0.000014,0.302395,1,0
0.200,2000.0,1.000,52,164.8138,0.000072,0.299014,1,0
0.200,2000.0,1.000,57,220.0000,-0.000086,0.294319,1,0
0.200,2000.0,1.000,64,329.6276,-0.000350,0.281433,1,0
0.200,2000.0,1.000,69,440.0000,-0.000992,0.264301,1,0
0.200,2000.0,1.000,76,659.2551,-0.003474,0.221501,1,0
0.200,2000.0,1.000,81,880.0000,-0.006872,0.172993,1,0
0.200,2000.0,1.000,88,1318.5102,0.473813,0.084069,1,0
0.200,2000.0,1.000,93,1760.0000,0.761057,0.021952,1,0
0.200,2000.0,1.000,96,2093.0045,-0.010702,-0.006645,1,0
0.200,2000.0,4.000,21,27.5000,-0.000541,1.206235,1,0
0.200,2000.0,4.000,33,55.0000,-0.000058,1.165167,1,0
0.200,2000.0,4.000,40,82.4069,-0.000109,1.102752,1,0
0.200,2000.0,4.000,45,110.0000,-0.000794,1.025155,1,0
0.200,2000.0,4.000,52,164.8138,-0.002228,0.853809,1,0
0.200,2000.0,4.000,57,220.0000,-0.003935,0.689767,1,0
0.200,2000.0,4.000,64,329.6276,-0.005465,0.443097,1,0
0.200,2000.0,4.000,69,440.0000,-0.005388,0.290813,1,0
0.200,2000.0,4.000,76,659.2551,-0.004196,0.140798,1,0
0.200,2000.0,4.000,81,880.0000,0.190542,0.075707,1,0
0.200,2000.0,4.000,88,1318.5102,0.614848,0.024614,1,0
0.200,2000.0,4.000,93,1760.0000,-0.949185,0.005573,1,0
0.200,2000.0,4.000,96,2093.0045,-0.017700,-0.001665,1,0
0.350,20.0,0.050,21,27.5000,-0.000366,-2.932266,1,0
0.350,20.0,0.050,33,55.0000,0.000011,-0.406722,1,0
0.350,20.0,0.050,40,82.4069,0.000200,-0.167239,1,0
0.350,20.0,0.050,45,110.0000,-0.000009,-0.091379,1,0
0.350,20.0,0.050,52,164.8138,0.000098,-0.039955,1,0
0.350,20.0,0.050,57,220.0000,-0.000009,-0.022279,1,0
0.350,20.0,0.050,64,329.6276,-0.000002,-0.009879,1,0
0.350,20.0,0.050,69,440.0000,-0.000009,-0.005535,1,0
0.350,20.0,0.050,76,659.2551,0.000013,-0.002463,1,0
0.350,20.0,0.050,81,880.0000,-0.000009,-0.001381,1,0
0.350,20.0,0.050,88,1318.5102,0.000046,-0.000615,1,0
0.350,20.0,0.050,93,1760.0000,-0.000008,-0.000345,1,0
0.350,20.0,0.050,96,2093.0045,0.000103,-0.000244,1,0
0.350,20.0,0.150,21,27.5000,0.008258,-7.415670,1,1
0.350,20.0,0.150,33,55.0000,0.000041,-1.203290,1,1
0.350,20.0,0.150,40,82.4069,0.000204,-0.499064,1,1
0.350,20.0,0.150,45,110.0000,-0.000007,-0.273365,1,1
0.350,20.0,0.150,52,164.8138,0.000098,-0.119721,1,1
0.350,20.0,0.150,57,220.0000,-0.000009,-0.066793,1,1
0.350,20.0,0.150,64,329.6276,-0.000002,-0.029628,1,1
0.350,20.0,0.150,69,440.0000,-0.000009,-0.016603,1,1
0.350,20.0,0.150,76,659.2551,0.000013,-0.007388,1,1
0.350,20.0,0.150,81,880.0000,-0.000009,-0.004144,1,1
0.350,20.0,0.150,88,1318.5102,0.000046,-0.001845,1,1
0.350,20.0,0.150,93,1760.0000,-0.000008,-0.001035,1,1
0.350,20.0,0.150,96,2093.0045,0.000103,-0.000731,1,1
0.350,20.0,0.500,21,27.5000,0.050924,-8.874111,1,1
0.350,20.0,0.500,33,55.0000,0.002650,-3.465749,1,1
0.350,20.0,0.500,40,82.4069,0.000641,-1.569138,1,1
0.350,20.0,0.500,45,110.0000,0.000120,-0.882898,1,1
0.350,20.0,0.500,52,164.8138,0.000122,-0.393643,1,1
0.350,20.0,0.500,57,220.0000,-0.000002,-0.220956,1,1
0.350,20.0,0.500,64,329.6276,-0.000001,-0.098428,1,1
0.350,20.0,0.500,69,440.0000,-0.000009,-0.055240,1,1
0.350,20.0,0.500,76,659.2551,0.000014,-0.024605,1,1
0.350,20.0,0.500,81,880.0000,-0.000009,-0.013807,1,1
0.350,20.0,0.500,88,1318.5102,0.000046,-0.006148,1,1
0.350,20.0,0.500,93,1760.0000,-0.000008,-0.003449,1,1
0.350,20.0,0.500,96,2093.0045,0.000102,-0.002438,1,1
0.350,20.0,1.000,21,27.5000,0.026909,-5.701329,1,1
0.350,20.0,1.000,33,55.0000,0.013907,-4.786735,1,1
0.350,20.0,1.000,40,82.4069,0.004372,-2.643705,1,1
0.350,20.0,1.000,45,110.0000,0.001527,-1.601699,1,1
0.350,20.0,1.000,52,164.8138,0.000437,-0.753506,1,1
0.350,20.0,1.000,57,220.0000,0.000103,-0.431134,1,1
0.350,20.0,1.000,64,329.6276,0.000021,-0.194698,1,1
0.350,20.0,1.000,69,440.0000,-0.000002,-0.109798,1,1
0.350,20.0,1.000,76,659.2551,0.000015,-0.049073,1,1
0.350,20.0,1.000,81,880.0000,-0.000009,-0.027572,1,1
0.350,20.0,1.000,88,1318.5102,0.000046,-0.012288,1,1
0.350,20.0,1.000,93,1760.0000,-0.000007,-0.006895,1,1
0.350,20.0,1.000,96,2093.0045,0.000103,-0.004874,1,1
0.350,20.0,4.000,21,27.5000,0.001783,-1.564669,1,0
0.350,20.0,4.000,33,55.0000,0.009358,-2.663990,1,0
0.350,20.0,4.000,40,82.4069,0.015362,-2.547472,1,0
0.350,20.0,4.000,45,110.0000,0.016755,-2.241575,1,0
0.350,20.0,4.000,52,164.8138,0.013630,-1.622219,1,0
0.350,20.0,4.000,57,220.0000,0.008652,-1.159174,1,0
0.350,20.0,4.000,64,329.6276,0.003232,-0.638745,1,0
0.350,20.0,4.000,69,440.0000,0.001300,-0.390932,1,0
0.350,20.0,4.000,76,659.2551,0.000337,-0.186042,1,0
0.350,20.0,4.000,81,880.0000,0.000101,-0.106976,1,0
0.350,20.0,4.000,88,1318.5102,0.000067,-0.048484,1,0
0.350,20.0,4.000,93,1760.0000,0.000000,-0.027369,1,0
0.350,20.0,4.000,96,2093.0045,0.000106,-0.019390,1,0
0.350,110.0,0.050,21,27.5000,-0.000527,0.518185,1,0
0.350,110.0,0.050,33,55.0000,0.000010,0.645323,1,0
0.350,110.0,0.050,40,82.4069,-0.000101,1.076583,1,0
0.350,110.0,0.050,45,110.0000,0.014162,0.000000,1,0
0.350,110.0,0.050,52,164.8138,0.000155,-0.384921,1,0
0.350,110.0,0.050,57,220.0000,-0.000006,-0.161328,1,0
0.350,110.0,0.050,64,329.6276,-0.000002,-0.060834,1,0
0.350,110.0,0.050,69,440.0000,-0.000009,-0.032384,1,0
0.350,110.0,0.050,76,659.2551,0.000014,-0.013916,1,0
0.350,110.0,0.050,81,880.0000,-0.000009,-0.007713,1,0
0.350,110.0,0.050,88,1318.5102,0.000046,-0.003405,1,0
0.350,110.0,0.050,93,1760.0000,-0.000007,-0.001904,1,0
0.350,110.0,0.050,96,2093.0045,0.000103,-0.001344,1,0
0.350,110.0,0.150,21,27.5000,-0.000536,1.545766,1,1
0.350,110.0,0.150,33,55.0000,-0.000240,1.869777,1,1
0.350,110.0,0.150,40,82.4069,-0.012855,2.633071,1,1
0.350,110.0,0.150,45,110.0000,0.010617,-0.000000,1,1
0.350,110.0,0.150,52,164.8138,0.003350,-1.036381,1,1
0.350,110.0,0.150,57,220.0000,0.000246,-0.467437,1,1
0.350,110.0,0.150,64,329.6276,0.000019,-0.180470,1,1
0.350,110.0,0.150,69,440.0000,-0.000004,-0.096604,1,1
0.350,110.0,0.150,76,659.2551,0.000014,-0.041650,1,1
0.350,110.0,0.150,81,880.0000,-0.000009,-0.023110,1,1
0.350,110.0,0.150,88,1318.5102,0.000046,-0.010209,1,1
0.350,110.0,0.150,93,1760.0000,-0.000007,-0.005711,1,1
0.350,110.0,0.150,96,2093.0045,0.000103,-0.004032,1,1
0.350,110.0,0.500,21,27.5000,-0.001038,4.841245,1,1
0.350,110.0,0.500,33,55.0000,-0.011745,4.487525,1,1
0.350,110.0,0.500,40,82.4069,-0.055222,2.830365,1,1
0.350,110.0,0.500,45,110.0000,0.004001,-0.000000,1,1
0.350,110.0,0.500,52,164.8138,0.040210,-1.595006,1,1
0.350,110.0,0.500,57,220.0000,0.011662,-1.121874,1,1
0.350,110.0,0.500,64,329.6276,0.001805,-0.533911,1,1
0.350,110.0,0.500,69,440.0000,0.000493,-0.302560,1,1
0.350,110.0,0.500,76,659.2551,0.000107,-0.135217,1,1
0.350,110.0,0.500,81,880.0000,0.000020,-0.075921,1,1
0.350,110.0,0.500,88,1318.5102,0.000051,-0.033814,1,1
0.350,110.0,0.500,93,1760.0000,-0.000006,-0.018969,1,1
0.350,110.0,0.500,96,2093.0045,0.000102,-0.013407,1,1
0.350,110.0,1.000,21,27.5000,-0.005190,8.074356,1,1
0.350,110.0,1.000,33,55.0000,-0.026683,4.667484,1,1
0.350,110.0,1.000,40,82.4069,-0.025833,1.750694,1,1
0.350,110.0,1.000,45,110.0000,0.001827,0.000000,1,1
0.350,110.0,1.000,52,164.8138,0.032553,-1.149810,1,1
0.350,110.0,1.000,57,220.0000,0.026564,-1.166876,1,1
0.350,110.0,1.000,64,329.6276,0.011190,-0.779023,1,1
0.350,110.0,1.000,69,440.0000,0.004606,-0.504628,1,1
0.350,110.0,1.000,76,659.2551,0.001161,-0.249060,1,1
0.350,110.0,1.000,81,880.0000,0.000380,-0.144944,1,1
0.350,110.0,1.000,88,1318.5102,0.000122,-0.066237,1,1
0.350,110.0,1.000,93,1760.0000,0.000020,-0.037498,1,1
0.350,110.0,1.000,96,2093.0045,0.000114,-0.026594,1,1
0.350,110.0,4.000,21,27.5000,-0.015246,7.474629,1,0
0.350,110.0,4.000,33,55.0000,-0.005855,1.761639,1,0
0.350,110.0,4.000,40,82.4069,-0.001664,0.472698,1,0
0.350,110.0,4.000,45,110.0000,0.000643,0.000000,1,0
0.350,110.0,4.000,52,164.8138,0.004206,-0.333499,1,0
0.350,110.0,4.000,57,220.0000,0.005024,-0.440416,1,0
0.350,110.0,4.000,64,329.6276,0.006148,-0.486279,1,0
0.350,110.0,4.000,69,440.0000,0.014829,-0.467185,1,0
0.350,110.0,4.000,76,659.2551,0.001550,-0.386076,1,0
0.350,110.0,4.000,81,880.0000,-0.085433,-0.303821,1,0
0.350,110.0,4.000,88,1318.5102,0.103897,-0.187727,1,0
0.350,110.0,4.000,93,1760.0000,0.005123,-0.121740,1,0
0.350,110.0,4.000,96,2093.0045,0.001870,-0.091363,1,0
0.350,180.0,0.050,21,27.5000,-0.000539,0.304111,1,0
0.350,180.0,0.050,33,55.0000,0.000012,0.327307,1,0
0.350,180.0,0.050,40,82.4069,0.000196,0.374608,1,0
0.350,180.0,0.050,45,110.0000,-0.000029,0.469696,1,0
0.350,180.0,0.050,52,164.8138,-0.053276,1.391553,1,0
0.350,180.0,0.050,57,220.0000,0.001676,-0.566864,1,0
0.350,180.0,0.050,64,329.6276,0.000005,-0.125465,1,0
0.350,180.0,0.050,69,440.0000,-0.000009,-0.059564,1,0
0.350,180.0,0.050,76,659.2551,0.000013,-0.023907,1,0
0.350,180.0,0.050,81,880.0000,-0.000009,-0.012963,1,0
0.350,180.0,0.050,88,1318.5102,0.000046,-0.005637,1,0
0.350,180.0,0.050,93,1760.0000,-0.000008,-0.003136,1,0
0.350,180.0,0.050,96,2093.0045,0.000103,-0.002210,1,0
0.350,180.0,0.150,21,27.5000,-0.000536,0.910552,1,1
0.350,180.0,0.150,33,55.0000,-0.000001,0.973089,1,1
0.350,180.0,0.150,40,82.4069,0.000060,1.094543,1,1
0.350,180.0,0.150,45,110.0000,-0.001360,1.310300,1,1
0.350,180.0,0.150,52,164.8138,-0.185770,1.418343,1,1
0.350,180.0,0.150,57,220.0000,0.043770,-1.163426,1,1
0.350,180.0,0.150,64,329.6276,0.000504,-0.359108,1,1
0.350,180.0,0.150,69,440.0000,0.000058,-0.175315,1,1
0.350,180.0,0.150,76,659.2551,0.000021,-0.071225,1,1
0.350,180.0,0.150,81,880.0000,-0.000007,-0.038748,1,1
0.350,180.0,0.150,88,1318.5102,0.000046,-0.016886,1,1
0.350,180.0,0.150,93,1760.0000,-0.000008,-0.009401,1,1
0.350,180.0,0.150,96,2093.0045,0.000102,-0.006626,1,1
0.350,180.0,0.500,21,27.5000,-0.000599,2.969196,1,1
0.350,180.0,0.500,33,55.0000,-0.001197,2.942553,1,1
0.350,180.0,0.500,40,82.4069,-0.007617,2.814446,1,1
0.350,180.0,0.500,45,110.0000,-0.028957,2.430088,1,1
0.350,180.0,0.500,52,164.8138,-0.040370,0.555575,1,1
0.350,180.0,0.500,57,220.0000,0.053014,-0.844483,1,1
0.350,180.0,0.500,64,329.6276,0.017602,-0.786284,1,1
0.350,180.0,0.500,69,440.0000,0.004550,-0.480989,1,1
0.350,180.0,0.500,76,659.2551,0.000763,-0.220121,1,1
0.350,180.0,0.500,81,880.0000,0.000208,-0.124039,1,1
0.350,180.0,0.500,88,1318.5102,0.000084,-0.055315,1,1
0.350,180.0,0.500,93,1760.0000,0.000005,-0.031037,1,1
0.350,180.0,0.500,96,2093.0045,0.000107,-0.021938,1,1
0.350,180.0,1.000,21,27.5000,-0.001353,5.541308,1,1
0.350,180.0,1.000,33,55.0000,-0.008713,4.506314,1,1
0.350,180.0,1.000,40,82.4069,-0.023159,3.210108,1,1
0.350,180.0,1.000,45,110.0000,-0.031119,1.973868,1,1
0.350,180.0,1.000,52,164.8138,-0.010405,0.284233,1,1
0.350,180.0,1.000,57,220.0000,0.017957,-0.471945,1,1
0.350,180.0,1.000,64,329.6276,0.029173,-0.737938,1,1
0.350,180.0,1.000,69,440.0000,0.017461,-0.607618,1,1
0.350,180.0,1.000,76,659.2551,0.006155,-0.354995,1,1
0.350,180.0,1.000,81,880.0000,0.002339,-0.219404,1,1
0.350,180.0,1.000,88,1318.5102,0.000561,-0.104676,1,1
0.350,180.0,1.000,93,1760.0000,0.000178,-0.060171,1,1
0.350,180.0,1.000,96,2093.0045,0.000185,-0.042919,1,1
0.350,180.0,4.000,21,27.5000,-0.016937,9.484262,1,0
0.350,180.0,4.000,33,55.0000,-0.012282,3.170850,1,0
0.350,180.0,4.000,40,82.4069,-0.006418,1.338504,1,0
0.350,180.0,4.000,45,110.0000,-0.003135,0.613151,1,0
0.350,180.0,4.000,52,164.8138,0.000335,0.071577,1,0
0.350,180.0,4.000,57,220.0000,0.001100,-0.122493,1,0
0.350,180.0,4.000,64,329.6276,0.002908,-0.254152,1,0
0.350,180.0,4.000,69,440.0000,0.013009,-0.290511,1,0
0.350,180.0,4.000,76,659.2551,0.009646,-0.291467,1,0
0.350,180.0,4.000,81,880.0000,0.575855,-0.265052,1,0
0.350,180.0,4.000,88,1318.5102,2.018577,-0.201663,1,0
0.350,180.0,4.000,93,1760.0000,-4.412319,-0.149187,1,0
0.350,180.0,4.000,96,2093.0045,-0.625207,-0.119558,1,0
0.350,330.0,0.050,21,27.5000,-0.000535,0.163164,1,0
0.350,330.0,0.050,33,55.0000,0.000016,0.166623,1,0
0.350,330.0,0.050,40,82.4069,0.000200,0.172696,1,0
0.350,330.0,0.050,45,110.0000,-0.000010,0.182041,1,0
0.350,330.0,0.050,52,164.8138,0.000094,0.214940,1,0
0.350,330.0,0.050,57,220.0000,-0.000066,0.287531,1,0
0.350,330.0,0.050,64,329.6276,1.475935,0.036635,1,0
0.350,330.0,0.050,69,440.0000,0.000295,-0.202379,1,0
0.350,330.0,0.050,76,659.2551,0.000017,-0.053928,1,0
0.350,330.0,0.050,81,880.0000,-0.000008,-0.026458,1,0
0.350,330.0,0.050,88,1318.5102,0.000046,-0.010814,1,0
0.350,330.0,0.050,93,1760.0000,-0.000007,-0.005896,1,0
0.350,330.0,0.050,96,2093.0045,0.000101,-0.004123,1,0
0.350,330.0,0.150,21,27.5000,-0.000535,0.489216,1,1
0.350,330.0,0.150,33,55.0000,0.000014,0.498697,1,1
0.350,330.0,0.150,40,82.4069,0.000195,0.515168,1,1
0.350,330.0,0.150,45,110.0000,-0.000030,0.540056,1,1
0.350,330.0,0.150,52,164.8138,-0.000157,0.622856,1,1
0.350,330.0,0.150,57,220.0000,-0.003258,0.774628,1,1
0.350,330.0,0.150,64,329.6276,0.258318,0.012217,1,1
0.350,330.0,0.150,69,440.0000,0.013086,-0.494273,1,1
0.350,330.0,0.150,76,659.2551,0.000275,-0.156235,1,1
0.350,330.0,0.150,81,880.0000,0.000032,-0.078187,1,1
0.350,330.0,0.150,88,1318.5102,0.000051,-0.032260,1,1
0.350,330.0,0.150,93,1760.0000,-0.000006,-0.017634,1,1
0.350,330.0,0.150,96,2093.0045,0.000103,-0.012344,1,1
0.350,330.0,0.500,21,27.5000,-0.000541,1.620344,1,1
0.350,330.0,0.500,33,55.0000,-0.000077,1.619136,1,1
0.350,330.0,0.500,40,82.4069,-0.000303,1.613728,1,1
0.350,330.0,0.500,45,110.0000,-0.001804,1.598226,1,1
0.350,330.0,0.500,52,164.8138,-0.011661,1.496421,1,1
0.350,330.0,0.500,57,220.0000,-0.040364,1.195551,1,1
0.350,330.0,0.500,64,329.6276,0.061060,0.003665,1,1
0.350,330.0,0.500,69,440.0000,0.026816,-0.529075,1,1
0.350,330.0,0.500,76,659.2551,0.011799,-0.374627,1,1
0.350,330.0,0.500,81,880.0000,0.003021,-0.222706,1,1
0.350,330.0,0.500,88,1318.5102,0.000537,-0.101028,1,1
0.350,330.0,0.500,93,1760.0000,0.000147,-0.056837,1,1
0.350,330.0,0.500,96,2093.0045,0.000167,-0.040197,1,1
0.350,330.0,1.000,21,27.5000,-0.000617,3.174102,1,1
0.350,330.0,1.000,33,55.0000,-0.001113,2.982814,1,1
0.350,330.0,1.000,40,82.4069,-0.004467,2.692516,1,1
0.350,330.0,1.000,45,110.0000,-0.011206,2.333510,1,1
0.350,330.0,1.000,52,164.8138,-0.026708,1.558422,1,1
0.350,330.0,1.000,57,220.0000,-0.029928,0.863196,1,1
0.350,330.0,1.000,64,329.6276,0.003038,0.001833,1,1
0.350,330.0,1.000,69,440.0000,0.083820,-0.326802,1,1
0.350,330.0,1.000,76,659.2551,-0.001951,-0.389211,1,1
0.350,330.0,1.000,81,880.0000,-0.021887,-0.301044,1,1
0.350,330.0,1.000,88,1318.5102,0.004032,-0.168464,1,1
0.350,330.0,1.000,93,1760.0000,0.001512,-0.102507,1,1
0.350,330.0,1.000,96,2093.0045,0.000995,-0.074702,1,1
0.350,330.0,4.000,21,27.5000,-0.007801,8.998840,1,0
0.350,330.0,4.000,33,55.0000,-0.016967,4.629204,1,0
0.350,330.0,4.000,40,82.4069,-0.014715,2.496458,1,0
0.350,330.0,4.000,45,110.0000,-0.010633,1.458837,1,0
0.350,330.0,4.000,52,164.8138,-0.005351,0.588932,1,0
0.350,330.0,4.000,57,220.0000,-0.002720,0.250572,1,0
0.350,330.0,4.000,64,329.6276,-0.001067,0.000458,1,0
0.350,330.0,4.000,69,440.0000,-0.005411,-0.088188,1,0
0.350,330.0,4.000,76,659.2551,-0.791761,-0.146737,1,0
0.350,330.0,4.000,81,880.0000,-2.561643,-0.160959,1,0
0.350,330.0,4.000,88,1318.5102,-2.301476,-0.155835,1,0
0.350,330.0,4.000,93,1760.0000,-8.039936,-0.138326,1,0
0.350,330.0,4.000,96,2093.0045,-5.912381,-0.123694,1,0
0.350,660.0,0.050,21,27.5000,-0.000536,0.081151,1,0
0.350,660.0,0.050,33,55.0000,0.000017,0.081572,1,0
0.350,660.0,0.050,40,82.4069,0.000200,0.082281,1,0
0.350,660.0,0.050,45,110.0000,-0.000010,0.083302,1,0
0.350,660.0,0.050,52,164.8138,0.000098,0.086337,1,0
0.350,660.0,0.050,57,220.0000,-0.000010,0.091009,1,0
0.350,660.0,0.050,64,329.6276,-0.000006,0.107455,1,0
0.350,660.0,0.050,69,440.0000,-0.000066,0.143742,1,0
0.350,660.0,0.050,76,659.2551,3.879285,0.018322,1,0
0.350,660.0,0.050,81,880.0000,0.000297,-0.101159,1,0
0.350,660.0,0.050,88,1318.5102,0.000050,-0.026949,1,0
0.350,660.0,0.050,93,1760.0000,-0.000007,-0.013217,1,0
0.350,660.0,0.050,96,2093.0045,0.000103,-0.008920,1,0
0.350,660.0,0.150,21,27.5000,-0.000536,0.243420,1,0
0.350,660.0,0.150,33,55.0000,0.000017,0.244580,1,0
0.350,660.0,0.150,40,82.4069,0.000200,0.246527,1,0
0.350,660.0,0.150,45,110.0000,-0.000010,0.249319,1,0
0.350,660.0,0.150,52,164.8138,0.000093,0.257552,1,0
0.350,660.0,0.150,57,220.0000,-0.000031,0.269994,1,0
0.350,660.0,0.150,64,329.6276,-0.000254,0.311386,1,0
0.350,660.0,0.150,69,440.0000,-0.003251,0.387264,1,0
0.350,660.0,0.150,76,659.2551,-4.203420,0.006110,1,0
0.350,660.0,0.150,81,880.0000,0.015505,-0.247090,1,0
0.350,660.0,0.150,88,1318.5102,0.000294,-0.078076,1,0
0.350,660.0,0.150,93,1760.0000,0.000035,-0.039058,1,0
0.350,660.0,0.150,96,2093.0045,0.000117,-0.026502,1,0
0.350,660.0,0.500,21,27.5000,-0.000536,0.810115,1,0
0.350,660.0,0.500,33,55.0000,0.000009,0.810078,1,0
0.350,660.0,0.500,40,82.4069,0.000172,0.809918,1,0
0.350,660.0,0.500,45,110.0000,-0.000100,0.809477,1,0
0.350,660.0,0.500,52,164.8138,-0.000405,0.806777,1,0
0.350,660.0,0.500,57,220.0000,-0.001801,0.799035,1,0
0.350,660.0,0.500,64,329.6276,-0.011669,0.748169,1,0
0.350,660.0,0.500,69,440.0000,-0.040927,0.597794,1,0
0.350,660.0,0.500,76,659.2551,-0.410135,0.001833,1,0
0.350,660.0,0.500,81,880.0000,79.640377,-0.264580,1,0
0.350,660.0,0.500,88,1318.5102,0.155901,-0.187271,1,0
0.350,660.0,0.500,93,1760.0000,0.003104,-0.111281,1,0
0.350,660.0,0.500,96,2093.0045,0.001170,-0.079585,1,0
0.350,660.0,1.000,21,27.5000,-0.000541,1.611822,1,0
0.350,660.0,1.000,33,55.0000,-0.000066,1.586875,1,0
0.350,660.0,1.000,40,82.4069,-0.000185,1.546403,1,0
0.350,660.0,1.000,45,110.0000,-0.001137,1.491266,1,0
0.350,660.0,1.000,52,164.8138,-0.004571,1.346165,1,0
0.350,660.0,1.000,57,220.0000,-0.011185,1.166713,1,0
0.350,660.0,1.000,64,329.6276,-0.026972,0.779243,1,0
0.350,660.0,1.000,69,440.0000,-0.032523,0.431649,1,0
0.350,660.0,1.000,76,659.2551,-0.205258,0.000917,1,0
0.350,660.0,1.000,81,880.0000,-1.172652,-0.163446,1,0
0.350,660.0,1.000,88,1318.5102,1.257060,-0.194638,1,0
0.350,660.0,1.000,93,1760.0000,-5.402086,-0.150503,1,0
0.350,660.0,1.000,96,2093.0045,-4.858766,-0.119982,1,0
0.350,660.0,4.000,21,27.5000,-0.001514,5.841101,1,0
0.350,660.0,4.000,33,55.0000,-0.007264,4.499220,1,0
0.350,660.0,4.000,40,82.4069,-0.014028,3.244471,1,0
0.350,660.0,4.000,45,110.0000,-0.016901,2.314687,1,0
0.350,660.0,4.000,52,164.8138,-0.014940,1.248328,1,0
0.350,660.0,4.000,57,220.0000,-0.010410,0.729494,1,0
0.350,660.0,4.000,64,329.6276,-0.006822,0.294506,1,0
0.350,660.0,4.000,69,440.0000,0.012240,0.125307,1,0
0.350,660.0,4.000,76,659.2551,0.054408,0.000229,1,0
0.350,660.0,4.000,81,880.0000,0.798293,-0.044108,1,0
0.350,660.0,4.000,88,1318.5102,-0.927911,-0.073408,1,0
0.350,660.0,4.000,93,1760.0000,-2.441507,-0.080544,1,0
0.350,660.0,4.000,96,2093.0045,-3.570920,-0.081026,1,0
0.350,2000.0,0.050,21,27.5000,-0.000536,0.026705,1,0
0.350,2000.0,0.050,33,55.0000,0.000017,0.026720,1,0
0.350,2000.0,0.050,40,82.4069,0.000200,0.026745,1,0
0.350,2000.0,0.050,45,110.0000,-0.000010,0.026780,1,0
0.350,2000.0,0.050,52,164.8138,0.000098,0.026880,1,0
0.350,2000.0,0.050,57,220.0000,-0.000009,0.027023,1,0
0.350,2000.0,0.050,64,329.6276,-0.000002,0.027436,1,0
0.350,2000.0,0.050,69,440.0000,-0.000010,0.028041,1,0
0.350,2000.0,0.050,76,659.2551,0.000013,0.029909,1,0
0.350,2000.0,0.050,81,880.0000,-0.000011,0.033003,1,0
0.350,2000.0,0.050,88,1318.5102,-0.000004,0.046565,1,0
0.350,2000.0,0.050,93,1760.0000,-0.010636,0.102675,1,0
0.350,2000.0,0.050,96,2093.0045,-2.297570,-0.127219,1,0
0.350,2000.0,0.150,21,27.5000,-0.000536,0.080113,1,0
0.350,2000.0,0.150,33,55.0000,0.000017,0.080155,1,0
0.350,2000.0,0.150,40,82.4069,0.000200,0.080223,1,0
0.350,2000.0,0.150,45,110.0000,-0.000009,0.080320,1,0
0.350,2000.0,0.150,52,164.8138,0.000098,0.080597,1,0
0.350,2000.0,0.150,57,220.0000,-0.000010,0.080989,1,0
0.350,2000.0,0.150,64,329.6276,-0.000003,0.082121,1,0
0.350,2000.0,0.150,69,440.0000,-0.000012,0.083766,1,0
0.350,2000.0,0.150,76,659.2551,-0.000006,0.088761,1,0
0.350,2000.0,0.150,81,880.0000,-0.000113,0.096719,1,0
0.350,2000.0,0.150,88,1318.5102,-0.002843,0.126204,1,0
0.350,2000.0,0.150,93,1760.0000,-4.206628,0.150133,1,0
0.350,2000.0,0.150,96,2093.0045,2.938844,-0.071126,1,0
0.350,2000.0,0.500,21,27.5000,-0.000536,0.266998,1,0
0.350,2000.0,0.500,33,55.0000,0.000016,0.266999,1,0
0.350,2000.0,0.500,40,82.4069,0.000200,0.266998,1,0
0.350,2000.0,0.500,45,110.0000,-0.000011,0.266997,1,0
0.350,2000.0,0.500,52,164.8138,0.000093,0.266988,1,0
0.350,2000.0,0.500,57,220.0000,-0.000026,0.266963,1,0
0.350,2000.0,0.500,64,329.6276,-0.000087,0.266807,1,0
0.350,2000.0,0.500,69,440.0000,-0.000298,0.266364,1,0
0.350,2000.0,0.500,76,659.2551,-0.001656,0.263566,1,0
0.350,2000.0,0.500,81,880.0000,-0.006406,0.255268,1,0
0.350,2000.0,0.500,88,1318.5102,7.473412,0.200498,1,0
0.350,2000.0,0.500,93,1760.0000,0.617474,0.073272,1,0
0.350,2000.0,0.500,96,2093.0045,-1.207327,-0.023119,1,0
0.350,2000.0,1.000,21,27.5000,-0.000536,0.533695,1,0
0.350,2000.0,1.000,33,55.0000,0.000015,0.532791,1,0
0.350,2000.0,1.000,40,82.4069,0.000195,0.531293,1,0
0.350,2000.0,1.000,45,110.0000,-0.000025,0.529190,1,0
0.350,2000.0,1.000,52,164.8138,0.000021,0.523274,1,0
0.350,2000.0,1.000,57,220.0000,-0.000244,0.515057,1,0
0.350,2000.0,1.000,64,329.6276,-0.001067,0.492505,1,0
0.350,2000.0,1.000,69,440.0000,-0.003021,0.462526,1,0
0.350,2000.0,1.000,76,659.2551,-0.010691,0.387630,1,0
0.350,2000.0,1.000,81,880.0000,0.064105,0.302750,1,0
0.350,2000.0,1.000,88,1318.5102,4.343153,0.147140,1,0
0.350,2000.0,1.000,93,1760.0000,0.794237,0.038423,1,0
0.350,2000.0,1.000,96,2093.0045,-0.833094,-0.011632,1,0
0.350,2000.0,4.000,21,27.5000,-0.000551,2.110909,1,0
0.350,2000.0,4.000,33,55.0000,-0.000205,2.039037,1,0
0.350,2000.0,4.000,40,82.4069,-0.000743,1.929807,1,0
0.350,2000.0,4.000,45,110.0000,-0.002412,1.794015,1,0
0.350,2000.0,4.000,52,164.8138,-0.007027,1.494173,1,0
0.350,2000.0,4.000,57,220.0000,-0.012044,1.207120,1,0
0.350,2000.0,4.000,64,329.6276,-0.017223,0.775474,1,0
0.350,2000.0,4.000,69,440.0000,-0.017227,0.508980,1,0
0.350,2000.0,4.000,76,659.2551,0.270956,0.246436,1,0
0.350,2000.0,4.000,81,880.0000,2.637992,0.132512,1,0
0.350,2000.0,4.000,88,1318.5102,1.385604,0.043084,1,0
0.350,2000.0,4.000,93,1760.0000,0.932114,0.009754,1,0
0.350,2000.0,4.000,96,2093.0045,-0.857644,-0.002914,1,0
0.600,20.0,0.050,21,27.5000,-0.000055,-5.026722,1,0
0.600,20.0,0.050,33,55.0000,0.000006,-0.697237,1,0
0.600,20.0,0.050,40,82.4069,0.000200,-0.286696,1,0
0.600,20.0,0.050,45,110.0000,-0.000009,-0.156650,1,0
0.600,20.0,0.050,52,164.8138,0.000098,-0.068495,1,0
0.600,20.0,0.050,57,220.0000,-0.000009,-0.038193,1,0
0.600,20.0,0.050,64,329.6276,-0.000002,-0.016935,1,0
0.600,20.0,0.050,69,440.0000,-0.000009,-0.009489,1,0
0.600,20.0,0.050,76,659.2551,0.000013,-0.004222,1,0
0.600,20.0,0.050,81,880.0000,-0.000009,-0.002368,1,0
0.600,20.0,0.050,88,1318.5102,0.000046,-0.001054,1,0
0.600,20.0,0.050,93,1760.0000,-0.000008,-0.000591,1,0
0.600,20.0,0.050,96,2093.0045,0.000102,-0.000418,1,0
0.600,20.0,0.150,21,27.5000,0.025132,-12.712448,1,0
0.600,20.0,0.150,33,55.0000,0.000115,-2.062777,1,0
0.600,20.0,0.150,40,82.4069,0.000210,-0.855537,1,0
0.600,20.0,0.150,45,110.0000,-0.000005,-0.468626,1,0
0.600,20.0,0.150,52,164.8138,0.000098,-0.205236,1,0
0.600,20.0,0.150,57,220.0000,-0.000009,-0.114503,1,0
0.600,20.0,0.150,64,329.6276,-0.000002,-0.050791,1,0
0.600,20.0,0.150,69,440.0000,-0.000009,-0.028463,1,0
0.600,20.0,0.150,76,659.2551,0.000014,-0.012664,1,0
0.600,20.0,0.150,81,880.0000,-0.000009,-0.007104,1,0
0.600,20.0,0.150,88,1318.5102,0.000046,-0.003163,1,0
0.600,20.0,0.150,93,1760.0000,-0.000008,-0.001774,1,0
0.600,20.0,0.150,96,2093.0045,0.000103,-0.001254,1,0
0.600,20.0,0.500,21,27.5000,0.151913,-15.216619,1,0
0.600,20.0,0.500,33,55.0000,0.007732,-5.941214,1,0
0.600,20.0,0.500,40,82.4069,0.001479,-2.689926,1,0
0.600,20.0,0.500,45,110.0000,0.000369,-1.513530,1,0
0.600,20.0,0.500,52,164.8138,0.000169,-0.674814,1,0
0.600,20.0,0.500,57,220.0000,0.000013,-0.378782,1,0
0.600,20.0,0.500,64,329.6276,0.000002,-0.168734,1,0
0.600,20.0,0.500,69,440.0000,-0.000008,-0.094697,1,0
0.600,20.0,0.500,76,659.2551,0.000013,-0.042179,1,0
0.600,20.0,0.500,81,880.0000,-0.000009,-0.023669,1,0
0.600,20.0,0.500,88,1318.5102,0.000046,-0.010540,1,0
0.600,20.0,0.500,93,1760.0000,-0.000007,-0.005912,1,0
0.600,20.0,0.500,96,2093.0045,0.000101,-0.004179,1,0
0.600,20.0,1.000,21,27.5000,0.080516,-9.778296,1,0
0.600,20.0,1.000,33,55.0000,0.040836,-8.206267,1,0
0.600,20.0,1.000,40,82.4069,0.012392,-4.532036,1,0
0.600,20.0,1.000,45,110.0000,0.004470,-2.745737,1,0
0.600,20.0,1.000,52,164.8138,0.001089,-1.291713,1,0
0.600,20.0,1.000,57,220.0000,0.000319,-0.739083,1,0
0.600,20.0,1.000,64,329.6276,0.000066,-0.333767,1,0
0.600,20.0,1.000,69,440.0000,0.000012,-0.188224,1,0
0.600,20.0,1.000,76,659.2551,0.000018,-0.084126,1,0
0.600,20.0,1.000,81,880.0000,-0.000007,-0.047266,1,0
0.600,20.0,1.000,88,1318.5102,0.000047,-0.021065,1,0
0.600,20.0,1.000,93,1760.0000,-0.000008,-0.011820,1,0
0.600,20.0,1.000,96,2093.0045,0.000103,-0.008355,1,0
0.600,20.0,4.000,21,27.5000,0.006288,-2.683859,1,0
0.600,20.0,4.000,33,55.0000,0.025716,-4.569061,1,0
0.600,20.0,4.000,40,82.4069,0.046982,-4.368662,1,0
0.600,20.0,4.000,45,110.0000,0.042998,-3.843635,1,0
0.600,20.0,4.000,52,164.8138,0.037822,-2.781209,1,0
0.600,20.0,4.000,57,220.0000,0.025643,-1.987210,1,0
0.600,20.0,4.000,64,329.6276,0.009395,-1.094983,1,0
0.600,20.0,4.000,69,440.0000,0.003805,-0.670161,1,0
0.600,20.0,4.000,76,659.2551,0.000955,-0.318926,1,0
0.600,20.0,4.000,81,880.0000,0.000311,-0.183386,1,0
0.600,20.0,4.000,88,1318.5102,0.000108,-0.083115,1,0
0.600,20.0,4.000,93,1760.0000,0.000015,-0.046919,1,0
0.600,20.0,4.000,96,2093.0045,0.000111,-0.033240,1,0
0.600,110.0,0.050,21,27.5000,-0.000528,0.888317,1,0
0.600,110.0,0.050,33,55.0000,0.000008,1.106267,1,0
0.600,110.0,0.050,40,82.4069,-0.000674,1.845561,1,0
0.600,110.0,0.050,45,110.0000,3.622006,-0.000000,1,0
0.600,110.0,0.050,52,164.8138,0.000263,-0.659863,1,0
0.600,110.0,0.050,57,220.0000,0.000001,-0.276562,1,0
0.600,110.0,0.050,64,329.6276,-0.000001,-0.104288,1,0
0.600,110.0,0.050,69,440.0000,-0.000009,-0.055516,1,0
0.600,110.0,0.050,76,659.2551,0.000014,-0.023856,1,0
0.600,110.0,0.050,81,880.0000,-0.000009,-0.013223,1,0
0.600,110.0,0.050,88,1318.5102,0.000046,-0.005837,1,0
0.600,110.0,0.050,93,1760.0000,-0.000008,-0.003264,1,0
0.600,110.0,0.050,96,2093.0045,0.000102,-0.002305,1,0
0.600,110.0,0.150,21,27.5000,-0.000546,2.649882,1,0
0.600,110.0,0.150,33,55.0000,-0.000731,3.205311,1,0
0.600,110.0,0.150,40,82.4069,-0.037986,4.513804,1,0
0.600,110.0,0.150,45,110.0000,0.178449,-0.000000,1,0
0.600,110.0,0.150,52,164.8138,0.009561,-1.776631,1,0
0.600,110.0,0.150,57,220.0000,0.000736,-0.801316,1,0
0.600,110.0,0.150,64,329.6276,0.000060,-0.309377,1,0
0.600,110.0,0.150,69,440.0000,0.000005,-0.165606,1,0
0.600,110.0,0.150,76,659.2551,0.000016,-0.071399,1,0
0.600,110.0,0.150,81,880.0000,-0.000008,-0.039617,1,0
0.600,110.0,0.150,88,1318.5102,0.000046,-0.017502,1,0
0.600,110.0,0.150,93,1760.0000,-0.000007,-0.009790,1,0
0.600,110.0,0.150,96,2093.0045,0.000103,-0.006912,1,0
0.600,110.0,0.500,21,27.5000,-0.002011,8.299197,1,0
0.600,110.0,0.500,33,55.0000,-0.034621,7.693008,1,0
0.600,110.0,0.500,40,82.4069,-0.165726,4.853469,1,0
0.600,110.0,0.500,45,110.0000,0.089015,-0.000000,1,0
0.600,110.0,0.500,52,164.8138,0.106970,-2.734733,1,0
0.600,110.0,0.500,57,220.0000,0.034164,-1.923240,1,0
0.600,110.0,0.500,64,329.6276,0.005260,-0.915265,1,0
0.600,110.0,0.500,69,440.0000,0.001457,-0.518669,1,0
0.600,110.0,0.500,76,659.2551,0.000285,-0.231800,1,0
0.600,110.0,0.500,81,880.0000,0.000074,-0.130149,1,0
0.600,110.0,0.500,88,1318.5102,0.000061,-0.057967,1,0
0.600,110.0,0.500,93,1760.0000,-0.000002,-0.032518,1,0
0.600,110.0,0.500,96,2093.0045,0.000105,-0.022983,1,0
0.600,110.0,1.000,21,27.5000,-0.014241,13.841684,1,0
0.600,110.0,1.000,33,55.0000,-0.079182,8.002983,1,0
0.600,110.0,1.000,40,82.4069,-0.077085,3.002660,1,0
0.600,110.0,1.000,45,110.0000,0.019213,0.000000,1,0
0.600,110.0,1.000,52,164.8138,0.142247,-1.971905,1,0
0.600,110.0,1.000,57,220.0000,0.102498,-2.000755,1,0
0.600,110.0,1.000,64,329.6276,0.031654,-1.335510,1,0
0.600,110.0,1.000,69,440.0000,0.013682,-0.865072,1,0
0.600,110.0,1.000,76,659.2551,0.003352,-0.426955,1,0
0.600,110.0,1.000,81,880.0000,0.001113,-0.248474,1,0
0.600,110.0,1.000,88,1318.5102,0.000270,-0.113548,1,0
0.600,110.0,1.000,93,1760.0000,0.000072,-0.064281,1,0
0.600,110.0,1.000,96,2093.0045,0.000136,-0.045589,1,0
0.600,110.0,4.000,21,27.5000,-0.043965,12.818391,1,0
0.600,110.0,4.000,33,55.0000,-0.017810,3.021608,1,0
0.600,110.0,4.000,40,82.4069,-0.002708,0.810815,1,0
0.600,110.0,4.000,45,110.0000,0.007515,0.000000,1,0
0.600,110.0,4.000,52,164.8138,0.022032,-0.572043,1,0
0.600,110.0,4.000,57,220.0000,0.006934,-0.755413,1,0
0.600,110.0,4.000,64,329.6276,-0.072983,-0.834007,1,0
0.600,110.0,4.000,69,440.0000,-0.494005,-0.801185,1,0
0.600,110.0,4.000,76,659.2551,-0.210747,-0.661982,1,0
0.600,110.0,4.000,81,880.0000,-1.272811,-0.520890,1,0
0.600,110.0,4.000,88,1318.5102,-1.311559,-0.321823,1,0
0.600,110.0,4.000,93,1760.0000,0.412803,-0.208696,1,0
0.600,110.0,4.000,96,2093.0045,-0.326311,-0.156620,1,0
0.600,180.0,0.050,21,27.5000,-0.000538,0.521334,1,0
0.600,180.0,0.050,33,55.0000,0.000013,0.561098,1,0
0.600,180.0,0.050,40,82.4069,0.000193,0.642184,1,0
0.600,180.0,0.050,45,110.0000,-0.000070,0.805191,1,0
0.600,180.0,0.050,52,164.8138,-0.153461,2.385517,1,0
0.600,180.0,0.050,57,220.0000,0.004872,-0.971758,1,0
0.600,180.0,0.050,64,329.6276,0.000019,-0.215083,1,0
0.600,180.0,0.050,69,440.0000,-0.000006,-0.102110,1,0
0.600,180.0,0.050,76,659.2551,0.000014,-0.040983,1,0
0.600,180.0,0.050,81,880.0000,-0.000009,-0.022222,1,0
0.600,180.0,0.050,88,1318.5102,0.000046,-0.009664,1,0
0.600,180.0,0.050,93,1760.0000,-0.000008,-0.005377,1,0
0.600,180.0,0.050,96,2093.0045,0.000103,-0.003789,1,0
0.600,180.0,0.150,21,27.5000,-0.000536,1.560945,1,0
0.600,180.0,0.150,33,55.0000,-0.000025,1.668149,1,0
0.600,180.0,0.150,40,82.4069,-0.000207,1.876350,1,0
0.600,180.0,0.150,45,110.0000,-0.003966,2.246204,1,0
0.600,180.0,0.150,52,164.8138,-0.454979,2.432150,1,0
0.600,180.0,0.150,57,220.0000,0.127576,-1.994503,1,0
0.600,180.0,0.150,64,329.6276,0.001473,-0.615609,1,0
0.600,180.0,0.150,69,440.0000,0.000188,-0.300539,1,0
0.600,180.0,0.150,76,659.2551,0.000036,-0.122100,1,0
0.600,180.0,0.150,81,880.0000,-0.000003,-0.066425,1,0
0.600,180.0,0.150,88,1318.5102,0.000047,-0.028947,1,0
0.600,180.0,0.150,93,1760.0000,-0.000008,-0.016117,1,0
0.600,180.0,0.150,96,2093.0045,0.000102,-0.011359,1,0
0.600,180.0,0.500,21,27.5000,-0.000722,5.090029,1,0
0.600,180.0,0.500,33,55.0000,-0.003544,5.044316,1,0
0.600,180.0,0.500,40,82.4069,-0.022778,4.824767,1,0
0.600,180.0,0.500,45,110.0000,-0.085603,4.166247,1,0
0.600,180.0,0.500,52,164.8138,-0.161147,0.952940,1,0
0.600,180.0,0.500,57,220.0000,0.222245,-1.448286,1,0
0.600,180.0,0.500,64,329.6276,0.048217,-1.347967,1,0
0.600,180.0,0.500,69,440.0000,0.013352,-0.824546,1,0
0.600,180.0,0.500,76,659.2551,0.002187,-0.377346,1,0
0.600,180.0,0.500,81,880.0000,0.000620,-0.212637,1,0
0.600,180.0,0.500,88,1318.5102,0.000156,-0.094826,1,0
0.600,180.0,0.500,93,1760.0000,0.000031,-0.053207,1,0
0.600,180.0,0.500,96,2093.0045,0.000118,-0.037608,1,0
0.600,180.0,1.000,21,27.5000,-0.002938,9.499277,1,0
0.600,180.0,1.000,33,55.0000,-0.025699,7.725229,1,0
0.600,180.0,1.000,40,82.4069,-0.068822,5.503849,1,0
0.600,180.0,1.000,45,110.0000,-0.093330,3.384923,1,0
0.600,180.0,1.000,52,164.8138,-0.070290,0.487541,1,0
0.600,180.0,1.000,57,220.0000,0.030705,-0.809487,1,0
0.600,180.0,1.000,64,329.6276,0.286772,-1.265362,1,0
0.600,180.0,1.000,69,440.0000,0.111257,-1.041728,1,0
0.600,180.0,1.000,76,659.2551,0.016572,-0.608564,1,0
0.600,180.0,1.000,81,880.0000,0.007117,-0.376117,1,0
0.600,180.0,1.000,88,1318.5102,0.001635,-0.179443,1,0
0.600,180.0,1.000,93,1760.0000,0.000518,-0.103149,1,0
0.600,180.0,1.000,96,2093.0045,0.000354,-0.073575,1,0
0.600,180.0,4.000,21,27.5000,-0.049029,16.261566,1,0
0.600,180.0,4.000,33,55.0000,-0.036652,5.438125,1,0
0.600,180.0,4.000,40,82.4069,-0.017518,2.295804,1,0
0.600,180.0,4.000,45,110.0000,-0.005533,1.051717,1,0
0.600,180.0,4.000,52,164.8138,0.003849,0.122777,1,0
0.600,180.0,4.000,57,220.0000,0.003424,-0.210111,1,0
0.600,180.0,4.000,64,329.6276,-0.032186,-0.435934,1,0
0.600,180.0,4.000,69,440.0000,0.149455,-0.498275,1,0
0.600,180.0,4.000,76,659.2551,4.317059,-0.499858,1,0
0.600,180.0,4.000,81,880.0000,6.425815,-0.454507,1,0
0.600,180.0,4.000,88,1318.5102,1.561977,-0.345753,1,0
0.600,180.0,4.000,93,1760.0000,-7.174229,-0.255762,1,0
0.600,180.0,4.000,96,2093.0045,-5.233043,-0.204961,1,0
0.600,330.0,0.050,21,27.5000,-0.000535,0.279710,1,0
0.600,330.0,0.050,33,55.0000,0.000015,0.285639,1,0
0.600,330.0,0.050,40,82.4069,0.000200,0.296051,1,0
0.600,330.0,0.050,45,110.0000,-0.000010,0.312070,1,0
0.600,330.0,0.050,52,164.8138,0.000087,0.368469,1,0
0.600,330.0,0.050,57,220.0000,-0.000174,0.492909,1,0
0.600,330.0,0.050,64,329.6276,-4.285311,0.062840,1,0
0.600,330.0,0.050,69,440.0000,0.000876,-0.346934,1,0
0.600,330.0,0.050,76,659.2551,0.000024,-0.092448,1,0
0.600,330.0,0.050,81,880.0000,-0.000007,-0.045357,1,0
0.600,330.0,0.050,88,1318.5102,0.000046,-0.018539,1,0
0.600,330.0,0.050,93,1760.0000,-0.000008,-0.010107,1,0
0.600,330.0,0.050,96,2093.0045,0.000102,-0.007069,1,0
0.600,330.0,0.150,21,27.5000,-0.000536,0.838657,1,0
0.600,330.0,0.150,33,55.0000,0.000011,0.854909,1,0
0.600,330.0,0.150,40,82.4069,0.000185,0.883144,1,0
0.600,330.0,0.150,45,110.0000,-0.000071,0.925807,1,0
0.600,330.0,0.150,52,164.8138,-0.000648,1.067746,1,0
0.600,330.0,0.150,57,220.0000,-0.009513,1.327917,1,0
0.600,330.0,0.150,64,329.6276,6.027309,0.020956,1,0
0.600,330.0,0.150,69,440.0000,0.038190,-0.847320,1,0
0.600,330.0,0.150,76,659.2551,0.000774,-0.267830,1,0
0.600,330.0,0.150,81,880.0000,0.000111,-0.134034,1,0
0.600,330.0,0.150,88,1318.5102,0.000060,-0.055302,1,0
0.600,330.0,0.150,93,1760.0000,-0.000003,-0.030229,1,0
0.600,330.0,0.150,96,2093.0045,0.000103,-0.021162,1,0
0.600,330.0,0.500,21,27.5000,-0.000551,2.777730,1,0
0.600,330.0,0.500,33,55.0000,-0.000252,2.775649,1,0
0.600,330.0,0.500,40,82.4069,-0.001275,2.766364,1,0
0.600,330.0,0.500,45,110.0000,-0.005279,2.739782,1,0
0.600,330.0,0.500,52,164.8138,-0.034467,2.565329,1,0
0.600,330.0,0.500,57,220.0000,-0.118706,2.049842,1,0
0.600,330.0,0.500,64,329.6276,-6.167592,0.006287,1,0
0.600,330.0,0.500,69,440.0000,1.874662,-0.907252,1,0
0.600,330.0,0.500,76,659.2551,0.029177,-0.642226,1,0
0.600,330.0,0.500,81,880.0000,0.007929,-0.381777,1,0
0.600,330.0,0.500,88,1318.5102,0.001488,-0.173189,1,0
0.600,330.0,0.500,93,1760.0000,0.000435,-0.097434,1,0
0.600,330.0,0.500,96,2093.0045,0.000300,-0.068909,1,0
0.600,330.0,1.000,21,27.5000,-0.000773,5.441291,1,0
0.600,330.0,1.000,33,55.0000,-0.003296,5.113334,1,0
0.600,330.0,1.000,40,82.4069,-0.013521,4.615718,1,0
0.600,330.0,1.000,45,110.0000,-0.033007,4.000429,1,0
0.600,330.0,1.000,52,164.8138,-0.078553,2.672107,1,0
0.600,330.0,1.000,57,220.0000,-0.089820,1.480366,1,0
0.600,330.0,1.000,64,329.6276,-0.676032,0.003144,1,0
0.600,330.0,1.000,69,440.0000,0.337569,-0.560507,1,0
0.600,330.0,1.000,76,659.2551,-3.371696,-0.667352,1,0
0.600,330.0,1.000,81,880.0000,1.102796,-0.516108,1,0
0.600,330.0,1.000,88,1318.5102,-0.189122,-0.288795,1,0
0.600,330.0,1.000,93,1760.0000,-0.033940,-0.175724,1,0
0.600,330.0,1.000,96,2093.0045,0.017057,-0.128060,1,0
0.600,330.0,4.000,21,27.5000,-0.021945,15.426814,1,0
0.600,330.0,4.000,33,55.0000,-0.050299,7.937430,1,0
0.600,330.0,4.000,40,82.4069,-0.043335,4.281223,1,0
0.600,330.0,4.000,45,110.0000,-0.030198,2.502022,1,0
0.600,330.0,4.000,52,164.8138,-0.018862,1.010150,1,0
0.600,330.0,4.000,57,220.0000,-0.000350,0.429800,1,0
0.600,330.0,4.000,64,329.6276,0.000557,0.000786,1,0
0.600,330.0,4.000,69,440.0000,-0.870229,-0.151268,1,0
0.600,330.0,4.000,76,659.2551,-1.841594,-0.251687,1,0
0.600,330.0,4.000,81,880.0000,-0.388097,-0.276065,1,0
0.600,330.0,4.000,88,1318.5102,-2.804460,-0.267245,1,0
0.600,330.0,4.000,93,1760.0000,-6.388667,-0.237192,1,0
0.600,330.0,4.000,96,2093.0045,-7.795649,-0.212087,1,0
0.600,660.0,0.050,21,27.5000,-0.000536,0.139116,1,0
0.600,660.0,0.050,33,55.0000,0.000017,0.139838,1,0
0.600,660.0,0.050,40,82.4069,0.000200,0.141054,1,0
0.600,660.0,0.050,45,110.0000,-0.000010,0.142803,1,0
0.600,660.0,0.050,52,164.8138,0.000098,0.148007,1,0
0.600,660.0,0.050,57,220.0000,-0.000010,0.156015,1,0
0.600,660.0,0.050,64,329.6276,-0.000013,0.184208,1,0
0.600,660.0,0.050,69,440.0000,-0.000173,0.246414,1,0
0.600,660.0,0.050,76,659.2551,8.470542,0.031427,1,0
0.600,660.0,0.050,81,880.0000,0.000877,-0.173414,1,0
0.600,660.0,0.050,88,1318.5102,0.000056,-0.046197,1,0
0.600,660.0,0.050,93,1760.0000,-0.000006,-0.022657,1,0
0.600,660.0,0.050,96,2093.0045,0.000103,-0.015292,1,0
0.600,660.0,0.150,21,27.5000,-0.000536,0.417291,1,0
0.600,660.0,0.150,33,55.0000,0.000016,0.419279,1,0
0.600,660.0,0.150,40,82.4069,0.000199,0.422617,1,0
0.600,660.0,0.150,45,110.0000,-0.000012,0.427403,1,0
0.600,660.0,0.150,52,164.8138,0.000083,0.441518,1,0
0.600,660.0,0.150,57,220.0000,-0.000071,0.462845,1,0
0.600,660.0,0.150,64,329.6276,-0.000740,0.533801,1,0
0.600,660.0,0.150,69,440.0000,-0.009497,0.663872,1,0
0.600,660.0,0.150,76,659.2551,14.311064,0.010481,1,0
0.600,660.0,0.150,81,880.0000,0.082135,-0.423580,1,0
0.600,660.0,0.150,88,1318.5102,0.000777,-0.133843,1,0
0.600,660.0,0.150,93,1760.0000,0.000114,-0.066956,1,0
0.600,660.0,0.150,96,2093.0045,0.000145,-0.045431,1,0
0.600,660.0,0.500,21,27.5000,-0.000537,1.388768,1,0
0.600,660.0,0.500,33,55.0000,-0.000002,1.388704,1,0
0.600,660.0,0.500,40,82.4069,0.000118,1.388427,1,0
0.600,660.0,0.500,45,110.0000,-0.000275,1.387668,1,0
0.600,660.0,0.500,52,164.8138,-0.001376,1.383034,1,0
0.600,660.0,0.500,57,220.0000,-0.005270,1.369757,1,0
0.600,660.0,0.500,64,329.6276,-0.034548,1.282592,1,0
0.600,660.0,0.500,69,440.0000,-0.151778,1.024952,1,0
0.600,660.0,0.500,76,659.2551,-0.066121,0.003144,1,0
0.600,660.0,0.500,81,880.0000,75.419358,-0.453698,1,0
0.600,660.0,0.500,88,1318.5102,-0.248516,-0.321041,1,0
0.600,660.0,0.500,93,1760.0000,0.054657,-0.190766,1,0
0.600,660.0,0.500,96,2093.0045,0.016896,-0.136431,1,0
0.600,660.0,1.000,21,27.5000,-0.000551,2.763120,1,0
0.600,660.0,1.000,33,55.0000,-0.000221,2.720344,1,0
0.600,660.0,1.000,40,82.4069,-0.000927,2.650952,1,0
0.600,660.0,1.000,45,110.0000,-0.003322,2.556425,1,0
0.600,660.0,1.000,52,164.8138,-0.013626,2.307700,1,0
0.600,660.0,1.000,57,220.0000,-0.032911,2.000142,1,0
0.600,660.0,1.000,64,329.6276,-0.082332,1.336107,1,0
0.600,660.0,1.000,69,440.0000,-0.427316,0.740271,1,0
0.600,660.0,1.000,76,659.2551,-5.887176,0.001572,1,0
0.600,660.0,1.000,81,880.0000,-0.139414,-0.280330,1,0
0.600,660.0,1.000,88,1318.5102,4.782217,-0.333730,1,0
0.600,660.0,1.000,93,1760.0000,-9.108882,-0.258021,1,0
0.600,660.0,1.000,96,2093.0045,-7.943567,-0.205687,1,0
0.600,660.0,4.000,21,27.5000,-0.003409,10.013197,1,0
0.600,660.0,4.000,33,55.0000,-0.021432,7.713064,1,0
0.600,660.0,4.000,40,82.4069,-0.041727,5.562524,1,0
0.600,660.0,4.000,45,110.0000,-0.050003,3.968860,1,0
0.600,660.0,4.000,52,164.8138,-0.045525,2.140781,1,0
0.600,660.0,4.000,57,220.0000,-0.026273,1.251141,1,0
0.600,660.0,4.000,64,329.6276,-0.001717,0.505144,1,0
0.600,660.0,4.000,69,440.0000,1.344103,0.214936,1,0
0.600,660.0,4.000,76,659.2551,1.040838,0.000393,1,0
0.600,660.0,4.000,81,880.0000,-3.933363,-0.075658,1,0
0.600,660.0,4.000,88,1318.5102,-2.039598,-0.125912,1,0
0.600,660.0,4.000,93,1760.0000,-4.181240,-0.138143,1,0
0.600,660.0,4.000,96,2093.0045,-5.114010,-0.138964,1,0
0.600,2000.0,0.050,21,27.5000,-0.000536,0.045780,1,0
0.600,2000.0,0.050,33,55.0000,0.000017,0.045805,1,0
0.600,2000.0,0.050,40,82.4069,0.000200,0.045848,1,0
0.600,2000.0,0.050,45,110.0000,-0.000010,0.045908,1,0
0.600,2000.0,0.050,52,164.8138,0.000098,0.046080,1,0
0.600,2000.0,0.050,57,220.0000,-0.000009,0.046325,1,0
0.600,2000.0,0.050,64,329.6276,-0.000002,0.047034,1,0
0.600,2000.0,0.050,69,440.0000,-0.000010,0.048070,1,0
0.600,2000.0,0.050,76,659.2551,0.000013,0.051273,1,0
0.600,2000.0,0.050,81,880.0000,-0.000013,0.056576,1,0
0.600,2000.0,0.050,88,1318.5102,-0.000100,0.079825,1,0
0.600,2000.0,0.050,93,1760.0000,-0.182027,0.176013,1,0
0.600,2000.0,0.050,96,2093.0045,7.232278,-0.218118,1,0
0.600,2000.0,0.150,21,27.5000,-0.000536,0.137337,1,0
0.600,2000.0,0.150,33,55.0000,0.000017,0.137408,1,0
0.600,2000.0,0.150,40,82.4069,0.000200,0.137526,1,0
0.600,2000.0,0.150,45,110.0000,-0.000010,0.137692,1,0
0.600,2000.0,0.150,52,164.8138,0.000098,0.138166,1,0
0.600,2000.0,0.150,57,220.0000,-0.000010,0.138838,1,0
0.600,2000.0,0.150,64,329.6276,-0.000005,0.140779,1,0
0.600,2000.0,0.150,69,440.0000,-0.000018,0.143599,1,0
0.600,2000.0,0.150,76,659.2551,-0.000043,0.152161,1,0
0.600,2000.0,0.150,81,880.0000,-0.000314,0.165804,1,0
0.600,2000.0,0.150,88,1318.5102,-0.008358,0.216348,1,0
0.600,2000.0,0.150,93,1760.0000,-3.848763,0.257410,1,0
0.600,2000.0,0.150,96,2093.0045,12.768687,-0.121988,1,0
0.600,2000.0,0.500,21,27.5000,-0.000536,0.457712,1,0
0.600,2000.0,0.500,33,55.0000,0.000016,0.457712,1,0
0.600,2000.0,0.500,40,82.4069,0.000199,0.457711,1,0
0.600,2000.0,0.500,45,110.0000,-0.000012,0.457709,1,0
0.600,2000.0,0.500,52,164.8138,0.000082,0.457694,1,0
0.600,2000.0,0.500,57,220.0000,-0.000058,0.457650,1,0
0.600,2000.0,0.500,64,329.6276,-0.000252,0.457381,1,0
0.600,2000.0,0.500,69,440.0000,-0.000854,0.456620,1,0
0.600,2000.0,0.500,76,659.2551,-0.004926,0.451822,1,0
0.600,2000.0,0.500,81,880.0000,-0.019000,0.437601,1,0
0.600,2000.0,0.500,88,1318.5102,7.097927,0.343762,1,0
0.600,2000.0,0.500,93,1760.0000,1.802487,0.125673,1,0
0.600,2000.0,0.500,96,2093.0045,-1.588629,-0.039656,1,0
0.600,2000.0,1.000,21,27.5000,-0.000536,0.914906,1,0
0.600,2000.0,1.000,33,55.0000,0.000012,0.913355,1,0
0.600,2000.0,1.000,40,82.4069,0.000185,0.910788,1,0
0.600,2000.0,1.000,45,110.0000,-0.000055,0.907182,1,0
0.600,2000.0,1.000,52,164.8138,-0.000127,0.897037,1,0
0.600,2000.0,1.000,57,220.0000,-0.000696,0.882947,1,0
0.600,2000.0,1.000,64,329.6276,-0.003137,0.844285,1,0
0.600,2000.0,1.000,69,440.0000,-0.008891,0.792893,1,0
0.600,2000.0,1.000,76,659.2551,-0.029497,0.664528,1,0
0.600,2000.0,1.000,81,880.0000,6.670387,0.519066,1,0
0.600,2000.0,1.000,88,1318.5102,5.452094,0.252341,1,0
0.600,2000.0,1.000,93,1760.0000,0.550525,0.065905,1,0
0.600,2000.0,1.000,96,2093.0045,-1.726678,-0.019952,1,0
0.600,2000.0,4.000,21,27.5000,-0.000581,3.618694,1,0
0.600,2000.0,4.000,33,55.0000,-0.000629,3.495466,1,0
0.600,2000.0,4.000,40,82.4069,-0.002567,3.308203,1,0
0.600,2000.0,4.000,45,110.0000,-0.007072,3.075420,1,0
0.600,2000.0,4.000,52,164.8138,-0.020861,2.561474,1,0
0.600,2000.0,4.000,57,220.0000,-0.035437,2.069488,1,0
0.600,2000.0,4.000,64,329.6276,-0.053284,1.329655,1,0
0.600,2000.0,4.000,69,440.0000,-0.044519,0.872816,1,0
0.600,2000.0,4.000,76,659.2551,4.211618,0.422657,1,0
0.600,2000.0,4.000,81,880.0000,9.576934,0.227283,1,0
0.600,2000.0,4.000,88,1318.5102,8.475394,0.073900,1,0
0.600,2000.0,4.000,93,1760.0000,4.459435,0.016732,1,0
0.600,2000.0,4.000,96,2093.0045,-0.131057,-0.004998,1,0
1.000,20.0,0.050,21,27.5000,0.000902,-8.377775,1,0
1.000,20.0,0.050,33,55.0000,0.000011,-1.162061,1,0
1.000,20.0,0.050,40,82.4069,0.000200,-0.477826,1,0
1.000,20.0,0.050,45,110.0000,-0.000009,-0.261084,1,0
1.000,20.0,0.050,52,164.8138,0.000098,-0.114158,1,0
1.000,20.0,0.050,57,220.0000,-0.000009,-0.063656,1,0
1.000,20.0,0.050,64,329.6276,-0.000002,-0.028226,1,0
1.000,20.0,0.050,69,440.0000,-0.000009,-0.015815,1,0
1.000,20.0,0.050,76,659.2551,0.000013,-0.007036,1,0
1.000,20.0,0.050,81,880.0000,-0.000009,-0.003947,1,0
1.000,20.0,0.050,88,1318.5102,0.000046,-0.001757,1,0
1.000,20.0,0.050,93,1760.0000,-0.000007,-0.000986,1,0
1.000,20.0,0.050,96,2093.0045,0.000102,-0.000697,1,0
1.000,20.0,0.150,21,27.5000,0.069427,-21.186827,1,0
1.000,20.0,0.150,33,55.0000,0.000285,-3.437934,1,0
1.000,20.0,0.150,40,82.4069,0.000236,-1.425890,1,0
1.000,20.0,0.150,45,110.0000,-0.000000,-0.781041,1,0
1.000,20.0,0.150,52,164.8138,0.000099,-0.342059,1,0
1.000,20.0,0.150,57,220.0000,-0.000009,-0.190838,1,0
1.000,20.0,0.150,64,329.6276,-0.000002,-0.084652,1,0
1.000,20.0,0.150,69,440.0000,-0.000009,-0.047438,1,0
1.000,20.0,0.150,76,659.2551,0.000013,-0.021107,1,0
1.000,20.0,0.150,81,880.0000,-0.000009,-0.011840,1,0
1.000,20.0,0.150,88,1318.5102,0.000046,-0.005271,1,0
1.000,20.0,0.150,93,1760.0000,-0.000008,-0.002957,1,0
1.000,20.0,0.150,96,2093.0045,0.000102,-0.002090,1,0
1.000,20.0,0.500,21,27.5000,0.425165,-25.378349,1,0
1.000,20.0,0.500,33,55.0000,0.021262,-9.901706,1,0
1.000,20.0,0.500,40,82.4069,0.003731,-4.483098,1,0
1.000,20.0,0.500,45,110.0000,0.001033,-2.522510,1,0
1.000,20.0,0.500,52,164.8138,0.000294,-1.124681,1,0
1.000,20.0,0.500,57,220.0000,0.000052,-0.631300,1,0
1.000,20.0,0.500,64,329.6276,0.000010,-0.281223,1,0
1.000,20.0,0.500,69,440.0000,-0.000005,-0.157828,1,0
1.000,20.0,0.500,76,659.2551,0.000015,-0.070299,1,0
1.000,20.0,0.500,81,880.0000,-0.000009,-0.039449,1,0
1.000,20.0,0.500,88,1318.5102,0.000046,-0.017566,1,0
1.000,20.0,0.500,93,1760.0000,-0.000007,-0.009854,1,0
1.000,20.0,0.500,96,2093.0045,0.000103,-0.006965,1,0
1.000,20.0,1.000,21,27.5000,0.224594,-16.317806,1,0
1.000,20.0,1.000,33,55.0000,0.113038,-13.679065,1,0
1.000,20.0,1.000,40,82.4069,0.033676,-7.553258,1,0
1.000,20.0,1.000,45,110.0000,0.012301,-4.576075,1,0
1.000,20.0,1.000,52,164.8138,0.002827,-2.152804,1,0
1.000,20.0,1.000,57,220.0000,0.000896,-1.231787,1,0
1.000,20.0,1.000,64,329.6276,0.000186,-0.556275,1,0
1.000,20.0,1.000,69,440.0000,0.000051,-0.313706,1,0
1.000,20.0,1.000,76,659.2551,0.000026,-0.140209,1,0
1.000,20.0,1.000,81,880.0000,-0.000005,-0.078776,1,0
1.000,20.0,1.000,88,1318.5102,0.000047,-0.035109,1,0
1.000,20.0,1.000,93,1760.0000,-0.000007,-0.019701,1,0
1.000,20.0,1.000,96,2093.0045,0.000102,-0.013926,1,0
1.000,20.0,4.000,21,27.5000,0.017314,-4.480164,1,0
1.000,20.0,4.000,33,55.0000,0.054561,-7.625088,1,0
1.000,20.0,4.000,40,82.4069,0.178607,-7.288150,1,0
1.000,20.0,4.000,45,110.0000,0.006483,-6.410262,1,0
1.000,20.0,4.000,52,164.8138,0.109058,-4.636529,1,0
1.000,20.0,4.000,57,220.0000,0.060515,-3.312262,1,0
1.000,20.0,4.000,64,329.6276,0.025617,-1.824927,1,0
1.000,20.0,4.000,69,440.0000,0.010325,-1.116897,1,0
1.000,20.0,4.000,76,659.2551,0.002587,-0.531530,1,0
1.000,20.0,4.000,81,880.0000,0.000872,-0.305639,1,0
1.000,20.0,4.000,88,1318.5102,0.000218,-0.138524,1,0
1.000,20.0,4.000,93,1760.0000,0.000055,-0.078197,1,0
1.000,20.0,4.000,96,2093.0045,0.000128,-0.055399,1,0
1.000,110.0,0.050,21,27.5000,-0.000527,1.480527,1,0
1.000,110.0,0.050,33,55.0000,-0.000011,1.843774,1,0
1.000,110.0,0.050,40,82.4069,-0.002209,3.075894,1,0
1.000,110.0,0.050,45,110.0000,75.564195,-0.000000,1,0
1.000,110.0,0.050,52,164.8138,0.000552,-1.099764,1,0
1.000,110.0,0.050,57,220.0000,0.000020,-0.460936,1,0
1.000,110.0,0.050,64,329.6276,0.000000,-0.173813,1,0
1.000,110.0,0.050,69,440.0000,-0.000009,-0.092527,1,0
1.000,110.0,0.050,76,659.2551,0.000014,-0.039760,1,0
1.000,110.0,0.050,81,880.0000,-0.000009,-0.022038,1,0
1.000,110.0,0.050,88,1318.5102,0.000046,-0.009729,1,0
1.000,110.0,0.050,93,1760.0000,-0.000007,-0.005441,1,0
1.000,110.0,0.050,96,2093.0045,0.000102,-0.003841,1,0
1.000,110.0,0.150,21,27.5000,-0.000574,4.416455,1,0
1.000,110.0,0.150,33,55.0000,-0.002050,5.342093,1,0
1.000,110.0,0.150,40,82.4069,-0.105071,7.522866,1,0
1.000,110.0,0.150,45,110.0000,12.028943,0.000000,1,0
1.000,110.0,0.150,52,164.8138,0.026035,-2.960953,1,0
1.000,110.0,0.150,57,220.0000,0.002041,-1.335503,1,0
1.000,110.0,0.150,64,329.6276,0.000170,-0.515625,1,0
1.000,110.0,0.150,69,440.0000,0.000031,-0.276010,1,0
1.000,110.0,0.150,76,659.2551,0.000020,-0.118998,1,0
1.000,110.0,0.150,81,880.0000,-0.000007,-0.066028,1,0
1.000,110.0,0.150,88,1318.5102,0.000047,-0.029169,1,0
1.000,110.0,0.150,93,1760.0000,-0.000007,-0.016317,1,0
1.000,110.0,0.150,96,2093.0045,0.000103,-0.011521,1,0
1.000,110.0,0.500,21,27.5000,-0.004641,13.831635,1,0
1.000,110.0,0.500,33,55.0000,-0.096380,12.822164,1,0
1.000,110.0,0.500,40,82.4069,-0.452229,8.095472,1,0
1.000,110.0,0.500,45,110.0000,-0.655491,0.000000,1,0
1.000,110.0,0.500,52,164.8138,0.522306,-4.559851,1,0
1.000,110.0,0.500,57,220.0000,0.089698,-3.205521,1,0
1.000,110.0,0.500,64,329.6276,0.014331,-1.525391,1,0
1.000,110.0,0.500,69,440.0000,0.004025,-0.864426,1,0
1.000,110.0,0.500,76,659.2551,0.000760,-0.386328,1,0
1.000,110.0,0.500,81,880.0000,0.000219,-0.216914,1,0
1.000,110.0,0.500,88,1318.5102,0.000087,-0.096611,1,0
1.000,110.0,0.500,93,1760.0000,0.000008,-0.054197,1,0
1.000,110.0,0.500,96,2093.0045,0.000109,-0.038306,1,0
1.000,110.0,1.000,21,27.5000,-0.038674,23.069160,1,0
1.000,110.0,1.000,33,55.0000,-0.220457,13.345404,1,0
1.000,110.0,1.000,40,82.4069,-0.263643,5.011042,1,0
1.000,110.0,1.000,45,110.0000,-0.678105,-0.000000,1,0
1.000,110.0,1.000,52,164.8138,0.468624,-3.290117,1,0
1.000,110.0,1.000,57,220.0000,-0.702086,-3.336366,1,0
1.000,110.0,1.000,64,329.6276,0.170061,-2.226039,1,0
1.000,110.0,1.000,69,440.0000,0.041383,-1.441767,1,0
1.000,110.0,1.000,76,659.2551,0.009276,-0.711568,1,0
1.000,110.0,1.000,81,880.0000,0.002985,-0.414113,1,0
1.000,110.0,1.000,88,1318.5102,0.000671,-0.189245,1,0
1.000,110.0,1.000,93,1760.0000,0.000208,-0.107135,1,0
1.000,110.0,1.000,96,2093.0045,0.000199,-0.075981,1,0
1.000,110.0,4.000,21,27.5000,-0.122137,21.385296,1,0
1.000,110.0,4.000,33,55.0000,-0.056749,5.043461,1,0
1.000,110.0,4.000,40,82.4069,0.009661,1.353499,1,0
1.000,110.0,4.000,45,110.0000,0.060858,0.000000,1,0
1.000,110.0,4.000,52,164.8138,0.121532,-0.954897,1,0
1.000,110.0,4.000,57,220.0000,-0.259396,-1.260884,1,0
1.000,110.0,4.000,64,329.6276,8.785386,-1.391750,1,0
1.000,110.0,4.000,69,440.0000,-26.525883,-1.336640,1,0
1.000,110.0,4.000,76,659.2551,3.597499,-1.103924,1,0
1.000,110.0,4.000,81,880.0000,-5.667560,-0.868392,1,0
1.000,110.0,4.000,88,1318.5102,-4.655007,-0.536394,1,0
1.000,110.0,4.000,93,1760.0000,-7.541710,-0.347819,1,0
1.000,110.0,4.000,96,2093.0045,-9.189626,-0.261024,1,0
1.000,180.0,0.050,21,27.5000,-0.000536,0.868889,1,0
1.000,180.0,0.050,33,55.0000,0.000010,0.935163,1,0
1.000,180.0,0.050,40,82.4069,0.000183,1.070305,1,0
1.000,180.0,0.050,45,110.0000,-0.000180,1.341979,1,0
1.000,180.0,0.050,52,164.8138,-0.411286,3.975847,1,0
1.000,180.0,0.050,57,220.0000,0.013269,-1.619558,1,0
1.000,180.0,0.050,64,329.6276,0.000057,-0.358471,1,0
1.000,180.0,0.050,69,440.0000,-0.000002,-0.170183,1,0
1.000,180.0,0.050,76,659.2551,0.000014,-0.068305,1,0
1.000,180.0,0.050,81,880.0000,-0.000009,-0.037037,1,0
1.000,180.0,0.050,88,1318.5102,0.000046,-0.016107,1,0
1.000,180.0,0.050,93,1760.0000,-0.000007,-0.008961,1,0
1.000,180.0,0.050,96,2093.0045,0.000103,-0.006314,1,0
1.000,180.0,0.150,21,27.5000,-0.000539,2.601572,1,0
1.000,180.0,0.150,33,55.0000,-0.000093,2.780234,1,0
1.000,180.0,0.150,40,82.4069,-0.000924,3.127206,1,0
1.000,180.0,0.150,45,110.0000,-0.010940,3.743566,1,0
1.000,180.0,0.150,52,164.8138,-14.514969,4.056749,1,0
1.000,180.0,0.150,57,220.0000,0.407164,-3.324437,1,0
1.000,180.0,0.150,64,329.6276,0.004049,-1.025993,1,0
1.000,180.0,0.150,69,440.0000,0.000533,-0.500894,1,0
1.000,180.0,0.150,76,659.2551,0.000076,-0.203499,1,0
1.000,180.0,0.150,81,880.0000,0.000007,-0.110708,1,0
1.000,180.0,0.150,88,1318.5102,0.000049,-0.048246,1,0
1.000,180.0,0.150,93,1760.0000,-0.000007,-0.026861,1,0
1.000,180.0,0.150,96,2093.0045,0.000103,-0.018932,1,0
1.000,180.0,0.500,21,27.5000,-0.001055,8.483283,1,0
1.000,180.0,0.500,33,55.0000,-0.009863,8.406922,1,0
1.000,180.0,0.500,40,82.4069,-0.063630,8.041282,1,0
1.000,180.0,0.500,45,110.0000,-0.237985,6.945459,1,0
1.000,180.0,0.500,52,164.8138,2.146307,1.590604,1,0
1.000,180.0,0.500,57,220.0000,6.114824,-2.416512,1,0
1.000,180.0,0.500,64,329.6276,0.289734,-2.246840,1,0
1.000,180.0,0.500,69,440.0000,0.037871,-1.374211,1,0
1.000,180.0,0.500,76,659.2551,0.005900,-0.628892,1,0
1.000,180.0,0.500,81,880.0000,0.001714,-0.354388,1,0
1.000,180.0,0.500,88,1318.5102,0.000350,-0.158042,1,0
1.000,180.0,0.500,93,1760.0000,0.000097,-0.088677,1,0
1.000,180.0,0.500,96,2093.0045,0.000145,-0.062679,1,0
1.000,180.0,1.000,21,27.5000,-0.007205,15.831644,1,0
1.000,180.0,1.000,33,55.0000,-0.071658,12.875916,1,0
1.000,180.0,1.000,40,82.4069,-0.192526,9.176700,1,0
1.000,180.0,1.000,45,110.0000,-0.279435,5.646707,1,0
1.000,180.0,1.000,52,164.8138,0.773202,0.813848,1,0
1.000,180.0,1.000,57,220.0000,21.172261,-1.351115,1,0
1.000,180.0,1.000,64,329.6276,-4.390048,-2.110394,1,0
1.000,180.0,1.000,69,440.0000,3.084775,-1.736652,1,0
1.000,180.0,1.000,76,659.2551,-0.029669,-1.014277,1,0
1.000,180.0,1.000,81,880.0000,-0.009504,-0.626842,1,0
1.000,180.0,1.000,88,1318.5102,0.001480,-0.299064,1,0
1.000,180.0,1.000,93,1760.0000,0.001268,-0.171912,1,0
1.000,180.0,1.000,96,2093.0045,0.000804,-0.122624,1,0
1.000,180.0,4.000,21,27.5000,-0.136533,27.115314,1,0
1.000,180.0,4.000,33,55.0000,-0.104939,9.074247,1,0
1.000,180.0,4.000,40,82.4069,-0.044955,3.831854,1,0
1.000,180.0,4.000,45,110.0000,0.004573,1.755568,1,0
1.000,180.0,4.000,52,164.8138,-0.027804,0.204956,1,0
1.000,180.0,4.000,57,220.0000,0.066102,-0.350744,1,0
1.000,180.0,4.000,64,329.6276,-14.592002,-0.727654,1,0
1.000,180.0,4.000,69,440.0000,6.467669,-0.831607,1,0
1.000,180.0,4.000,76,659.2551,-1.534367,-0.833998,1,0
1.000,180.0,4.000,81,880.0000,-9.010543,-0.758107,1,0
1.000,180.0,4.000,88,1318.5102,-4.880723,-0.576461,1,0
1.000,180.0,4.000,93,1760.0000,-8.353425,-0.426327,1,0
1.000,180.0,4.000,96,2093.0045,-10.634784,-0.341619,1,0
1.000,330.0,0.050,21,27.5000,-0.000535,0.466183,1,0
1.000,330.0,0.050,33,55.0000,0.000015,0.476066,1,0
1.000,330.0,0.050,40,82.4069,0.000200,0.493418,1,0
1.000,330.0,0.050,45,110.0000,-0.000011,0.520116,1,0
1.000,330.0,0.050,52,164.8138,0.000069,0.614113,1,0
1.000,330.0,0.050,57,220.0000,-0.000462,0.821509,1,0
1.000,330.0,0.050,64,329.6276,74.225154,0.104901,1,0
1.000,330.0,0.050,69,440.0000,0.002415,-0.578215,1,0
1.000,330.0,0.050,76,659.2551,0.000043,-0.154080,1,0
1.000,330.0,0.050,81,880.0000,-0.000005,-0.075595,1,0
1.000,330.0,0.050,88,1318.5102,0.000047,-0.030898,1,0
1.000,330.0,0.050,93,1760.0000,-0.000008,-0.016845,1,0
1.000,330.0,0.050,96,2093.0045,0.000101,-0.011781,1,0
1.000,330.0,0.150,21,27.5000,-0.000536,1.397761,1,0
1.000,330.0,0.150,33,55.0000,0.000006,1.424846,1,0
1.000,330.0,0.150,40,82.4069,0.000159,1.471901,1,0
1.000,330.0,0.150,45,110.0000,-0.000180,1.543002,1,0
1.000,330.0,0.150,52,164.8138,-0.001966,1.779546,1,0
1.000,330.0,0.150,57,220.0000,-0.026239,2.213121,1,0
1.000,330.0,0.150,64,329.6276,78.731932,0.034983,1,0
1.000,330.0,0.150,69,440.0000,0.106723,-1.412174,1,0
1.000,330.0,0.150,76,659.2551,0.002103,-0.446375,1,0
1.000,330.0,0.150,81,880.0000,0.000318,-0.223389,1,0
1.000,330.0,0.150,88,1318.5102,0.000084,-0.092170,1,0
1.000,330.0,0.150,93,1760.0000,0.000004,-0.050382,1,0
1.000,330.0,0.150,96,2093.0045,0.000106,-0.035270,1,0
1.000,330.0,0.500,21,27.5000,-0.000581,4.629532,1,0
1.000,330.0,0.500,33,55.0000,-0.000722,4.626019,1,0
1.000,330.0,0.500,40,82.4069,-0.003890,4.610487,1,0
1.000,330.0,0.500,45,110.0000,-0.014638,4.566152,1,0
1.000,330.0,0.500,52,164.8138,-0.095922,4.275707,1,0
1.000,330.0,0.500,57,220.0000,-0.344840,3.417865,1,0
1.000,330.0,0.500,64,329.6276,80.246898,0.010495,1,0
1.000,330.0,0.500,69,440.0000,7.481413,-1.513281,1,0
1.000,330.0,0.500,76,659.2551,3.917246,-1.070418,1,0
1.000,330.0,0.500,81,880.0000,0.104318,-0.636276,1,0
1.000,330.0,0.500,88,1318.5102,0.000893,-0.288641,1,0
1.000,330.0,0.500,93,1760.0000,0.001225,-0.162387,1,0
1.000,330.0,0.500,96,2093.0045,0.000651,-0.114847,1,0
1.000,330.0,1.000,21,27.5000,-0.001191,9.068701,1,0
1.000,330.0,1.000,33,55.0000,-0.009177,8.521946,1,0
1.000,330.0,1.000,40,82.4069,-0.037947,7.692759,1,0
1.000,330.0,1.000,45,110.0000,-0.092281,6.667943,1,0
1.000,330.0,1.000,52,164.8138,-0.218257,4.455873,1,0
1.000,330.0,1.000,57,220.0000,-0.305826,2.469980,1,0
1.000,330.0,1.000,64,329.6276,-7.134124,0.005248,1,0
1.000,330.0,1.000,69,440.0000,-2.309925,-0.935415,1,0
1.000,330.0,1.000,76,659.2551,6.223441,-1.112847,1,0
1.000,330.0,1.000,81,880.0000,-0.504167,-0.860324,1,0
1.000,330.0,1.000,88,1318.5102,-1.298074,-0.481318,1,0
1.000,330.0,1.000,93,1760.0000,-0.017860,-0.292864,1,0
1.000,330.0,1.000,96,2093.0045,-0.076149,-0.213426,1,0
1.000,330.0,4.000,21,27.5000,-0.060252,25.712385,1,0
1.000,330.0,4.000,33,55.0000,-0.140439,13.236470,1,0
1.000,330.0,4.000,40,82.4069,-0.125392,7.142481,1,0
1.000,330.0,4.000,45,110.0000,-0.097033,4.175249,1,0
1.000,330.0,4.000,52,164.8138,-0.085866,1.686073,1,0
1.000,330.0,4.000,57,220.0000,0.048213,0.717454,1,0
1.000,330.0,4.000,64,329.6276,-9.041847,0.001312,1,0
1.000,330.0,4.000,69,440.0000,-12.681806,-0.252512,1,0
1.000,330.0,4.000,76,659.2551,-6.298623,-0.420099,1,0
1.000,330.0,4.000,81,880.0000,-6.274063,-0.460721,1,0
1.000,330.0,4.000,88,1318.5102,-6.098952,-0.445852,1,0
1.000,330.0,4.000,93,1760.0000,-8.507623,-0.395592,1,0
1.000,330.0,4.000,96,2093.0045,-15.424479,-0.353655,1,0
1.000,660.0,0.050,21,27.5000,-0.000536,0.231861,1,0
1.000,660.0,0.050,33,55.0000,0.000017,0.233064,1,0
1.000,660.0,0.050,40,82.4069,0.000200,0.235089,1,0
1.000,660.0,0.050,45,110.0000,-0.000010,0.238004,1,0
1.000,660.0,0.050,52,164.8138,0.000097,0.246678,1,0
1.000,660.0,0.050,57,220.0000,-0.000012,0.260025,1,0
1.000,660.0,0.050,64,329.6276,-0.000031,0.307012,1,0
1.000,660.0,0.050,69,440.0000,-0.000461,0.410687,1,0
1.000,660.0,0.050,76,659.2551,-11.857784,0.052463,1,0
1.000,660.0,0.050,81,880.0000,0.002429,-0.289019,1,0
1.000,660.0,0.050,88,1318.5102,0.000074,-0.076996,1,0
1.000,660.0,0.050,93,1760.0000,-0.000003,-0.037762,1,0
1.000,660.0,0.050,96,2093.0045,0.000103,-0.025486,1,0
1.000,660.0,0.150,21,27.5000,-0.000536,0.695485,1,0
1.000,660.0,0.150,33,55.0000,0.000016,0.698798,1,0
1.000,660.0,0.150,40,82.4069,0.000198,0.704361,1,0
1.000,660.0,0.150,45,110.0000,-0.000016,0.712338,1,0
1.000,660.0,0.150,52,164.8138,0.000057,0.735860,1,0
1.000,660.0,0.150,57,220.0000,-0.000179,0.771404,1,0
1.000,660.0,0.150,64,329.6276,-0.002045,0.889653,1,0
1.000,660.0,0.150,69,440.0000,-0.026231,1.106417,1,0
1.000,660.0,0.150,76,659.2551,67.603877,0.017496,1,0
1.000,660.0,0.150,81,880.0000,-0.642485,-0.705954,1,0
1.000,660.0,0.150,88,1318.5102,0.001982,-0.223068,1,0
1.000,660.0,0.150,93,1760.0000,0.000325,-0.111592,1,0
1.000,660.0,0.150,96,2093.0045,0.000220,-0.075718,1,0
1.000,660.0,0.500,21,27.5000,-0.000539,2.314611,1,0
1.000,660.0,0.500,33,55.0000,-0.000030,2.314498,1,0
1.000,660.0,0.500,40,82.4069,-0.000026,2.314027,1,0
1.000,660.0,0.500,45,110.0000,-0.000746,2.312748,1,0
1.000,660.0,0.500,52,164.8138,-0.003992,2.304996,1,0
1.000,660.0,0.500,57,220.0000,-0.014606,2.282853,1,0
1.000,660.0,0.500,64,329.6276,-0.097380,2.137733,1,0
1.000,660.0,0.500,69,440.0000,0.825418,1.708984,1,0
1.000,660.0,0.500,76,659.2551,-12.060156,0.005249,1,0
1.000,660.0,0.500,81,880.0000,-2.049888,-0.756761,1,0
1.000,660.0,0.500,88,1318.5102,0.278977,-0.535089,1,0
1.000,660.0,0.500,93,1760.0000,2.997491,-0.317933,1,0
1.000,660.0,0.500,96,2093.0045,-8.336464,-0.227377,1,0
1.000,660.0,1.000,21,27.5000,-0.000579,4.605184,1,0
1.000,660.0,1.000,33,55.0000,-0.000637,4.533847,1,0
1.000,660.0,1.000,40,82.4069,-0.002925,4.418146,1,0
1.000,660.0,1.000,45,110.0000,-0.009209,4.260570,1,0
1.000,660.0,1.000,52,164.8138,-0.038023,3.846113,1,0
1.000,660.0,1.000,57,220.0000,-0.091455,3.333850,1,0
1.000,660.0,1.000,64,329.6276,-0.273654,2.228026,1,0
1.000,660.0,1.000,69,440.0000,-3.010137,1.235136,1,0
1.000,660.0,1.000,76,659.2551,-0.875094,0.002624,1,0
1.000,660.0,1.000,81,880.0000,6.402241,-0.467835,1,0
1.000,660.0,1.000,88,1318.5102,-14.762053,-0.556514,1,0
1.000,660.0,1.000,93,1760.0000,-1.488992,-0.430106,1,0
1.000,660.0,1.000,96,2093.0045,-12.535622,-0.342831,1,0
1.000,660.0,4.000,21,27.5000,-0.008517,16.688128,1,0
1.000,660.0,4.000,33,55.0000,-0.059809,12.855620,1,0
1.000,660.0,4.000,40,82.4069,-0.117003,9.273450,1,0
1.000,660.0,4.000,45,110.0000,-0.146437,6.618476,1,0
1.000,660.0,4.000,52,164.8138,-0.108437,3.571523,1,0
1.000,660.0,4.000,57,220.0000,-0.073526,2.087841,1,0
1.000,660.0,4.000,64,329.6276,6.591094,0.843151,1,0
1.000,660.0,4.000,69,440.0000,6.014594,0.358786,1,0
1.000,660.0,4.000,76,659.2551,0.700382,0.000656,1,0
1.000,660.0,4.000,81,880.0000,-3.401143,-0.126297,1,0
1.000,660.0,4.000,88,1318.5102,-15.332463,-0.210164,1,0
1.000,660.0,4.000,93,1760.0000,-5.114741,-0.230545,1,0
1.000,660.0,4.000,96,2093.0045,-9.437918,-0.231886,1,0
1.000,2000.0,0.050,21,27.5000,-0.000535,0.076300,1,0
1.000,2000.0,0.050,33,55.0000,0.000017,0.076342,1,0
1.000,2000.0,0.050,40,82.4069,0.000200,0.076414,1,0
1.000,2000.0,0.050,45,110.0000,-0.000010,0.076514,1,0
1.000,2000.0,0.050,52,164.8138,0.000098,0.076801,1,0
1.000,2000.0,0.050,57,220.0000,-0.000009,0.077209,1,0
1.000,2000.0,0.050,64,329.6276,-0.000002,0.078390,1,0
1.000,2000.0,0.050,69,440.0000,-0.000010,0.080117,1,0
1.000,2000.0,0.050,76,659.2551,0.000011,0.085455,1,0
1.000,2000.0,0.050,81,880.0000,-0.000020,0.094294,1,0
1.000,2000.0,0.050,88,1318.5102,-0.000355,0.133040,1,0
1.000,2000.0,0.050,93,1760.0000,-0.312913,0.293344,1,0
1.000,2000.0,0.050,96,2093.0045,5.550562,-0.363655,1,0
1.000,2000.0,0.150,21,27.5000,-0.000536,0.228895,1,0
1.000,2000.0,0.150,33,55.0000,0.000017,0.229013,1,0
1.000,2000.0,0.150,40,82.4069,0.000200,0.229209,1,0
1.000,2000.0,0.150,45,110.0000,-0.000010,0.229486,1,0
1.000,2000.0,0.150,52,164.8138,0.000097,0.230276,1,0
1.000,2000.0,0.150,57,220.0000,-0.000011,0.231397,1,0
1.000,2000.0,0.150,64,329.6276,-0.000009,0.234632,1,0
1.000,2000.0,0.150,69,440.0000,-0.000032,0.239330,1,0
1.000,2000.0,0.150,76,659.2551,-0.000142,0.253599,1,0
1.000,2000.0,0.150,81,880.0000,-0.000856,0.276336,1,0
1.000,2000.0,0.150,88,1318.5102,-0.051231,0.360568,1,0
1.000,2000.0,0.150,93,1760.0000,10.909353,0.429189,1,0
1.000,2000.0,0.150,96,2093.0045,-7.697029,-0.203579,1,0
1.000,2000.0,0.500,21,27.5000,-0.000536,0.762853,1,0
1.000,2000.0,0.500,33,55.0000,0.000015,0.762852,1,0
1.000,2000.0,0.500,40,82.4069,0.000197,0.762851,1,0
1.000,2000.0,0.500,45,110.0000,-0.000018,0.762847,1,0
1.000,2000.0,0.500,52,164.8138,0.000056,0.762821,1,0
1.000,2000.0,0.500,57,220.0000,-0.000143,0.762746,1,0
1.000,2000.0,0.500,64,329.6276,-0.000694,0.762292,1,0
1.000,2000.0,0.500,69,440.0000,-0.002354,0.761017,1,0
1.000,2000.0,0.500,76,659.2551,-0.013713,0.753012,1,0
1.000,2000.0,0.500,81,880.0000,0.312876,0.729327,1,0
1.000,2000.0,0.500,88,1318.5102,13.820022,0.573165,1,0
1.000,2000.0,0.500,93,1760.0000,7.202755,0.209745,1,0
1.000,2000.0,0.500,96,2093.0045,18.532619,-0.066197,1,0
1.000,2000.0,1.000,21,27.5000,-0.000536,1.524842,1,0
1.000,2000.0,1.000,33,55.0000,0.000006,1.522256,1,0
1.000,2000.0,1.000,40,82.4069,0.000159,1.517974,1,0
1.000,2000.0,1.000,45,110.0000,-0.000136,1.511960,1,0
1.000,2000.0,1.000,52,164.8138,-0.000526,1.495042,1,0
1.000,2000.0,1.000,57,220.0000,-0.001914,1.471549,1,0
1.000,2000.0,1.000,64,329.6276,-0.008744,1.407096,1,0
1.000,2000.0,1.000,69,440.0000,-0.024876,1.321451,1,0
1.000,2000.0,1.000,76,659.2551,-0.065271,1.107633,1,0
1.000,2000.0,1.000,81,880.0000,14.954554,0.865402,1,0
1.000,2000.0,1.000,88,1318.5102,9.488219,0.421019,1,0
1.000,2000.0,1.000,93,1760.0000,2.426406,0.110012,1,0
1.000,2000.0,1.000,96,2093.0045,-1.500501,-0.033306,1,0
1.000,2000.0,4.000,21,27.5000,-0.000661,6.031120,1,0
1.000,2000.0,4.000,33,55.0000,-0.001770,5.825659,1,0
1.000,2000.0,4.000,40,82.4069,-0.007483,5.513495,1,0
1.000,2000.0,4.000,45,110.0000,-0.019645,5.125544,1,0
1.000,2000.0,4.000,52,164.8138,-0.058145,4.269277,1,0
1.000,2000.0,4.000,57,220.0000,-0.098153,3.449769,1,0
1.000,2000.0,4.000,64,329.6276,-0.153551,2.217305,1,0
1.000,2000.0,4.000,69,440.0000,11.224878,1.455950,1,0
1.000,2000.0,4.000,76,659.2551,7.561593,0.705301,1,0
1.000,2000.0,4.000,81,880.0000,5.917053,0.379343,1,0
1.000,2000.0,4.000,88,1318.5102,2.527578,0.123359,1,0
1.000,2000.0,4.000,93,1760.0000,1.104967,0.027931,1,0
1.000,2000.0,4.000,96,2093.0045,-0.199221,-0.008343,1,0
